{
    "commit": "0969c766476b18b07c362e3c50870ef1f7a6657f",
    "author": "Auto-generated",
    "timestamp": "2025-08-15T05:55:48Z",
    "message": "MIR(RV): Fix legalization of shift.",
    "results": {
        "h-1-02": 0.10090096,
        "transpose2": 14.2717519,
        "h-1-03": 7.87000026,
        "h-1-01": 1.31225116,
        "transpose0": 0.51629946,
        "transpose1": 0.91155148,
        "gameoflife-gosper": 0.00475078,
        "03_sort2": 5.02233958,
        "crypto-1": 13.47778568,
        "if-combine3": 0.61380556,
        "h-2-01": 4.68845748,
        "gameoflife-p61glidergun": 5.69889638,
        "matmul3": 3.8705064,
        "matmul2": 6.66513604,
        "03_sort3": 5.01208188,
        "if-combine2": 0.368412,
        "crypto-2": 9.4256236,
        "03_sort1": 5.0139929,
        "h-2-02": 4.83106146,
        "matmul1": 1.98114156,
        "h-2-03": 6.99054592,
        "if-combine1": 0.00152038,
        "crypto-3": 5.40061422,
        "h-5-02": 0.0003415,
        "h-4-01": 1.18994346,
        "sl2": 9.4073827,
        "h-8-01": 0.00058632,
        "h-11-02": 0.05635584,
        "h-9-02": 0.63606864,
        "h-10-01": 0.07317846,
        "h-9-03": 0.06082528,
        "h-11-03": 0.3985962,
        "sl3": 0.5317449,
        "h-5-03": 0.00035468,
        "h-4-02": 0.00191184,
        "sl1": 4.45169166,
        "h-5-01": 0.0007368,
        "h-10-02": 0.16559572,
        "h-9-01": 7.3209331,
        "h-11-01": 0.0563633,
        "h-8-02": 0.0005794,
        "gameoflife-oscillator": 4.67431814,
        "h-8-03": 0.00057722,
        "h-10-03": 0.32703268,
        "h-4-03": 17.11968528,
        "01_mm1": 1.45279284,
        "04_spmv1": 7.6850973,
        "shuffle2": 0.42790632,
        "fft0": 0.24868606,
        "fft1": 2.59159096,
        "h-7-01": 0.37500936,
        "sort_search": 11.31966696,
        "shuffle1": 3.46944064,
        "01_mm2": 5.30898148,
        "04_spmv2": 0.22193734,
        "04_spmv3": 4.80539998,
        "01_mm3": 3.22436182,
        "fft2": 1.1466728,
        "shuffle0": 0.57697268
    }
}