{
    "commit": "480360f7d85a0037e719011a9e05d4d82cba96d2",
    "author": "Auto-generated",
    "timestamp": "2025-08-09T10:25:46Z",
    "message": "IR: Revert Inline threshold.",
    "results": {
        "h-1-02": 0.10134582,
        "transpose2": 14.24448146,
        "h-1-03": 7.8980047,
        "h-1-01": 1.31535652,
        "transpose0": 0.51515814,
        "transpose1": 0.90386532,
        "gameoflife-gosper": 0.00470868,
        "03_sort2": 8.64118634,
        "crypto-1": 14.77609288,
        "if-combine3": 0.61380478,
        "h-2-01": 6.51250978,
        "gameoflife-p61glidergun": 6.1876735,
        "matmul3": 3.8754722,
        "matmul2": 6.67396052,
        "03_sort3": 8.57229766,
        "if-combine2": 0.368412,
        "crypto-2": 10.33633464,
        "03_sort1": 8.57212166,
        "h-2-02": 6.53548968,
        "matmul1": 1.97940944,
        "h-2-03": 9.99673916,
        "if-combine1": 0.00152038,
        "crypto-3": 5.9021545,
        "h-5-02": 0.00033962,
        "h-4-01": 1.18994844,
        "sl2": 9.42740514,
        "h-8-01": 0.00058706,
        "h-11-02": 0.0563568,
        "h-9-02": 0.62908188,
        "h-10-01": 0.07336572,
        "h-9-03": 0.06019296,
        "h-11-03": 0.3985949,
        "sl3": 0.53471514,
        "h-5-03": 0.0003517,
        "h-4-02": 0.00192074,
        "sl1": 4.32903052,
        "h-5-01": 0.00073888,
        "h-10-02": 0.16602038,
        "h-9-01": 7.2440064,
        "h-11-01": 0.05635936,
        "h-8-02": 0.00057988,
        "gameoflife-oscillator": 4.55808024,
        "h-8-03": 0.00058548,
        "h-10-03": 0.32611228,
        "h-4-03": 17.071545,
        "01_mm1": 1.45151402,
        "04_spmv1": 7.68499692,
        "shuffle2": 0.42772716,
        "fft0": 0.24867816,
        "fft1": 2.5922496,
        "h-7-01": 0.37500936,
        "sort_search": 11.35405424,
        "shuffle1": 3.46944064,
        "01_mm2": 5.31108632,
        "04_spmv2": 0.22200872,
        "04_spmv3": 4.80526082,
        "01_mm3": 3.22495228,
        "fft2": 1.14690146,
        "shuffle0": 0.57826356
    }
}