{
    "commit": "5f861e92a2dd9d29bff2dde96ed3a851e964cdb2",
    "author": "Auto-generated",
    "timestamp": "2025-08-09T09:46:32Z",
    "message": "Function Specialization",
    "results": {
        "h-1-02": 0.10134582,
        "transpose2": 14.24448146,
        "h-1-03": 7.8980047,
        "h-1-01": 1.31535652,
        "transpose0": 0.5153112,
        "transpose1": 0.90386532,
        "gameoflife-gosper": 0.00547424,
        "03_sort2": 8.6068601,
        "crypto-1": 14.64628426,
        "if-combine3": 0.61380478,
        "h-2-01": 6.51250978,
        "gameoflife-p61glidergun": 6.38407522,
        "matmul3": 3.8310182,
        "matmul2": 6.69148414,
        "03_sort3": 8.57818164,
        "if-combine2": 0.368412,
        "crypto-2": 10.34584822,
        "03_sort1": 8.60741018,
        "h-2-02": 6.53548968,
        "matmul1": 1.98121634,
        "h-2-03": 9.99673916,
        "if-combine1": 0.00152038,
        "crypto-3": 5.88910138,
        "h-5-02": 0.00034156,
        "h-4-01": 1.18994844,
        "sl2": 9.70166068,
        "h-8-01": 0.00058504,
        "h-11-02": 0.05636364,
        "h-9-02": 0.6290755,
        "h-10-01": 0.07336572,
        "h-9-03": 0.06019296,
        "h-11-03": 0.39858376,
        "sl3": 0.53217364,
        "h-5-03": 0.0003562,
        "h-4-02": 0.00192074,
        "sl1": 4.45368966,
        "h-5-01": 0.00073454,
        "h-10-02": 0.16602038,
        "h-9-01": 7.24400774,
        "h-11-01": 0.05636276,
        "h-8-02": 0.00058156,
        "gameoflife-oscillator": 4.74148794,
        "h-8-03": 0.00058178,
        "h-10-03": 0.32611228,
        "h-4-03": 17.071545,
        "01_mm1": 1.45261802,
        "04_spmv1": 7.6841101,
        "shuffle2": 0.42772716,
        "fft0": 0.34357972,
        "fft1": 3.6716081,
        "h-7-01": 0.37500936,
        "sort_search": 11.35405424,
        "shuffle1": 3.46944064,
        "01_mm2": 5.30963936,
        "04_spmv2": 0.22208538,
        "04_spmv3": 4.80529162,
        "01_mm3": 3.22495228,
        "fft2": 1.58078586,
        "shuffle0": 0.57868138
    }
}