{
    "commit": "678de68b50de6e83bba6e257401e002cdbd977a4",
    "author": "Auto-generated",
    "timestamp": "2025-08-18T01:15:45Z",
    "message": "IR: Better parallel with inner loop support.",
    "results": {
        "h-1-02": 0.10090096,
        "transpose2": 14.2717519,
        "h-1-03": 7.87000026,
        "h-1-01": 1.31225116,
        "transpose0": 0.51629946,
        "transpose1": 0.91155148,
        "gameoflife-gosper": 0.00501704,
        "03_sort2": 5.02513682,
        "crypto-1": 13.49892902,
        "if-combine3": 0.61380556,
        "h-2-01": 4.68845748,
        "gameoflife-p61glidergun": 5.63702896,
        "matmul3": 3.8602947,
        "matmul2": 6.69756188,
        "03_sort3": 5.04529992,
        "if-combine2": 0.368412,
        "crypto-2": 9.45062754,
        "03_sort1": 5.04738172,
        "h-2-02": 4.8309535,
        "matmul1": 1.96000808,
        "h-2-03": 6.99054592,
        "if-combine1": 0.00152038,
        "crypto-3": 5.40062146,
        "h-5-02": 0.00034226,
        "h-4-01": 1.18995596,
        "sl2": 9.16779718,
        "h-8-01": 0.00058972,
        "h-11-02": 0.05636564,
        "h-9-02": 0.6360727,
        "h-10-01": 0.07327146,
        "h-9-03": 0.06082332,
        "h-11-03": 0.39859382,
        "sl3": 0.4977789,
        "h-5-03": 0.00035436,
        "h-4-02": 0.00191166,
        "sl1": 4.48290096,
        "h-5-01": 0.0007368,
        "h-10-02": 0.16559572,
        "h-9-01": 7.3209331,
        "h-11-01": 0.05635742,
        "h-8-02": 0.00058088,
        "gameoflife-oscillator": 4.7468655,
        "h-8-03": 0.0005803,
        "h-10-03": 0.3267242,
        "h-4-03": 17.10236382,
        "01_mm1": 1.45299564,
        "04_spmv1": 7.68431276,
        "shuffle2": 0.42802786,
        "fft0": 0.24870414,
        "fft1": 2.59159268,
        "h-7-01": 0.37500936,
        "sort_search": 11.31966696,
        "shuffle1": 3.46944064,
        "01_mm2": 5.30887026,
        "04_spmv2": 0.22206978,
        "04_spmv3": 4.8047637,
        "01_mm3": 3.22374744,
        "fft2": 1.1467058,
        "shuffle0": 0.57697268
    }
}