{
    "commit": "86f83cf76083de9ca005fe7b0b0f211ca3c0f8c9",
    "author": "Auto-generated",
    "timestamp": "2025-08-10T07:10:38Z",
    "message": "Range Analysis + Pre Canon",
    "results": {
        "h-1-02": 0.09720928,
        "transpose2": 14.24448146,
        "h-1-03": 7.63751416,
        "h-1-01": 1.2693307,
        "transpose0": 0.51540644,
        "transpose1": 0.90386532,
        "gameoflife-gosper": 0.0058683,
        "03_sort2": 10.29835648,
        "crypto-1": 13.46357172,
        "if-combine3": 0.61380556,
        "h-2-01": 6.51250978,
        "gameoflife-p61glidergun": 5.39205884,
        "matmul3": 3.8754722,
        "matmul2": 6.58933566,
        "03_sort3": 10.28568924,
        "if-combine2": 0.368412,
        "crypto-2": 9.39637094,
        "03_sort1": 10.28403546,
        "h-2-02": 6.53548968,
        "matmul1": 1.97679984,
        "h-2-03": 9.99673916,
        "if-combine1": 0.00152038,
        "crypto-3": 5.40036152,
        "h-5-02": 0.0003401,
        "h-4-01": 1.18994844,
        "sl2": 9.37843604,
        "h-8-01": 0.0005844,
        "h-11-02": 0.05635726,
        "h-9-02": 0.63606864,
        "h-10-01": 0.07336572,
        "h-9-03": 0.0608214,
        "h-11-03": 0.39858884,
        "sl3": 0.5408463,
        "h-5-03": 0.00035632,
        "h-4-02": 0.00192074,
        "sl1": 4.64733494,
        "h-5-01": 0.00073038,
        "h-10-02": 0.16602038,
        "h-9-01": 7.32093576,
        "h-11-01": 0.05636258,
        "h-8-02": 0.0005803,
        "gameoflife-oscillator": 4.89875892,
        "h-8-03": 0.00057916,
        "h-10-03": 0.32611228,
        "h-4-03": 17.071545,
        "01_mm1": 1.44986048,
        "04_spmv1": 7.6849996,
        "shuffle2": 0.42777514,
        "fft0": 0.24864382,
        "fft1": 2.59169902,
        "h-7-01": 0.37500936,
        "sort_search": 11.31966696,
        "shuffle1": 3.46944064,
        "01_mm2": 5.3114337,
        "04_spmv2": 0.2220439,
        "04_spmv3": 4.8054201,
        "01_mm3": 3.2235134,
        "fft2": 1.14673248,
        "shuffle0": 0.57697268
    }
}