{
    "commit": "97479dbeae7e8b93b336c1c6eb949d12f4495586",
    "author": "Auto-generated",
    "timestamp": "2025-08-12T06:32:31Z",
    "message": "SIR: Dependency Test in AffineAA using OmegaSolver.",
    "results": {
        "h-1-02": 0.10090096,
        "transpose2": 14.27317706,
        "h-1-03": 7.87000026,
        "h-1-01": 1.31225116,
        "transpose0": 0.51629946,
        "transpose1": 0.91171496,
        "gameoflife-gosper": 0.00534916,
        "03_sort2": 8.58603456,
        "crypto-1": 13.45472854,
        "if-combine3": 0.61380556,
        "h-2-01": 6.51240166,
        "gameoflife-p61glidergun": 5.2541035,
        "matmul3": 3.88886934,
        "matmul2": 6.67172446,
        "03_sort3": 8.57245614,
        "if-combine2": 0.368412,
        "crypto-2": 9.44342564,
        "03_sort1": 8.57251224,
        "h-2-02": 6.5144494,
        "matmul1": 1.95961082,
        "h-2-03": 9.9965936,
        "if-combine1": 0.00152038,
        "crypto-3": 5.3962246,
        "h-5-02": 0.00034358,
        "h-4-01": 1.18994844,
        "sl2": 9.589541,
        "h-8-01": 0.00058696,
        "h-11-02": 0.05636478,
        "h-9-02": 0.63606864,
        "h-10-01": 0.07336572,
        "h-9-03": 0.06082528,
        "h-11-03": 0.39860526,
        "sl3": 0.53321848,
        "h-5-03": 0.0003574,
        "h-4-02": 0.00192074,
        "sl1": 4.602096,
        "h-5-01": 0.00073038,
        "h-10-02": 0.16601832,
        "h-9-01": 7.3209331,
        "h-11-01": 0.05636168,
        "h-8-02": 0.00057732,
        "gameoflife-oscillator": 4.55623744,
        "h-8-03": 0.00057766,
        "h-10-03": 0.32657896,
        "h-4-03": 17.071545,
        "01_mm1": 1.45191078,
        "04_spmv1": 7.68482836,
        "shuffle2": 0.42770316,
        "fft0": 0.24871706,
        "fft1": 2.5914122,
        "h-7-01": 0.37500936,
        "sort_search": 11.31966696,
        "shuffle1": 3.46944064,
        "01_mm2": 5.3095488,
        "04_spmv2": 0.22206144,
        "04_spmv3": 4.80552416,
        "01_mm3": 3.22456758,
        "fft2": 1.146776,
        "shuffle0": 0.57697268
    }
}