{
    "commit": "bdeb8f2e5af7782a96b296d4581cf9b80dfedd80",
    "author": "Auto-generated",
    "timestamp": "2025-08-09T02:22:47Z",
    "message": "IR: Relax globalize threshold.[skip ci]",
    "results": {
        "h-1-02": 0.10134582,
        "transpose2": 14.24448146,
        "h-1-03": 7.8980047,
        "h-1-01": 1.31535652,
        "transpose0": 0.51672894,
        "transpose1": 0.90386532,
        "gameoflife-gosper": 0.00462344,
        "03_sort2": 8.58587186,
        "crypto-1": 14.77604158,
        "if-combine3": 0.61379676,
        "h-2-01": 6.51250978,
        "gameoflife-p61glidergun": 5.30955508,
        "matmul3": 3.87542728,
        "matmul2": 6.67268024,
        "03_sort3": 8.5721942,
        "if-combine2": 0.368412,
        "crypto-2": 10.34470622,
        "03_sort1": 8.5717758,
        "h-2-02": 6.53548968,
        "matmul1": 1.97497286,
        "h-2-03": 9.99673916,
        "if-combine1": 0.00152038,
        "crypto-3": 5.91379802,
        "h-5-02": 0.00034052,
        "h-4-01": 1.18994844,
        "sl2": 9.73021866,
        "h-8-01": 0.00058306,
        "h-11-02": 0.0563651,
        "h-9-02": 0.6290755,
        "h-10-01": 0.07336572,
        "h-9-03": 0.06019296,
        "h-11-03": 0.3985812,
        "sl3": 0.53209536,
        "h-5-03": 0.00035258,
        "h-4-02": 0.00192074,
        "sl1": 4.3749223,
        "h-5-01": 0.00073058,
        "h-10-02": 0.16602038,
        "h-9-01": 7.24400774,
        "h-11-01": 0.05636224,
        "h-8-02": 0.0005769,
        "gameoflife-oscillator": 5.08469022,
        "h-8-03": 0.00057934,
        "h-10-03": 0.32611228,
        "h-4-03": 17.071545,
        "01_mm1": 1.45106274,
        "04_spmv1": 7.68529528,
        "shuffle2": 0.42772716,
        "fft0": 0.2486435,
        "fft1": 2.59193612,
        "h-7-01": 0.37500936,
        "sort_search": 11.35405424,
        "shuffle1": 3.46944064,
        "01_mm2": 5.30824916,
        "04_spmv2": 0.2221325,
        "04_spmv3": 4.80517536,
        "01_mm3": 3.22350228,
        "fft2": 1.1469271,
        "shuffle0": 0.57868138
    }
}