{
    "commit": "dc3d7d67dbc2086c8992070a8e07c627307aaf57",
    "author": "Auto-generated",
    "timestamp": "2025-08-08T12:00:00Z",
    "message": "Merge branch 'backendv3.0'",
    "results": {
        "h-1-02": 0.10134582,
        "transpose2": 14.24448146,
        "h-1-03": 7.8980047,
        "h-1-01": 1.31535652,
        "transpose0": 0.51672894,
        "transpose1": 0.90386532,
        "gameoflife-gosper": 0.00469292,
        "03_sort2": 8.58566756,
        "crypto-1": 15.51345866,
        "if-combine3": 0.61380552,
        "h-2-01": 6.51250978,
        "gameoflife-p61glidergun": 5.86390772,
        "matmul3": 3.83636622,
        "matmul2": 6.6647341,
        "03_sort3": 8.5722296,
        "if-combine2": 0.36842314,
        "crypto-2": 10.88984536,
        "03_sort1": 8.62582402,
        "h-2-02": 6.53548968,
        "matmul1": 1.97813598,
        "h-2-03": 9.99673916,
        "if-combine1": 0.00152664,
        "crypto-3": 6.1864171,
        "h-5-02": 0.00034252,
        "h-4-01": 1.18994844,
        "sl2": 9.54440752,
        "h-8-01": 0.00058516,
        "h-11-02": 0.05636102,
        "h-9-02": 0.62907392,
        "h-10-01": 0.07324704,
        "h-9-03": 0.06019296,
        "h-11-03": 0.3985702,
        "sl3": 0.54099442,
        "h-5-03": 0.00036018,
        "h-4-02": 0.00192074,
        "sl1": 4.44949442,
        "h-5-01": 0.00073218,
        "h-10-02": 0.16602038,
        "h-9-01": 7.24400174,
        "h-11-01": 0.05636182,
        "h-8-02": 0.00057974,
        "gameoflife-oscillator": 4.92868734,
        "h-8-03": 0.00058584,
        "h-10-03": 0.32611228,
        "h-4-03": 17.071545,
        "01_mm1": 1.45164182,
        "04_spmv1": 7.68477044,
        "shuffle2": 0.42772716,
        "fft0": 0.24864282,
        "fft1": 2.5919431,
        "h-7-01": 0.37500936,
        "sort_search": 11.35405424,
        "shuffle1": 3.46944064,
        "01_mm2": 5.31094822,
        "04_spmv2": 0.2220918,
        "04_spmv3": 4.83410674,
        "01_mm3": 3.22208612,
        "fft2": 1.1468605,
        "shuffle0": 0.57868138
    }
}