{
    "commit": "044b0dd98ecf5fbd7b3cce553428cee9351d63ba",
    "author": "GitHub Action",
    "timestamp": "2025-07-25T09:02:28Z",
    "message": "MIR: change loadEli weight: 60 -> 100",
    "results": {
        "2024-DCV-7": 6.422889,
        "2024-H17-1": 5.554537,
        "2024-FVJ-15": 6.426654,
        "2024-7UJ-12": 0.00743,
        "2024-C64-14": 6.648533,
        "2024-KVV-20": 2.062921,
        "2024-FAF-19": 26.5451,
        "2024-NT1-4": 0.009517,
        "2024-CH6-24": 0.311695,
        "2024-NKK-22": 0.901111,
        "2024-LN4-9": 6.430601,
        "2024-VTF-5": 3.434838,
        "2024-I4W-2": 0.009066,
        "2024-2KM-21": 4.756264,
        "2024-MXP-16": 6.896084,
        "2024-U03-25": 61.517578,
        "2024-0ZE-13": 3.431629,
        "2024-BAV-3": 156.472705,
        "2024-931-6": 2.082293,
        "2024-PKP-8": 3.687224,
        "2024-NCY-23": 15.187621,
        "2024-JVU-10": 55.528185,
        "2024-1WO-11": 5.595219,
        "2024-K0I-17": 12.760098,
        "2024-8NL-18": 3.407457,
        "2024-VGH-20": 4.994224,
        "2024-FQX-25": 4.423621,
        "2024-5NG-2": 8.819312,
        "2024-BE3-31": 2.713212,
        "2024-FI8-9": 2.318533,
        "2024-PCT-14": 1.223198,
        "2024-IG5-12": 10.383569,
        "2024-JR2-21": 2.225501,
        "2024-LW8-7": 13.751092,
        "2024-CH1-5": 0.825402,
        "2024-84M-11": 2.983643,
        "2024-VRT-1": 3.569308,
        "2024-2D0-22": 0.841051,
        "2024-1RK-26": 6.269377,
        "2024-Y60-18": 1.690327,
        "2024-AZ7-32": 24.002471,
        "2024-TBR-19": 38.066095,
        "2024-U7D-6": 3.571801,
        "2024-QV9-34": 17.4237,
        "2024-51P-30": 40.029253,
        "2024-K22-4": 3.245522,
        "2024-OBF-29": 2.854956,
        "2024-XRB-24": 0.554977,
        "2024-T6G-27": 3.887157,
        "2024-BJV-10": 3.568014,
        "2024-X7M-3": 18.547372,
        "2024-ETJ-33": 2.381617,
        "2024-XU5-13": 2.992583,
        "2024-V6O-23": 15.92471,
        "2024-Z3A-28": 2.897218,
        "2024-I9Y-15": 1.765143,
        "2024-5HA-8": 16.354358,
        "2024-U7W-16": 6.483999,
        "2024-PAF-17": 4.280468,
        "rv_sort_search": 0.455866,
        "rv_transpose1": 0.02706,
        "rv_h-4-02": 4.7e-05,
        "rv_matmul1": 0.028445,
        "rv_h-9-01": 0.00603,
        "rv_crypto-3": 0.073465,
        "rv_sl2": 0.236643,
        "rv_h-8-03": 1.3e-05,
        "rv_h-9-02": 0.005037,
        "rv_h-8-01": 1.2e-05,
        "rv_h-4-03": 0.172314,
        "rv_matmul3": 0.055601,
        "rv_h-9-03": 0.004112,
        "rv_h-10-01": 0.026622,
        "rv_shuffle2": 0.138164,
        "rv_h-5-03": 1.2e-05,
        "rv_fft1": 6.48208,
        "rv_03_sort3": 0.114315,
        "rv_h-5-01": 2e-05,
        "rv_transpose0": 0.018406,
        "rv_gameoflife-oscillator": 0.14294,
        "rv_01_mm3": 0.053381,
        "rv_h-11-02": 0.001101,
        "rv_if-combine1": 0.001161,
        "rv_if-combine2": 0.24546,
        "rv_sl3": 0.019446,
        "rv_shuffle1": 0.334643,
        "rv_h-2-01": 0.132964,
        "rv_04_spmv2": 0.003928,
        "rv_gameoflife-gosper": 0.000203,
        "rv_if-combine3": 0.407894,
        "rv_matmul2": 0.096355,
        "rv_04_spmv3": 0.083144,
        "rv_h-2-02": 0.143813,
        "rv_h-11-01": 0.001119,
        "rv_shuffle0": 0.02039,
        "rv_gameoflife-p61glidergun": 0.172577,
        "rv_h-7-01": 0.003955,
        "rv_04_spmv1": 0.134612,
        "rv_03_sort2": 13.900579,
        "rv_h-10-03": 0.212978,
        "rv_01_mm2": 0.082893,
        "rv_crypto-1": 0.178699,
        "rv_fft2": 0.01574,
        "rv_transpose2": 0.342198,
        "rv_crypto-2": 0.115489,
        "rv_01_mm1": 0.027015,
        "rv_h-4-01": 0.013959,
        "rv_h-5-02": 1.2e-05,
        "rv_h-2-03": 0.186187,
        "rv_h-10-02": 0.067451,
        "rv_h-11-03": 0.006524,
        "rv_h-8-02": 1.2e-05,
        "rv_sl1": 0.121945,
        "h-2-03": 6.684206,
        "h-8-01": 3.376832,
        "h-8-02": 3.429946,
        "h-8-03": 3.443502,
        "h-4-02": 6.896832,
        "h-7-01": 0.314834,
        "h-2-01": 5.568713,
        "h-4-03": 12.761175,
        "h-3-02": 3.017381,
        "h-6-01": 2.969492,
        "h-5-02": 6.353168,
        "h-5-03": 6.43261,
        "h-6-02": 4.459091,
        "h-6-03": 5.936474,
        "h-5-01": 6.276339,
        "h-1-02": 4.753928,
        "h-2-02": 5.535177,
        "h-4-01": 2.08025,
        "h-1-01": 55.513516,
        "h-1-03": 26.546251,
        "h-3-03": 3.005392,
        "h-3-01": 3.004154,
        "arm_h-7-01": 0.311599,
        "arm_h-1-03": 26.544472,
        "arm_fft2": 0.015728,
        "arm_matmul1": 3.571341,
        "arm_shuffle2": 0.135963,
        "arm_h-8-02": 3.398671,
        "arm_03_sort1": 0.829964,
        "arm_shuffle0": 5.602852,
        "arm_crypto-3": 1.875875,
        "arm_h-4-03": 12.760986,
        "arm_crypto-2": 1.323049,
        "arm_transpose0": 2.858901,
        "arm_h-1-02": 4.756023,
        "arm_transpose1": 2.365179,
        "arm_h-2-03": 6.657292,
        "arm_04_spmv3": 0.848021,
        "arm_matmul2": 3.571683,
        "arm_transpose2": 10.417047,
        "arm_03_sort3": 0.115755,
        "arm_h-8-03": 3.435046,
        "arm_h-2-02": 5.590394,
        "arm_sl3": 0.552304,
        "arm_h-11-01": 142.163256,
        "arm_01_mm1": 4.305955,
        "arm_crypto-1": 1.714674,
        "arm_h-4-02": 6.894107,
        "arm_h-4-01": 2.080687,
        "arm_h-5-03": 6.379453,
        "arm_shuffle1": 9.757821,
        "arm_matmul3": 3.572856,
        "arm_03_sort2": 13.60564,
        "arm_h-8-01": 3.40446,
        "arm_04_spmv1": 2.707862,
        "arm_01_mm2": 4.023348,
        "arm_h-10-02": 13.90684,
        "arm_h-1-01": 55.527925,
        "arm_if-combine2": 23.998573,
        "arm_h-12-01": 2.062514,
        "arm_h-10-01": 0.025804,
        "arm_h-9-03": 0.007057,
        "arm_sl1": 3.264799,
        "arm_gameoflife-oscillator": 17.30347,
        "arm_h-5-02": 6.387434,
        "arm_fft1": 6.480578,
        "arm_04_spmv2": 1.696593,
        "arm_sl2": 1.218535,
        "arm_gameoflife-p61glidergun": 17.222797,
        "arm_h-13-01": 0.900067,
        "arm_h-5-01": 6.430847,
        "arm_if-combine3": 40.172064,
        "arm_if-combine1": 0.082435,
        "arm_01_mm3": 2.868794,
        "arm_gameoflife-gosper": 19.934799,
        "arm_fft0": 2.989202,
        "arm_sort_search": 0.424734,
        "arm_h-14-01": 3.690064,
        "arm_h-2-01": 5.554904,
        "arm_h-9-02": 0.009041,
        "arm_h-9-01": 0.007697,
        "04_spmv3": 0.841744,
        "03_sort3": 2.329905,
        "04_spmv1": 2.700617,
        "matmul2": 1.259131,
        "gameoflife-oscillator": 16.708244,
        "large_loop_array_3": 1.78401,
        "01_mm3": 2.878467,
        "sl3": 0.55301,
        "transpose0": 2.834071,
        "03_sort1": 0.827089,
        "03_sort2": 13.85984,
        "shuffle2": 2.98739,
        "if-combine3": 45.067893,
        "transpose2": 10.438265,
        "shuffle1": 9.733833,
        "fft1": 6.528675,
        "large_loop_array_1": 2.198559,
        "transpose1": 2.36726,
        "shuffle0": 10.016143,
        "01_mm1": 4.208138,
        "large_loop_array_2": 4.440293,
        "01_mm2": 3.955154,
        "04_spmv2": 1.648393,
        "recursive_call_3": 0.00299,
        "gameoflife-p61glidergun": 17.198584,
        "if-combine1": 19.997358,
        "matmul3": 1.257128,
        "fft0": 2.991086,
        "fft2": 6.225163,
        "recursive_call_2": 0.002571,
        "gameoflife-gosper": 19.578856,
        "sl1": 3.283121,
        "matmul1": 1.270191,
        "recursive_call_1": 0.002499,
        "if-combine2": 26.416945,
        "sl2": 1.224384
    }
}