{
    "commit": "21edfa5aae6a853aa375c554d83117c902eaec1a",
    "author": "GitHub Action",
    "timestamp": "2025-07-24T04:34:39Z",
    "message": "CI: Fix backend test.",
    "results": {
        "2024-DCV-7": 8.146725,
        "2024-H17-1": 6.03627,
        "2024-FVJ-15": 8.121701,
        "2024-7UJ-12": 0.006428,
        "2024-C64-14": 6.756622,
        "2024-KVV-20": 2.283673,
        "2024-FAF-19": 26.006239,
        "2024-NT1-4": 0.009325,
        "2024-CH6-24": 0.40113,
        "2024-NKK-22": 1.148292,
        "2024-LN4-9": 7.569949,
        "2024-VTF-5": 4.095286,
        "2024-I4W-2": 0.008365,
        "2024-2KM-21": 4.569084,
        "2024-MXP-16": 7.051489,
        "2024-U03-25": 131.865952,
        "2024-0ZE-13": 4.994624,
        "2024-BAV-3": 266.301097,
        "2024-931-6": 2.089875,
        "2024-PKP-8": 4.61996,
        "2024-NCY-23": 40.994033,
        "2024-JVU-10": 56.116347,
        "2024-1WO-11": 5.996098,
        "2024-K0I-17": 13.435965,
        "2024-8NL-18": 7.065891,
        "2024-VGH-20": 47.335413,
        "2024-FQX-25": 5.945199,
        "2024-5NG-2": 45.157317,
        "2024-BE3-31": 6.039923,
        "2024-FI8-9": 2.727644,
        "2024-PCT-14": 2.748735,
        "2024-IG5-12": 19.905664,
        "2024-JR2-21": 3.146416,
        "2024-LW8-7": 16.495739,
        "2024-CH1-5": 1.078727,
        "2024-84M-11": 6.506582,
        "2024-VRT-1": 7.175355,
        "2024-2D0-22": 0.912075,
        "2024-1RK-26": 6.46213,
        "2024-Y60-18": 2.786889,
        "2024-AZ7-32": 32.734306,
        "2024-TBR-19": 50.515644,
        "2024-U7D-6": 7.430923,
        "2024-QV9-34": 21.308705,
        "2024-51P-30": 85.547479,
        "2024-K22-4": 7.375881,
        "2024-OBF-29": 8.232952,
        "2024-XRB-24": 2.132431,
        "2024-T6G-27": 6.911185,
        "2024-BJV-10": 7.66691,
        "2024-X7M-3": 19.878417,
        "2024-ETJ-33": 5.856409,
        "2024-XU5-13": 4.334874,
        "2024-V6O-23": 43.295274,
        "2024-Z3A-28": 12.257374,
        "2024-I9Y-15": 1.818163,
        "2024-5HA-8": 16.419857,
        "2024-U7W-16": 7.09885,
        "2024-PAF-17": 5.960694,
        "rv_sort_search": 0.500042,
        "rv_transpose1": 0.025337,
        "rv_h-4-02": 7.8e-05,
        "rv_matmul1": 0.055624,
        "rv_h-9-01": 0.008618,
        "rv_crypto-3": 0.078023,
        "rv_sl2": 0.359444,
        "rv_h-8-03": 2.4e-05,
        "rv_h-9-02": 0.007483,
        "rv_h-8-01": 2.2e-05,
        "rv_h-4-03": 0.17084,
        "rv_matmul3": 0.11318,
        "rv_h-9-03": 0.006231,
        "rv_h-10-01": 0.036203,
        "rv_shuffle2": 0.183639,
        "rv_h-5-03": 1.9e-05,
        "rv_fft1": 6.719079,
        "rv_03_sort3": 0.116118,
        "rv_h-5-01": 2.3e-05,
        "rv_transpose0": 0.014676,
        "rv_gameoflife-oscillator": 0.133569,
        "rv_01_mm3": 0.053239,
        "rv_h-11-02": 0.00115,
        "rv_if-combine1": 0.001165,
        "rv_if-combine2": 0.254171,
        "rv_sl3": 0.017464,
        "rv_shuffle1": 0.610287,
        "rv_h-2-01": 0.130434,
        "rv_04_spmv2": 0.00308,
        "rv_gameoflife-gosper": 0.000144,
        "rv_if-combine3": 0.816143,
        "rv_matmul2": 0.198157,
        "rv_04_spmv3": 0.093557,
        "rv_h-2-02": 0.148433,
        "rv_h-11-01": 0.001127,
        "rv_shuffle0": 0.028976,
        "rv_gameoflife-p61glidergun": 0.179615,
        "rv_h-7-01": 0.010298,
        "rv_04_spmv1": 0.147561,
        "rv_03_sort2": 13.776024,
        "rv_h-10-03": 0.138218,
        "rv_01_mm2": 0.084882,
        "rv_crypto-1": 0.174787,
        "rv_fft2": 0.013753,
        "rv_transpose2": 0.370033,
        "rv_crypto-2": 0.121207,
        "rv_01_mm1": 0.025987,
        "rv_h-4-01": 0.01154,
        "rv_h-5-02": 1.2e-05,
        "rv_h-2-03": 0.196383,
        "rv_h-10-02": 0.233612,
        "rv_h-11-03": 0.006808,
        "rv_h-8-02": 1.2e-05,
        "rv_sl1": 0.169436,
        "h-2-03": 6.685641,
        "h-8-01": 4.070787,
        "h-8-02": 4.159331,
        "h-8-03": 4.207054,
        "h-4-02": 7.089457,
        "h-7-01": 0.496375,
        "h-2-01": 5.801089,
        "h-4-03": 12.83583,
        "h-3-02": 3.298738,
        "h-6-01": 3.043896,
        "h-5-02": 7.42322,
        "h-5-03": 7.336495,
        "h-6-02": 4.470335,
        "h-6-03": 5.983782,
        "h-5-01": 6.581345,
        "h-1-02": 4.56075,
        "h-2-02": 5.965029,
        "h-4-01": 2.08387,
        "h-1-01": 61.547804,
        "h-1-03": 29.83437,
        "h-3-03": 4.579012,
        "h-3-01": 4.592971,
        "arm_h-7-01": 0.339309,
        "arm_h-1-03": 29.366497,
        "arm_fft2": 0.01365,
        "arm_matmul1": 4.679798,
        "arm_shuffle2": 0.141595,
        "arm_h-8-02": 3.58263,
        "arm_03_sort1": 0.816622,
        "arm_shuffle0": 6.920466,
        "arm_crypto-3": 1.847939,
        "arm_h-4-03": 14.088337,
        "arm_crypto-2": 1.365227,
        "arm_transpose0": 3.375203,
        "arm_h-1-02": 5.585819,
        "arm_transpose1": 2.942374,
        "arm_h-2-03": 7.406156,
        "arm_04_spmv3": 0.917485,
        "arm_matmul2": 7.803787,
        "arm_transpose2": 18.780524,
        "arm_03_sort3": 0.126513,
        "arm_h-8-03": 4.908733,
        "arm_h-2-02": 7.44943,
        "arm_sl3": 1.148956,
        "arm_h-11-01": 265.082229,
        "arm_01_mm1": 9.157662,
        "arm_crypto-1": 2.005574,
        "arm_h-4-02": 8.000637,
        "arm_h-4-01": 2.172036,
        "arm_h-5-03": 11.718319,
        "arm_shuffle1": 23.486327,
        "arm_matmul3": 7.392535,
        "arm_03_sort2": 14.168294,
        "arm_h-8-01": 7.47025,
        "arm_04_spmv1": 3.709382,
        "arm_01_mm2": 12.744173,
        "arm_h-10-02": 34.176284,
        "arm_h-1-01": 60.31793,
        "arm_if-combine2": 32.917887,
        "arm_h-12-01": 2.356682,
        "arm_h-10-01": 0.039123,
        "arm_h-9-03": 0.011841,
        "arm_sl1": 7.545443,
        "arm_gameoflife-oscillator": 16.069993,
        "arm_h-5-02": 9.303179,
        "arm_fft1": 6.692294,
        "arm_04_spmv2": 4.145085,
        "arm_sl2": 1.95051,
        "arm_gameoflife-p61glidergun": 19.649958,
        "arm_h-13-01": 0.968385,
        "arm_h-5-01": 12.262899,
        "arm_if-combine3": 49.60421,
        "arm_if-combine1": 0.103805,
        "arm_01_mm3": 6.643364,
        "arm_gameoflife-gosper": 23.290574,
        "arm_fft0": 3.870884,
        "arm_sort_search": 0.570373,
        "arm_h-14-01": 4.864969,
        "arm_h-2-01": 7.730689,
        "arm_h-9-02": 0.018971,
        "arm_h-9-01": 0.012277,
        "04_spmv3": 1.262432,
        "03_sort3": 3.059929,
        "04_spmv1": 4.902266,
        "matmul2": 2.672372,
        "gameoflife-oscillator": 18.171661,
        "large_loop_array_3": 2.384667,
        "01_mm3": 7.324992,
        "sl3": 0.959492,
        "transpose0": 4.833786,
        "03_sort1": 0.857607,
        "03_sort2": 17.910836,
        "shuffle2": 4.803229,
        "if-combine3": 65.440732,
        "transpose2": 14.76614,
        "shuffle1": 17.38805,
        "fft1": 8.984506,
        "large_loop_array_1": 4.047182,
        "transpose1": 5.444498,
        "shuffle0": 14.994667,
        "01_mm1": 8.230004,
        "large_loop_array_2": 5.613209,
        "01_mm2": 7.673231,
        "04_spmv2": 8.742869,
        "recursive_call_3": 0.002905,
        "gameoflife-p61glidergun": 17.894131,
        "if-combine1": 24.378246,
        "matmul3": 2.231153,
        "fft0": 3.060289,
        "fft2": 6.310923,
        "recursive_call_2": 0.002741,
        "gameoflife-gosper": 21.180242,
        "sl1": 4.258395,
        "matmul1": 2.085838,
        "recursive_call_1": 0.002672,
        "if-combine2": 29.65868,
        "sl2": 1.287463
    }
}