{
    "commit": "264eddb204fe40d62c6f0fac35546a7465f4b1d2",
    "author": "GitHub Action",
    "timestamp": "2025-07-27T08:43:34Z",
    "message": "MIR-Arm: fix post legalize of load/store",
    "results": {
        "2024-DCV-7": 6.348988,
        "2024-H17-1": 9.094969,
        "2024-FVJ-15": 6.405253,
        "2024-7UJ-12": 0.007534,
        "2024-C64-14": 11.093338,
        "2024-KVV-20": 2.030097,
        "2024-FAF-19": 26.544436,
        "2024-NT1-4": 0.010203,
        "2024-CH6-24": 0.311611,
        "2024-NKK-22": 0.884884,
        "2024-LN4-9": 6.382402,
        "2024-VTF-5": 3.401707,
        "2024-I4W-2": 0.009824,
        "2024-2KM-21": 4.755566,
        "2024-MXP-16": 6.902793,
        "2024-U03-25": 61.260173,
        "2024-0ZE-13": 3.394462,
        "2024-BAV-3": 154.397887,
        "2024-931-6": 2.082261,
        "2024-PKP-8": 3.624194,
        "2024-NCY-23": 16.672873,
        "2024-JVU-10": 55.527285,
        "2024-1WO-11": 9.270057,
        "2024-K0I-17": 12.763136,
        "2024-8NL-18": 3.41175,
        "2024-VGH-20": 9.560055,
        "2024-FQX-25": 7.50212,
        "2024-5NG-2": 9.792154,
        "2024-BE3-31": 2.253533,
        "2024-FI8-9": 2.286822,
        "2024-PCT-14": 1.215015,
        "2024-IG5-12": 10.428623,
        "2024-JR2-21": 3.757775,
        "2024-LW8-7": 13.405104,
        "2024-CH1-5": 0.797463,
        "2024-84M-11": 2.817653,
        "2024-VRT-1": 3.574384,
        "2024-2D0-22": 0.905873,
        "2024-1RK-26": 6.243103,
        "2024-Y60-18": 1.787509,
        "2024-AZ7-32": 24.135637,
        "2024-TBR-19": 36.832207,
        "2024-U7D-6": 3.573417,
        "2024-QV9-34": 9.842091,
        "2024-51P-30": 39.970287,
        "2024-K22-4": 3.23602,
        "2024-OBF-29": 2.88798,
        "2024-XRB-24": 0.554475,
        "2024-T6G-27": 4.080745,
        "2024-BJV-10": 3.579305,
        "2024-X7M-3": 10.448605,
        "2024-ETJ-33": 2.397038,
        "2024-XU5-13": 2.999304,
        "2024-V6O-23": 16.066679,
        "2024-Z3A-28": 2.945337,
        "2024-I9Y-15": 2.987702,
        "2024-5HA-8": 9.403565,
        "2024-U7W-16": 6.540817,
        "2024-PAF-17": 4.373192,
        "rv_sort_search": 0.443771,
        "rv_transpose1": 0.02765,
        "rv_h-4-02": 4e-05,
        "rv_matmul1": 0.028247,
        "rv_h-9-01": 0.005978,
        "rv_crypto-3": 0.065686,
        "rv_sl2": 0.236361,
        "rv_h-8-03": 1.2e-05,
        "rv_h-9-02": 0.005752,
        "rv_h-8-01": 1.3e-05,
        "rv_h-4-03": 0.170812,
        "rv_matmul3": 0.054936,
        "rv_h-9-03": 0.0051,
        "rv_h-10-01": 0.02592,
        "rv_shuffle2": 0.139099,
        "rv_h-5-03": 1.2e-05,
        "rv_fft1": 6.499669,
        "rv_03_sort3": 0.111362,
        "rv_h-5-01": 2.9e-05,
        "rv_transpose0": 0.02059,
        "rv_gameoflife-oscillator": 0.0815,
        "rv_01_mm3": 0.053136,
        "rv_h-11-02": 0.001121,
        "rv_if-combine1": 0.004782,
        "rv_if-combine2": 0.24749,
        "rv_sl3": 0.018719,
        "rv_shuffle1": 0.336076,
        "rv_h-2-01": 0.170055,
        "rv_04_spmv2": 0.004352,
        "rv_gameoflife-gosper": 0.000123,
        "rv_if-combine3": 0.408835,
        "rv_matmul2": 0.095221,
        "rv_04_spmv3": 0.0976,
        "rv_h-2-02": 0.179658,
        "rv_h-11-01": 0.001113,
        "rv_shuffle0": 0.020288,
        "rv_gameoflife-p61glidergun": 0.098656,
        "rv_h-7-01": 0.004284,
        "rv_04_spmv1": 0.11345,
        "rv_03_sort2": 13.402227,
        "rv_h-10-03": 0.242943,
        "rv_01_mm2": 0.123737,
        "rv_crypto-1": 0.15979,
        "rv_fft2": 0.014467,
        "rv_transpose2": 0.342482,
        "rv_crypto-2": 0.112238,
        "rv_01_mm1": 0.024777,
        "rv_h-4-01": 0.012754,
        "rv_h-5-02": 1.1e-05,
        "rv_h-2-03": 0.239938,
        "rv_h-10-02": 0.187289,
        "rv_h-11-03": 0.006506,
        "rv_h-8-02": 1.3e-05,
        "rv_sl1": 0.122163,
        "h-2-03": 11.035907,
        "h-8-01": 3.378979,
        "h-8-02": 3.41403,
        "h-8-03": 3.396879,
        "h-4-02": 6.895341,
        "h-7-01": 0.314814,
        "h-2-01": 9.393941,
        "h-4-03": 12.763295,
        "h-3-02": 3.008741,
        "h-6-01": 2.969922,
        "h-5-02": 6.333388,
        "h-5-03": 6.430571,
        "h-6-02": 4.437382,
        "h-6-03": 5.937267,
        "h-5-01": 6.306153,
        "h-1-02": 4.762002,
        "h-2-02": 9.065539,
        "h-4-01": 2.082107,
        "h-1-01": 55.552012,
        "h-1-03": 26.542461,
        "h-3-03": 3.018011,
        "h-3-01": 3.008573,
        "arm_h-7-01": 0.311515,
        "arm_h-1-03": 26.544496,
        "arm_fft2": 0.015886,
        "arm_matmul1": 3.575557,
        "arm_shuffle2": 0.13599,
        "arm_h-8-02": 3.352671,
        "arm_03_sort1": 0.799087,
        "arm_shuffle0": 5.084783,
        "arm_crypto-3": 1.670776,
        "arm_h-4-03": 12.761678,
        "arm_crypto-2": 1.332184,
        "arm_transpose0": 2.85781,
        "arm_h-1-02": 4.754589,
        "arm_transpose1": 2.377776,
        "arm_h-2-03": 10.969057,
        "arm_04_spmv3": 0.900651,
        "arm_matmul2": 3.574807,
        "arm_transpose2": 10.46089,
        "arm_03_sort3": 0.111156,
        "arm_h-8-03": 3.43163,
        "arm_h-2-02": 9.087213,
        "arm_sl3": 0.566827,
        "arm_h-11-01": 141.862633,
        "arm_01_mm1": 4.231766,
        "arm_crypto-1": 1.565703,
        "arm_h-4-02": 6.8956,
        "arm_h-4-01": 2.081899,
        "arm_h-5-03": 6.350985,
        "arm_shuffle1": 9.745454,
        "arm_matmul3": 3.582372,
        "arm_03_sort2": 13.406538,
        "arm_h-8-01": 3.314549,
        "arm_04_spmv1": 2.298427,
        "arm_01_mm2": 4.51543,
        "arm_h-10-02": 14.717956,
        "arm_h-1-01": 55.526883,
        "arm_if-combine2": 23.954365,
        "arm_h-12-01": 2.025251,
        "arm_h-10-01": 0.025821,
        "arm_h-9-03": 0.006527,
        "arm_sl1": 3.248682,
        "arm_gameoflife-oscillator": 9.421948,
        "arm_h-5-02": 6.369479,
        "arm_fft1": 6.501997,
        "arm_04_spmv2": 1.70733,
        "arm_sl2": 1.22154,
        "arm_gameoflife-p61glidergun": 9.653632,
        "arm_h-13-01": 0.886806,
        "arm_h-5-01": 6.358224,
        "arm_if-combine3": 40.186745,
        "arm_if-combine1": 0.375695,
        "arm_01_mm3": 2.874933,
        "arm_gameoflife-gosper": 10.39877,
        "arm_fft0": 2.997242,
        "arm_sort_search": 0.415651,
        "arm_h-14-01": 3.65563,
        "arm_h-2-01": 9.443492,
        "arm_h-9-02": 0.009423,
        "arm_h-9-01": 0.006968,
        "04_spmv3": 0.900659,
        "03_sort3": 2.286108,
        "04_spmv1": 2.298353,
        "matmul2": 1.23213,
        "gameoflife-oscillator": 9.459931,
        "large_loop_array_3": 3.001049,
        "01_mm3": 2.794575,
        "sl3": 0.550252,
        "transpose0": 2.836296,
        "03_sort1": 0.797331,
        "03_sort2": 13.409176,
        "shuffle2": 2.971831,
        "if-combine3": 256.153179,
        "transpose2": 10.447274,
        "shuffle1": 8.740994,
        "fft1": 6.5286,
        "large_loop_array_1": 4.002296,
        "transpose1": 2.386751,
        "shuffle0": 9.89368,
        "01_mm1": 3.920947,
        "large_loop_array_2": 7.504172,
        "01_mm2": 3.800607,
        "04_spmv2": 1.705598,
        "recursive_call_3": 0.002746,
        "gameoflife-p61glidergun": 9.951157,
        "if-combine1": 75.427394,
        "matmul3": 1.228978,
        "fft0": 3.000021,
        "fft2": 6.239556,
        "recursive_call_2": 0.00259,
        "gameoflife-gosper": 10.613464,
        "sl1": 3.254607,
        "matmul1": 1.215242,
        "recursive_call_1": 0.00323,
        "if-combine2": 99.408462,
        "sl2": 1.229605
    }
}