{
    "commit": "30c20bb242cc9f2b1bc8d684f12602b49aa55d91",
    "author": "GitHub Action",
    "timestamp": "2025-07-26T04:58:08Z",
    "message": "MIR: fix prelegalize of InstLoadImm",
    "results": {
        "2024-DCV-7": 6.42002,
        "2024-H17-1": 5.568794,
        "2024-FVJ-15": 6.427629,
        "2024-7UJ-12": 0.007373,
        "2024-C64-14": 6.671316,
        "2024-KVV-20": 2.068362,
        "2024-FAF-19": 26.544598,
        "2024-NT1-4": 0.010219,
        "2024-CH6-24": 0.311501,
        "2024-NKK-22": 0.901992,
        "2024-LN4-9": 6.417326,
        "2024-VTF-5": 3.450464,
        "2024-I4W-2": 0.008143,
        "2024-2KM-21": 4.754056,
        "2024-MXP-16": 6.90342,
        "2024-U03-25": 66.852344,
        "2024-0ZE-13": 3.452511,
        "2024-BAV-3": 155.121065,
        "2024-931-6": 2.082716,
        "2024-PKP-8": 3.683804,
        "2024-NCY-23": 16.81186,
        "2024-JVU-10": 55.572008,
        "2024-1WO-11": 5.585624,
        "2024-K0I-17": 12.76244,
        "2024-8NL-18": 3.425652,
        "2024-VGH-20": 4.96387,
        "2024-FQX-25": 4.43363,
        "2024-5NG-2": 8.811618,
        "2024-BE3-31": 2.715739,
        "2024-FI8-9": 2.352885,
        "2024-PCT-14": 1.235311,
        "2024-IG5-12": 10.351023,
        "2024-JR2-21": 2.197016,
        "2024-LW8-7": 13.647281,
        "2024-CH1-5": 0.832059,
        "2024-84M-11": 2.91907,
        "2024-VRT-1": 3.570349,
        "2024-2D0-22": 0.848345,
        "2024-1RK-26": 6.243917,
        "2024-Y60-18": 1.656079,
        "2024-AZ7-32": 24.254287,
        "2024-TBR-19": 38.107152,
        "2024-U7D-6": 3.572149,
        "2024-QV9-34": 17.546481,
        "2024-51P-30": 40.549128,
        "2024-K22-4": 3.317874,
        "2024-OBF-29": 2.894876,
        "2024-XRB-24": 0.55342,
        "2024-T6G-27": 4.12649,
        "2024-BJV-10": 3.575496,
        "2024-X7M-3": 19.326119,
        "2024-ETJ-33": 2.378997,
        "2024-XU5-13": 3.006655,
        "2024-V6O-23": 15.983293,
        "2024-Z3A-28": 2.924197,
        "2024-I9Y-15": 1.764212,
        "2024-5HA-8": 17.169127,
        "2024-U7W-16": 6.492382,
        "2024-PAF-17": 4.377238,
        "rv_sort_search": 0.456112,
        "rv_transpose1": 0.025771,
        "rv_h-4-02": 4.4e-05,
        "rv_matmul1": 0.029039,
        "rv_h-9-01": 0.006551,
        "rv_sl2": 0.237645,
        "rv_h-8-03": 1.3e-05,
        "rv_h-9-02": 0.005682,
        "rv_h-8-01": 1.3e-05,
        "rv_h-4-03": 0.172637,
        "rv_matmul3": 0.055595,
        "rv_h-9-03": 0.004648,
        "rv_h-10-01": 0.026897,
        "rv_shuffle2": 0.137321,
        "rv_h-5-03": 1.2e-05,
        "rv_fft1": 6.506508,
        "rv_03_sort3": 0.115279,
        "rv_h-5-01": 2.1e-05,
        "rv_transpose0": 0.016038,
        "rv_gameoflife-oscillator": 0.144087,
        "rv_01_mm3": 0.054098,
        "rv_h-11-02": 0.001109,
        "rv_if-combine1": 0.001565,
        "rv_if-combine2": 0.245335,
        "rv_sl3": 0.017872,
        "rv_shuffle1": 0.333085,
        "rv_h-2-01": 0.134149,
        "rv_04_spmv2": 0.003514,
        "rv_gameoflife-gosper": 0.000217,
        "rv_if-combine3": 0.403127,
        "rv_matmul2": 0.096498,
        "rv_04_spmv3": 0.084486,
        "rv_h-2-02": 0.143853,
        "rv_h-11-01": 0.001117,
        "rv_shuffle0": 0.027895,
        "rv_gameoflife-p61glidergun": 0.178698,
        "rv_h-7-01": 0.00436,
        "rv_04_spmv1": 0.135539,
        "rv_03_sort2": 13.7113,
        "rv_h-10-03": 0.123951,
        "rv_01_mm2": 0.082793,
        "rv_fft2": 0.016671,
        "rv_transpose2": 0.343766,
        "rv_01_mm1": 0.025898,
        "rv_h-4-01": 0.012863,
        "rv_h-5-02": 1.1e-05,
        "rv_h-2-03": 0.186175,
        "rv_h-10-02": 0.059434,
        "rv_h-11-03": 0.006574,
        "rv_h-8-02": 1.3e-05,
        "rv_sl1": 0.118245,
        "h-2-03": 6.644639,
        "h-8-01": 3.420496,
        "h-8-02": 3.42649,
        "h-8-03": 3.463107,
        "h-4-02": 6.903494,
        "h-7-01": 0.314705,
        "h-2-01": 5.576061,
        "h-4-03": 12.762981,
        "h-6-01": 2.968273,
        "h-5-02": 6.440551,
        "h-5-03": 6.416689,
        "h-6-02": 4.441245,
        "h-6-03": 5.937074,
        "h-5-01": 6.417176,
        "h-1-02": 4.754299,
        "h-2-02": 5.539801,
        "h-4-01": 2.080105,
        "h-1-01": 55.5274,
        "h-1-03": 26.540982,
        "arm_h-7-01": 0.311536,
        "arm_h-1-03": 26.542548,
        "arm_fft2": 0.015703,
        "arm_matmul1": 3.57254,
        "arm_shuffle2": 0.143269,
        "arm_h-8-02": 3.483643,
        "arm_03_sort1": 0.827681,
        "arm_shuffle0": 5.78113,
        "arm_h-4-03": 12.76179,
        "arm_transpose0": 3.053831,
        "arm_h-1-02": 4.753991,
        "arm_transpose1": 2.446554,
        "arm_h-2-03": 6.640055,
        "arm_04_spmv3": 0.842451,
        "arm_matmul2": 3.576205,
        "arm_transpose2": 10.672203,
        "arm_03_sort3": 0.113647,
        "arm_h-8-03": 3.477851,
        "arm_h-2-02": 5.536079,
        "arm_sl3": 0.583173,
        "arm_h-11-01": 163.765185,
        "arm_01_mm1": 4.456697,
        "arm_h-4-02": 6.896621,
        "arm_h-4-01": 2.080064,
        "arm_h-5-03": 6.414915,
        "arm_shuffle1": 8.906752,
        "arm_matmul3": 3.573523,
        "arm_03_sort2": 13.863028,
        "arm_h-8-01": 3.42663,
        "arm_04_spmv1": 2.715627,
        "arm_01_mm2": 3.887458,
        "arm_h-10-02": 16.828903,
        "arm_h-1-01": 55.532469,
        "arm_if-combine2": 24.226837,
        "arm_h-12-01": 2.063551,
        "arm_h-10-01": 0.026418,
        "arm_h-9-03": 0.007073,
        "arm_sl1": 3.290806,
        "arm_gameoflife-oscillator": 16.694827,
        "arm_h-5-02": 6.358733,
        "arm_fft1": 6.496507,
        "arm_04_spmv2": 1.757012,
        "arm_sl2": 1.227794,
        "arm_gameoflife-p61glidergun": 17.301941,
        "arm_h-13-01": 0.901397,
        "arm_h-5-01": 6.426473,
        "arm_if-combine3": 40.404086,
        "arm_if-combine1": 0.089194,
        "arm_01_mm3": 3.116609,
        "arm_gameoflife-gosper": 19.625575,
        "arm_fft0": 3.012393,
        "arm_sort_search": 0.425323,
        "arm_h-14-01": 3.690028,
        "arm_h-2-01": 5.58593,
        "arm_h-9-02": 0.009769,
        "arm_h-9-01": 0.007747,
        "04_spmv3": 0.837238,
        "03_sort3": 2.353245,
        "04_spmv1": 2.715803,
        "matmul2": 1.25693,
        "gameoflife-oscillator": 17.279811,
        "large_loop_array_3": 1.768062,
        "01_mm3": 3.134466,
        "sl3": 0.557698,
        "transpose0": 2.857541,
        "03_sort1": 0.829586,
        "03_sort2": 13.881936,
        "shuffle2": 2.949267,
        "if-combine3": 50.047298,
        "transpose2": 10.313869,
        "shuffle1": 8.973441,
        "fft1": 6.515195,
        "large_loop_array_1": 2.373307,
        "transpose1": 2.384211,
        "shuffle0": 4.957644,
        "01_mm1": 4.314089,
        "large_loop_array_2": 4.412829,
        "01_mm2": 4.033751,
        "04_spmv2": 1.697425,
        "recursive_call_3": 0.002441,
        "gameoflife-p61glidergun": 17.936568,
        "if-combine1": 21.518621,
        "matmul3": 1.269914,
        "fft0": 3.006993,
        "fft2": 6.234498,
        "recursive_call_2": 0.002273,
        "gameoflife-gosper": 19.681599,
        "sl1": 3.277103,
        "matmul1": 1.256521,
        "recursive_call_1": 0.003312,
        "if-combine2": 28.114834,
        "sl2": 1.225161
    }
}