{
    "commit": "319ab5d5fba62925af646ba4138738bc37eeb20f",
    "author": "GitHub Action",
    "timestamp": "2025-08-15T04:51:56Z",
    "message": "IR: SCEV with more Binary Operators.",
    "results": {
        "2024-DCV-7": 6.133377,
        "2024-H17-1": 6.068038,
        "2024-FVJ-15": 6.145841,
        "2024-7UJ-12": 0.007917,
        "2024-C64-14": 7.090135,
        "2024-KVV-20": 2.041312,
        "2024-FAF-19": 13.9388,
        "2024-NT1-4": 0.009419,
        "2024-CH6-24": 0.311995,
        "2024-NKK-22": 0.887077,
        "2024-LN4-9": 6.597328,
        "2024-VTF-5": 3.389252,
        "2024-I4W-2": 0.008307,
        "2024-2KM-21": 2.482569,
        "2024-MXP-16": 7.13753,
        "2024-U03-25": 0.38929,
        "2024-0ZE-13": 3.438134,
        "2024-BAV-3": 0.93345,
        "2024-931-6": 2.153446,
        "2024-PKP-8": 3.68256,
        "2024-NCY-23": 0.134357,
        "2024-JVU-10": 30.560175,
        "2024-1WO-11": 5.965185,
        "2024-K0I-17": 13.201571,
        "2024-8NL-18": 3.549983,
        "2024-VGH-20": 7.265824,
        "2024-FQX-25": 4.536604,
        "2024-5NG-2": 10.428877,
        "2024-BE3-31": 2.222844,
        "2024-FI8-9": 1.168641,
        "2024-PCT-14": 1.255032,
        "2024-IG5-12": 9.821818,
        "2024-JR2-21": 2.421175,
        "2024-LW8-7": 6.259417,
        "2024-CH1-5": 0.538563,
        "2024-84M-11": 2.618905,
        "2024-VRT-1": 1.494518,
        "2024-2D0-22": 0.678302,
        "2024-1RK-26": 5.599307,
        "2024-Y60-18": 1.500338,
        "2024-AZ7-32": 2.178104,
        "2024-TBR-19": 35.79755,
        "2024-U7D-6": 1.534433,
        "2024-QV9-34": 7.264516,
        "2024-51P-30": 3.617755,
        "2024-K22-4": 3.185611,
        "2024-OBF-29": 2.979544,
        "2024-XRB-24": 0.573673,
        "2024-T6G-27": 4.27166,
        "2024-BJV-10": 1.496017,
        "2024-X7M-3": 7.577291,
        "2024-ETJ-33": 2.425681,
        "2024-XU5-13": 2.73701,
        "2024-V6O-23": 1.455932,
        "2024-Z3A-28": 3.635703,
        "2024-I9Y-15": 1.913849,
        "2024-5HA-8": 6.668267,
        "2024-U7W-16": 5.857134,
        "2024-PAF-17": 5.509227,
        "rv_sort_search": 0.425527,
        "rv_transpose1": 0.020896,
        "rv_h-4-02": 5.4e-05,
        "rv_matmul1": 0.012865,
        "rv_h-9-01": 0.005735,
        "rv_crypto-3": 0.050975,
        "rv_sl2": 0.290362,
        "rv_h-8-03": 1.2e-05,
        "rv_h-9-02": 0.004584,
        "rv_h-8-01": 1.3e-05,
        "rv_h-4-03": 0.17614,
        "rv_matmul3": 0.024057,
        "rv_h-9-03": 0.004301,
        "rv_h-10-01": 0.001598,
        "rv_shuffle2": 0.146201,
        "rv_h-5-03": 1e-05,
        "rv_fft1": 5.822717,
        "rv_03_sort3": 0.063441,
        "rv_h-5-01": 2e-05,
        "rv_transpose0": 0.013223,
        "rv_gameoflife-oscillator": 0.060365,
        "rv_01_mm3": 0.047461,
        "rv_h-11-02": 0.001128,
        "rv_if-combine1": 0.001048,
        "rv_if-combine2": 0.023779,
        "rv_sl3": 0.017602,
        "rv_shuffle1": 0.344444,
        "rv_h-2-01": 0.108766,
        "rv_04_spmv2": 0.002877,
        "rv_gameoflife-gosper": 0.000168,
        "rv_if-combine3": 0.038646,
        "rv_matmul2": 0.158432,
        "rv_04_spmv3": 0.0683,
        "rv_h-2-02": 0.095156,
        "rv_h-11-01": 0.001158,
        "rv_shuffle0": 0.02193,
        "rv_gameoflife-p61glidergun": 0.07406,
        "rv_h-7-01": 0.003141,
        "rv_04_spmv1": 0.168193,
        "rv_03_sort2": 6.46506,
        "rv_h-10-03": 0.00449,
        "rv_01_mm2": 0.075613,
        "rv_crypto-1": 0.124106,
        "rv_fft2": 0.013554,
        "rv_transpose2": 0.317942,
        "rv_crypto-2": 0.09189,
        "rv_01_mm1": 0.022308,
        "rv_h-4-01": 0.014178,
        "rv_h-5-02": 1.1e-05,
        "rv_h-2-03": 0.14951,
        "rv_h-10-02": 0.002863,
        "rv_h-11-03": 0.006679,
        "rv_h-8-02": 1.5e-05,
        "rv_sl1": 0.12172,
        "h-2-03": 7.133222,
        "h-8-01": 3.632084,
        "h-8-02": 3.622254,
        "h-8-03": 3.563948,
        "h-4-02": 7.18959,
        "h-7-01": 0.317762,
        "h-2-01": 5.957819,
        "h-4-03": 13.212556,
        "h-3-02": 3.149638,
        "h-6-01": 2.823993,
        "h-5-02": 6.219632,
        "h-5-03": 6.441808,
        "h-6-02": 4.246395,
        "h-6-03": 5.660313,
        "h-5-01": 6.513232,
        "h-1-02": 2.484286,
        "h-2-02": 6.061606,
        "h-4-01": 2.149813,
        "h-1-01": 30.341519,
        "h-1-03": 14.503968,
        "h-3-03": 3.290124,
        "h-3-01": 3.274123,
        "arm_h-7-01": 0.313821,
        "arm_h-1-03": 13.874348,
        "arm_fft2": 0.012919,
        "arm_matmul1": 1.570295,
        "arm_shuffle2": 0.149571,
        "arm_h-8-02": 3.587794,
        "arm_03_sort1": 0.545916,
        "arm_shuffle0": 5.9192,
        "arm_crypto-3": 1.32081,
        "arm_h-4-03": 13.221976,
        "arm_crypto-2": 0.982545,
        "arm_transpose0": 2.96426,
        "arm_h-1-02": 2.591527,
        "arm_transpose1": 2.430839,
        "arm_h-2-03": 7.136545,
        "arm_04_spmv3": 0.700475,
        "arm_matmul2": 1.553877,
        "arm_transpose2": 10.263083,
        "arm_03_sort3": 0.064105,
        "arm_h-8-03": 3.700978,
        "arm_h-2-02": 6.058109,
        "arm_sl3": 0.571124,
        "arm_h-11-01": 0.995149,
        "arm_01_mm1": 5.529334,
        "arm_crypto-1": 1.218779,
        "arm_h-4-02": 7.124343,
        "arm_h-4-01": 2.148627,
        "arm_h-5-03": 6.096003,
        "arm_shuffle1": 8.93836,
        "arm_matmul3": 1.535441,
        "arm_03_sort2": 6.256927,
        "arm_h-8-01": 3.430041,
        "arm_04_spmv1": 2.133664,
        "arm_01_mm2": 3.299584,
        "arm_h-10-02": 0.12789,
        "arm_h-1-01": 30.250772,
        "arm_if-combine2": 2.17889,
        "arm_h-12-01": 2.033488,
        "arm_h-10-01": 0.001706,
        "arm_h-9-03": 0.007291,
        "arm_sl1": 3.349599,
        "arm_gameoflife-oscillator": 6.691203,
        "arm_h-5-02": 6.177059,
        "arm_fft1": 5.842908,
        "arm_04_spmv2": 1.472195,
        "arm_sl2": 1.219625,
        "arm_gameoflife-p61glidergun": 6.925344,
        "arm_h-13-01": 0.886223,
        "arm_h-5-01": 6.166744,
        "arm_if-combine3": 3.62091,
        "arm_if-combine1": 0.010588,
        "arm_01_mm3": 3.002441,
        "arm_gameoflife-gosper": 7.49971,
        "arm_fft0": 2.683723,
        "arm_sort_search": 0.393133,
        "arm_h-14-01": 3.643806,
        "arm_h-2-01": 5.908362,
        "arm_h-9-02": 0.010693,
        "arm_h-9-01": 0.008559,
        "04_spmv3": 0.678746,
        "03_sort3": 1.160247,
        "04_spmv1": 2.126818,
        "matmul2": 0.900112,
        "gameoflife-oscillator": 6.744751,
        "large_loop_array_3": 1.806863,
        "01_mm3": 2.590087,
        "sl3": 0.56098,
        "transpose0": 2.847959,
        "03_sort1": 0.538148,
        "03_sort2": 6.268568,
        "shuffle2": 2.441208,
        "if-combine3": 3.628589,
        "transpose2": 10.211563,
        "shuffle1": 8.92394,
        "fft1": 5.810951,
        "large_loop_array_1": 2.260278,
        "transpose1": 2.245285,
        "shuffle0": 9.930168,
        "01_mm1": 4.119712,
        "large_loop_array_2": 4.544235,
        "01_mm2": 3.440775,
        "04_spmv2": 1.483484,
        "recursive_call_3": 0.003146,
        "gameoflife-p61glidergun": 7.144969,
        "if-combine1": 1.451874,
        "matmul3": 0.889578,
        "fft0": 2.693474,
        "fft2": 5.599415,
        "recursive_call_2": 0.002554,
        "gameoflife-gosper": 7.403441,
        "sl1": 3.172088,
        "matmul1": 0.902586,
        "recursive_call_1": 0.003453,
        "if-combine2": 2.180258,
        "sl2": 1.220582
    }
}