{
    "commit": "383e3f9b7880ab968e745e32a9f126b40c067373",
    "author": "GitHub Action",
    "timestamp": "2025-07-06T03:02:16Z",
    "message": "MIR: try fix",
    "results": {
        "2024-DCV-7": 8.175706,
        "2024-H17-1": 6.115108,
        "2024-FVJ-15": 8.094099,
        "2024-7UJ-12": 0.008569,
        "2024-C64-14": 7.382367,
        "2024-KVV-20": 2.223739,
        "2024-FAF-19": 26.44799,
        "2024-NT1-4": 0.008807,
        "2024-CH6-24": 0.64132,
        "2024-NKK-22": 0.920934,
        "2024-LN4-9": 7.24897,
        "2024-VTF-5": 3.737659,
        "2024-I4W-2": 0.008845,
        "2024-2KM-21": 4.882035,
        "2024-MXP-16": 6.95439,
        "2024-U03-25": 111.68588,
        "2024-0ZE-13": 4.763697,
        "2024-BAV-3": 227.084643,
        "2024-931-6": 2.108621,
        "2024-PKP-8": 4.414173,
        "2024-NCY-23": 35.453808,
        "2024-JVU-10": 54.839777,
        "2024-1WO-11": 6.077976,
        "2024-K0I-17": 13.030776,
        "2024-8NL-18": 7.077348,
        "2024-VGH-20": 36.505098,
        "2024-FQX-25": 7.094227,
        "2024-5NG-2": 29.493194,
        "2024-BE3-31": 5.312674,
        "2024-FI8-9": 3.730623,
        "2024-PCT-14": 2.223057,
        "2024-IG5-12": 14.751052,
        "2024-JR2-21": 3.725983,
        "2024-LW8-7": 18.443915,
        "2024-CH1-5": 1.266549,
        "2024-84M-11": 7.113158,
        "2024-VRT-1": 25.377245,
        "2024-2D0-22": 1.8304,
        "2024-1RK-26": 6.500256,
        "2024-Y60-18": 5.470318,
        "2024-AZ7-32": 41.897692,
        "2024-TBR-19": 27.841009,
        "2024-U7D-6": 24.892249,
        "2024-QV9-34": 12.440963,
        "2024-51P-30": 68.009084,
        "2024-K22-4": 6.868201,
        "2024-OBF-29": 4.379825,
        "2024-XRB-24": 1.49293,
        "2024-T6G-27": 6.969741,
        "2024-BJV-10": 26.574728,
        "2024-X7M-3": 13.6939,
        "2024-ETJ-33": 3.498747,
        "2024-XU5-13": 3.110095,
        "2024-V6O-23": 27.23065,
        "2024-Z3A-28": 5.601957,
        "2024-I9Y-15": 2.78639,
        "2024-5HA-8": 11.735753,
        "2024-U7W-16": 6.903416,
        "2024-PAF-17": 5.757385,
        "rv_sort_search": 0.313914,
        "rv_transpose1": 0.029859,
        "rv_h-4-02": 7.3e-05,
        "rv_matmul1": 0.128304,
        "rv_h-9-01": 0.009359,
        "rv_crypto-3": 0.123184,
        "rv_sl2": 0.430844,
        "rv_h-8-03": 1.5e-05,
        "rv_h-9-02": 0.00862,
        "rv_h-8-01": 1e-05,
        "rv_h-4-03": 0.170919,
        "rv_matmul3": 0.237443,
        "rv_h-9-03": 0.006376,
        "rv_h-10-01": 0.044259,
        "rv_shuffle2": 0.164164,
        "rv_h-5-03": 9e-06,
        "rv_fft1": 6.824266,
        "rv_03_sort3": 0.163447,
        "rv_h-5-01": 1.9e-05,
        "rv_transpose0": 0.014927,
        "rv_gameoflife-oscillator": 0.098002,
        "rv_01_mm3": 0.109004,
        "rv_h-11-02": 0.001157,
        "rv_if-combine1": 0.001291,
        "rv_if-combine2": 0.431749,
        "rv_sl3": 0.021516,
        "rv_shuffle1": 0.42189,
        "rv_h-2-01": 0.175532,
        "rv_04_spmv2": 0.004951,
        "rv_gameoflife-gosper": 0.000109,
        "rv_if-combine3": 0.678007,
        "rv_matmul2": 0.281156,
        "rv_04_spmv3": 0.178537,
        "rv_h-2-02": 0.175566,
        "rv_h-11-01": 0.001197,
        "rv_shuffle0": 0.038337,
        "rv_gameoflife-p61glidergun": 0.123017,
        "rv_h-7-01": 0.006412,
        "rv_04_spmv1": 0.171249,
        "rv_03_sort2": 18.710091,
        "rv_h-10-03": 0.18434,
        "rv_01_mm2": 0.15874,
        "rv_crypto-1": 0.263896,
        "rv_fft2": 0.01836,
        "rv_transpose2": 0.375637,
        "rv_crypto-2": 0.189754,
        "rv_01_mm1": 0.050951,
        "rv_h-4-01": 0.011828,
        "rv_h-5-02": 9e-06,
        "rv_h-2-03": 0.244157,
        "rv_h-10-02": 0.075521,
        "rv_h-11-03": 0.007175,
        "rv_h-8-02": 1e-05,
        "rv_sl1": 0.177423,
        "h-2-03": 7.064049,
        "h-8-01": 4.156167,
        "h-8-02": 3.968921,
        "h-8-03": 3.462256,
        "h-4-02": 7.144795,
        "h-7-01": 0.653345,
        "h-2-01": 5.906642,
        "h-4-03": 13.070082,
        "h-3-02": 3.255911,
        "h-6-01": 3.256176,
        "h-5-02": 7.175763,
        "h-5-03": 7.108283,
        "h-6-02": 4.882522,
        "h-6-03": 6.528833,
        "h-5-01": 6.496953,
        "h-1-02": 4.685522,
        "h-2-02": 5.766007,
        "h-4-01": 2.107825,
        "h-1-01": 54.999098,
        "h-1-03": 26.173877,
        "h-3-03": 4.151052,
        "h-3-01": 4.062591,
        "arm_h-7-01": 0.654229,
        "arm_h-1-03": 26.202771,
        "arm_fft2": 0.017686,
        "arm_matmul1": 17.990548,
        "arm_shuffle2": 0.163481,
        "arm_h-8-02": 3.553895,
        "arm_03_sort1": 1.258268,
        "arm_shuffle0": 9.377398,
        "arm_crypto-3": 2.713839,
        "arm_h-4-03": 12.885318,
        "arm_crypto-2": 2.197494,
        "arm_transpose0": 3.323118,
        "arm_h-1-02": 4.73343,
        "arm_transpose1": 2.589657,
        "arm_h-2-03": 6.993532,
        "arm_04_spmv3": 1.729945,
        "arm_matmul2": 25.558359,
        "arm_transpose2": 12.560753,
        "arm_03_sort3": 0.189165,
        "arm_h-8-03": 4.592753,
        "arm_h-2-02": 5.986139,
        "arm_sl3": 1.02929,
        "arm_h-11-01": 191.681373,
        "arm_01_mm1": 9.035833,
        "arm_crypto-1": 2.736908,
        "arm_h-4-02": 7.110061,
        "arm_h-4-01": 2.121162,
        "arm_h-5-03": 11.455682,
        "arm_shuffle1": 18.667976,
        "arm_matmul3": 25.797409,
        "arm_03_sort2": 18.958488,
        "arm_h-8-01": 5.312775,
        "arm_04_spmv1": 8.771515,
        "arm_01_mm2": 8.534047,
        "arm_h-10-02": 26.33301,
        "arm_h-1-01": 54.859326,
        "arm_if-combine2": 40.869638,
        "arm_h-12-01": 2.163547,
        "arm_h-10-01": 0.036971,
        "arm_h-9-03": 0.007317,
        "arm_sl1": 5.486591,
        "arm_gameoflife-oscillator": 11.809085,
        "arm_h-5-02": 8.924911,
        "arm_fft1": 6.827622,
        "arm_04_spmv2": 6.405288,
        "arm_sl2": 2.948528,
        "arm_gameoflife-p61glidergun": 13.50093,
        "arm_h-13-01": 1.116979,
        "arm_h-5-01": 10.780258,
        "arm_if-combine3": 68.151029,
        "arm_if-combine1": 0.057344,
        "arm_01_mm3": 4.872986,
        "arm_gameoflife-gosper": 13.553349,
        "arm_fft0": 3.093358,
        "arm_sort_search": 0.280889,
        "arm_h-14-01": 3.921627,
        "arm_h-2-01": 5.918485,
        "arm_h-9-02": 0.011142,
        "arm_h-9-01": 0.007838,
        "04_spmv3": 1.923806,
        "03_sort3": 3.650811,
        "04_spmv1": 4.331476,
        "matmul2": 11.845272,
        "gameoflife-oscillator": 11.79793,
        "large_loop_array_3": 2.920487,
        "01_mm3": 5.994221,
        "sl3": 1.671171,
        "transpose0": 4.632596,
        "03_sort1": 1.259103,
        "03_sort2": 18.349254,
        "shuffle2": 6.090988,
        "if-combine3": 28.062602,
        "transpose2": 13.47692,
        "shuffle1": 17.045559,
        "fft1": 6.756638,
        "large_loop_array_1": 3.612491,
        "transpose1": 2.647787,
        "shuffle0": 27.487475,
        "01_mm1": 6.84291,
        "large_loop_array_2": 7.228991,
        "01_mm2": 7.702696,
        "04_spmv2": 10.184536,
        "recursive_call_3": 0.00448,
        "gameoflife-p61glidergun": 13.593012,
        "if-combine1": 11.198978,
        "matmul3": 11.385498,
        "fft0": 3.11121,
        "fft2": 6.463018,
        "recursive_call_2": 0.003423,
        "gameoflife-gosper": 13.509807,
        "sl1": 5.05711,
        "matmul1": 9.581096,
        "recursive_call_1": 0.00304,
        "if-combine2": 16.408309,
        "sl2": 1.871586
    }
}