{
    "commit": "41849afca38c9d72fc46a9ae22f410e36bb44a7f",
    "author": "GitHub Action",
    "timestamp": "2025-08-24T01:53:36Z",
    "message": "Docs: update README.",
    "results": {
        "2024-DCV-7": 5.684278,
        "2024-H17-1": 5.63976,
        "2024-FVJ-15": 5.709079,
        "2024-7UJ-12": 0.477868,
        "2024-C64-14": 6.880426,
        "2024-KVV-20": 2.032084,
        "2024-FAF-19": 18.938463,
        "2024-NT1-4": 13.843303,
        "2024-CH6-24": 0.311412,
        "2024-NKK-22": 0.888246,
        "2024-LN4-9": 5.604615,
        "2024-VTF-5": 3.297468,
        "2024-I4W-2": 5.283291,
        "2024-2KM-21": 3.463016,
        "2024-MXP-16": 7.001688,
        "2024-U03-25": 15.932734,
        "2024-0ZE-13": 3.299566,
        "2024-BAV-3": 32.278756,
        "2024-931-6": 2.096894,
        "2024-PKP-8": 3.641732,
        "2024-NCY-23": 3.151316,
        "2024-JVU-10": 39.58785,
        "2024-1WO-11": 5.740089,
        "2024-K0I-17": 12.9671,
        "2024-8NL-18": 3.319422,
        "2024-VGH-20": 5.119144,
        "2024-FQX-25": 4.726561,
        "2024-5NG-2": 9.353039,
        "2024-BE3-31": 2.156256,
        "2024-FI8-9": 1.85351,
        "2024-PCT-14": 1.234395,
        "2024-IG5-12": 10.018269,
        "2024-JR2-21": 2.335887,
        "2024-LW8-7": 10.615625,
        "2024-CH1-5": 0.67298,
        "2024-84M-11": 3.216877,
        "2024-VRT-1": 1.619392,
        "2024-2D0-22": 0.755484,
        "2024-1RK-26": 5.677009,
        "2024-Y60-18": 1.446041,
        "2024-AZ7-32": 2.175552,
        "2024-TBR-19": 35.704269,
        "2024-U7D-6": 1.619942,
        "2024-QV9-34": 6.884111,
        "2024-51P-30": 3.621919,
        "2024-K22-4": 3.197835,
        "2024-OBF-29": 2.770547,
        "2024-XRB-24": 0.557403,
        "2024-T6G-27": 3.810111,
        "2024-BJV-10": 1.6179,
        "2024-X7M-3": 7.505581,
        "2024-ETJ-33": 2.199618,
        "2024-XU5-13": 2.731721,
        "2024-V6O-23": 1.448249,
        "2024-Z3A-28": 2.394095,
        "2024-I9Y-15": 1.938584,
        "2024-5HA-8": 6.692393,
        "2024-U7W-16": 5.945205,
        "2024-PAF-17": 4.493944,
        "rv_sort_search": 0.413777,
        "rv_transpose1": 0.027169,
        "rv_h-4-02": 5.1e-05,
        "rv_matmul1": 0.012827,
        "rv_h-9-01": 0.04506,
        "rv_crypto-3": 0.045538,
        "rv_sl2": 0.233076,
        "rv_h-8-03": 1.3e-05,
        "rv_h-9-02": 0.005418,
        "rv_h-8-01": 1.3e-05,
        "rv_h-4-03": 0.174004,
        "rv_matmul3": 0.025872,
        "rv_h-9-03": 0.000543,
        "rv_h-10-01": 0.005564,
        "rv_shuffle2": 0.147118,
        "rv_h-5-03": 1.2e-05,
        "rv_fft1": 5.895805,
        "rv_03_sort3": 0.091289,
        "rv_h-5-01": 2.7e-05,
        "rv_transpose0": 0.013852,
        "rv_gameoflife-oscillator": 0.059286,
        "rv_01_mm3": 0.054313,
        "rv_h-11-02": 0.001179,
        "rv_if-combine1": 0.001053,
        "rv_if-combine2": 0.025918,
        "rv_sl3": 0.015748,
        "rv_shuffle1": 0.339934,
        "rv_h-2-01": 0.107312,
        "rv_04_spmv2": 0.003382,
        "rv_gameoflife-gosper": 0.000165,
        "rv_if-combine3": 0.038759,
        "rv_matmul2": 0.044572,
        "rv_04_spmv3": 0.075109,
        "rv_h-2-02": 0.097842,
        "rv_h-11-01": 0.001147,
        "rv_shuffle0": 0.019379,
        "rv_gameoflife-p61glidergun": 0.071413,
        "rv_h-7-01": 0.003935,
        "rv_04_spmv1": 0.105765,
        "rv_03_sort2": 10.809213,
        "rv_h-10-03": 0.026047,
        "rv_01_mm2": 0.078407,
        "rv_crypto-1": 0.112599,
        "rv_fft2": 0.016368,
        "rv_transpose2": 0.309835,
        "rv_crypto-2": 0.079215,
        "rv_01_mm1": 0.026167,
        "rv_h-4-01": 0.01448,
        "rv_h-5-02": 1.1e-05,
        "rv_h-2-03": 0.151648,
        "rv_h-10-02": 0.012602,
        "rv_h-11-03": 0.006616,
        "rv_h-8-02": 1.1e-05,
        "rv_sl1": 0.116333,
        "h-2-03": 6.872727,
        "h-8-01": 3.365702,
        "h-8-02": 3.396053,
        "h-8-03": 3.318653,
        "h-4-02": 6.952379,
        "h-7-01": 0.314547,
        "h-2-01": 5.748193,
        "h-4-03": 12.951567,
        "h-3-02": 3.006652,
        "h-6-01": 2.846213,
        "h-5-02": 5.613159,
        "h-5-03": 5.556089,
        "h-6-02": 4.270942,
        "h-6-03": 5.696185,
        "h-5-01": 5.583145,
        "h-1-02": 3.468564,
        "h-2-02": 5.63295,
        "h-4-01": 2.099483,
        "h-1-01": 40.420017,
        "h-1-03": 18.911329,
        "h-3-03": 3.013362,
        "h-3-01": 2.999214,
        "arm_h-7-01": 0.311417,
        "arm_h-1-03": 18.936871,
        "arm_fft2": 0.016018,
        "arm_matmul1": 1.609202,
        "arm_shuffle2": 0.147009,
        "arm_h-8-02": 3.251345,
        "arm_03_sort1": 0.673292,
        "arm_shuffle0": 4.881966,
        "arm_crypto-3": 1.156132,
        "arm_h-4-03": 12.861878,
        "arm_crypto-2": 0.872354,
        "arm_transpose0": 2.973676,
        "arm_h-1-02": 3.393637,
        "arm_transpose1": 2.291898,
        "arm_h-2-03": 6.877695,
        "arm_04_spmv3": 0.753674,
        "arm_matmul2": 1.621705,
        "arm_transpose2": 10.415784,
        "arm_03_sort3": 0.090955,
        "arm_h-8-03": 3.281,
        "arm_h-2-02": 5.633253,
        "arm_sl3": 0.578652,
        "arm_h-11-01": 40.353115,
        "arm_01_mm1": 4.806304,
        "arm_crypto-1": 1.06381,
        "arm_h-4-02": 6.963094,
        "arm_h-4-01": 2.111418,
        "arm_h-5-03": 5.643742,
        "arm_shuffle1": 9.754639,
        "arm_matmul3": 1.621483,
        "arm_03_sort2": 10.832467,
        "arm_h-8-01": 3.308344,
        "arm_04_spmv1": 2.107163,
        "arm_01_mm2": 4.368136,
        "arm_h-10-02": 3.345913,
        "arm_h-1-01": 39.536384,
        "arm_if-combine2": 2.175212,
        "arm_h-12-01": 2.03228,
        "arm_h-10-01": 0.006176,
        "arm_h-9-03": 0.115672,
        "arm_sl1": 3.18103,
        "arm_gameoflife-oscillator": 6.61701,
        "arm_h-5-02": 5.642905,
        "arm_fft1": 5.904828,
        "arm_04_spmv2": 1.579059,
        "arm_sl2": 1.220854,
        "arm_gameoflife-p61glidergun": 6.936392,
        "arm_h-13-01": 0.889317,
        "arm_h-5-01": 5.651629,
        "arm_if-combine3": 3.623406,
        "arm_if-combine1": 0.010939,
        "arm_01_mm3": 2.590376,
        "arm_gameoflife-gosper": 7.438178,
        "arm_fft0": 2.744172,
        "arm_sort_search": 0.392116,
        "arm_h-14-01": 3.642741,
        "arm_h-2-01": 5.729086,
        "arm_h-9-02": 5.282092,
        "arm_h-9-01": 0.479405,
        "04_spmv3": 0.756179,
        "03_sort3": 1.882925,
        "04_spmv1": 2.122109,
        "matmul2": 0.878867,
        "gameoflife-oscillator": 6.577292,
        "large_loop_array_3": 1.941725,
        "01_mm3": 2.877732,
        "sl3": 0.558623,
        "transpose0": 2.828798,
        "03_sort1": 0.677528,
        "03_sort2": 10.747963,
        "shuffle2": 2.405189,
        "if-combine3": 3.63189,
        "transpose2": 10.006526,
        "shuffle1": 9.705332,
        "fft1": 5.903189,
        "large_loop_array_1": 2.336251,
        "transpose1": 2.242827,
        "shuffle0": 9.909373,
        "01_mm1": 4.504752,
        "large_loop_array_2": 4.900651,
        "01_mm2": 3.91523,
        "04_spmv2": 1.464224,
        "recursive_call_3": 8.288254,
        "gameoflife-p61glidergun": 6.899405,
        "if-combine1": 1.453593,
        "matmul3": 0.871993,
        "fft0": 2.738041,
        "fft2": 5.686342,
        "recursive_call_2": 4.144865,
        "gameoflife-gosper": 7.441418,
        "sl1": 3.174109,
        "matmul1": 0.903131,
        "recursive_call_1": 16.554981,
        "if-combine2": 2.177122,
        "sl2": 1.217548
    }
}