{
    "commit": "43d3b512b0c7672f1ee5a924f32bb39dbdede294",
    "author": "GitHub Action",
    "timestamp": "2025-07-23T16:45:03Z",
    "message": "MIR: literal pool more reasonable manage...",
    "results": {
        "2024-DCV-7": 8.385986,
        "2024-H17-1": 6.314213,
        "2024-FVJ-15": 8.269391,
        "2024-7UJ-12": 0.006769,
        "2024-C64-14": 7.003867,
        "2024-KVV-20": 2.289778,
        "2024-FAF-19": 26.257488,
        "2024-NT1-4": 0.009018,
        "2024-CH6-24": 0.482575,
        "2024-NKK-22": 0.973068,
        "2024-LN4-9": 7.507712,
        "2024-VTF-5": 4.17529,
        "2024-I4W-2": 0.008526,
        "2024-2KM-21": 4.671833,
        "2024-MXP-16": 7.17074,
        "2024-U03-25": 132.371051,
        "2024-0ZE-13": 4.855614,
        "2024-BAV-3": 264.337765,
        "2024-931-6": 2.099448,
        "2024-PKP-8": 4.69533,
        "2024-NCY-23": 40.198274,
        "2024-JVU-10": 55.583535,
        "2024-1WO-11": 5.827011,
        "2024-K0I-17": 13.030258,
        "2024-8NL-18": 7.753019,
        "2024-VGH-20": 54.737128,
        "2024-FQX-25": 6.784913,
        "2024-5NG-2": 47.213528,
        "2024-BE3-31": 4.150088,
        "2024-FI8-9": 3.07752,
        "2024-PCT-14": 2.928028,
        "2024-IG5-12": 19.414256,
        "2024-JR2-21": 3.388918,
        "2024-LW8-7": 16.639062,
        "2024-CH1-5": 1.651636,
        "2024-84M-11": 7.766159,
        "2024-VRT-1": 6.245118,
        "2024-2D0-22": 1.221767,
        "2024-1RK-26": 7.331983,
        "2024-Y60-18": 2.717246,
        "2024-AZ7-32": 32.137131,
        "2024-TBR-19": 48.782961,
        "2024-U7D-6": 7.36623,
        "2024-QV9-34": 22.338509,
        "2024-51P-30": 84.959303,
        "2024-K22-4": 7.483838,
        "2024-OBF-29": 8.565911,
        "2024-XRB-24": 1.997956,
        "2024-T6G-27": 6.879514,
        "2024-BJV-10": 7.875459,
        "2024-X7M-3": 20.064559,
        "2024-ETJ-33": 5.73743,
        "2024-XU5-13": 4.041211,
        "2024-V6O-23": 43.472665,
        "2024-Z3A-28": 11.626745,
        "2024-I9Y-15": 1.805442,
        "2024-5HA-8": 17.051764,
        "2024-U7W-16": 6.807001,
        "2024-PAF-17": 5.595137,
        "rv_sort_search": 0.446611,
        "rv_transpose1": 0.044631,
        "rv_h-4-02": 0.000121,
        "rv_matmul1": 0.055712,
        "rv_h-9-01": 0.008521,
        "rv_crypto-3": 0.07469,
        "rv_sl2": 0.317113,
        "rv_h-8-03": 2.2e-05,
        "rv_h-9-02": 0.00825,
        "rv_h-8-01": 2.4e-05,
        "rv_h-4-03": 0.198433,
        "rv_matmul3": 0.109681,
        "rv_h-9-03": 0.006045,
        "rv_h-10-01": 0.03626,
        "rv_shuffle2": 0.172228,
        "rv_h-5-03": 2.4e-05,
        "rv_fft1": 6.781929,
        "rv_03_sort3": 0.111919,
        "rv_h-5-01": 2.1e-05,
        "rv_transpose0": 0.013402,
        "rv_gameoflife-oscillator": 0.150137,
        "rv_01_mm3": 0.06008,
        "rv_h-11-02": 0.001108,
        "rv_if-combine1": 0.001692,
        "rv_if-combine2": 0.366393,
        "rv_sl3": 0.026322,
        "rv_shuffle1": 0.624204,
        "rv_h-2-01": 0.246998,
        "rv_04_spmv2": 0.005684,
        "rv_gameoflife-gosper": 0.000145,
        "rv_if-combine3": 0.810646,
        "rv_matmul2": 0.202191,
        "rv_04_spmv3": 0.068644,
        "rv_h-2-02": 0.140194,
        "rv_h-11-01": 0.001116,
        "rv_shuffle0": 0.032745,
        "rv_gameoflife-p61glidergun": 0.16383,
        "rv_h-7-01": 0.009226,
        "rv_04_spmv1": 0.118089,
        "rv_03_sort2": 14.136383,
        "rv_h-10-03": 0.161594,
        "rv_01_mm2": 0.0911,
        "rv_crypto-1": 0.186131,
        "rv_fft2": 0.013867,
        "rv_transpose2": 0.368496,
        "rv_crypto-2": 0.133281,
        "rv_01_mm1": 0.0354,
        "rv_h-4-01": 0.011798,
        "rv_h-5-02": 1.7e-05,
        "rv_h-2-03": 0.194136,
        "rv_h-10-02": 0.066102,
        "rv_h-11-03": 0.006618,
        "rv_h-8-02": 1.1e-05,
        "rv_sl1": 0.144799,
        "h-2-03": 6.915523,
        "h-8-01": 4.144424,
        "h-8-02": 4.169184,
        "h-8-03": 3.831795,
        "h-4-02": 7.469656,
        "h-7-01": 0.497196,
        "h-2-01": 5.668228,
        "h-4-03": 12.997712,
        "h-3-02": 3.227937,
        "h-6-01": 2.988365,
        "h-5-02": 7.378456,
        "h-5-03": 7.257272,
        "h-6-02": 4.638151,
        "h-6-03": 5.924874,
        "h-5-01": 6.406599,
        "h-1-02": 4.570587,
        "h-2-02": 5.87862,
        "h-4-01": 2.082412,
        "h-1-01": 62.110856,
        "h-1-03": 28.173723,
        "h-3-03": 5.01304,
        "h-3-01": 4.844538,
        "arm_h-7-01": 0.355593,
        "arm_h-1-03": 29.047146,
        "arm_fft2": 0.013715,
        "arm_matmul1": 4.352748,
        "arm_shuffle2": 0.152946,
        "arm_h-8-02": 3.607437,
        "arm_03_sort1": 0.804484,
        "arm_shuffle0": 6.219854,
        "arm_crypto-3": 1.732891,
        "arm_h-4-03": 14.976136,
        "arm_crypto-2": 1.356522,
        "arm_transpose0": 3.38989,
        "arm_h-1-02": 5.154614,
        "arm_transpose1": 3.078358,
        "arm_h-2-03": 7.145857,
        "arm_04_spmv3": 0.690481,
        "arm_matmul2": 6.212272,
        "arm_transpose2": 16.537106,
        "arm_03_sort3": 0.124094,
        "arm_h-8-03": 5.477455,
        "arm_h-2-02": 8.207046,
        "arm_sl3": 1.157769,
        "arm_h-11-01": 249.715308,
        "arm_01_mm1": 7.631068,
        "arm_crypto-1": 1.722407,
        "arm_h-4-02": 8.525177,
        "arm_h-4-01": 2.171642,
        "arm_h-5-03": 11.174896,
        "arm_shuffle1": 21.720321,
        "arm_matmul3": 7.58221,
        "arm_03_sort2": 13.847633,
        "arm_h-8-01": 6.413241,
        "arm_04_spmv1": 7.029126,
        "arm_01_mm2": 6.991238,
        "arm_h-10-02": 31.046788,
        "arm_h-1-01": 61.914614,
        "arm_if-combine2": 28.595018,
        "arm_h-12-01": 3.239129,
        "arm_h-10-01": 0.038565,
        "arm_h-9-03": 0.006995,
        "arm_sl1": 4.254344,
        "arm_gameoflife-oscillator": 16.983547,
        "arm_h-5-02": 8.950836,
        "arm_fft1": 6.618185,
        "arm_04_spmv2": 2.446204,
        "arm_sl2": 1.894953,
        "arm_gameoflife-p61glidergun": 20.58116,
        "arm_h-13-01": 0.962173,
        "arm_h-5-01": 10.849832,
        "arm_if-combine3": 47.354642,
        "arm_if-combine1": 0.18196,
        "arm_01_mm3": 6.150746,
        "arm_gameoflife-gosper": 22.667413,
        "arm_fft0": 3.976578,
        "arm_sort_search": 0.595961,
        "arm_h-14-01": 5.019537,
        "arm_h-2-01": 7.596893,
        "arm_h-9-02": 0.022436,
        "arm_h-9-01": 0.013103,
        "04_spmv3": 1.336701,
        "03_sort3": 2.88057,
        "04_spmv1": 4.900028,
        "matmul2": 2.123847,
        "gameoflife-oscillator": 18.82816,
        "large_loop_array_3": 1.960845,
        "01_mm3": 6.625249,
        "sl3": 1.159888,
        "transpose0": 4.937851,
        "03_sort1": 0.814539,
        "03_sort2": 18.316672,
        "shuffle2": 5.673472,
        "if-combine3": 64.793036,
        "transpose2": 16.634304,
        "shuffle1": 17.309689,
        "fft1": 8.629306,
        "large_loop_array_1": 3.156597,
        "transpose1": 5.855373,
        "shuffle0": 21.548926,
        "01_mm1": 8.775049,
        "large_loop_array_2": 5.987884,
        "01_mm2": 10.302973,
        "04_spmv2": 6.582226,
        "recursive_call_3": 0.003407,
        "gameoflife-p61glidergun": 18.096955,
        "if-combine1": 21.252683,
        "matmul3": 2.094159,
        "fft0": 3.013578,
        "fft2": 6.37498,
        "recursive_call_2": 0.002576,
        "gameoflife-gosper": 18.368079,
        "sl1": 5.477469,
        "matmul1": 2.680278,
        "recursive_call_1": 0.005042,
        "if-combine2": 30.751284,
        "sl2": 1.429688
    }
}