{
    "commit": "4657bb8c470985e21cb5676ec9a85d9407e9865b",
    "author": "GitHub Action",
    "timestamp": "2025-08-24T11:38:50Z",
    "message": "CSTR: Fix OmegaSolver.",
    "results": {
        "2024-DCV-7": 5.723198,
        "2024-H17-1": 5.67555,
        "2024-FVJ-15": 5.621021,
        "2024-7UJ-12": 0.47797,
        "2024-C64-14": 6.86505,
        "2024-KVV-20": 2.031124,
        "2024-FAF-19": 19.333867,
        "2024-NT1-4": 13.826323,
        "2024-CH6-24": 0.311574,
        "2024-NKK-22": 0.885902,
        "2024-LN4-9": 5.546423,
        "2024-VTF-5": 3.325988,
        "2024-I4W-2": 5.285576,
        "2024-2KM-21": 3.463472,
        "2024-MXP-16": 7.002253,
        "2024-U03-25": 19.11879,
        "2024-0ZE-13": 3.317341,
        "2024-BAV-3": 35.618268,
        "2024-931-6": 2.111711,
        "2024-PKP-8": 3.643344,
        "2024-NCY-23": 3.234361,
        "2024-JVU-10": 40.380371,
        "2024-1WO-11": 5.744406,
        "2024-K0I-17": 12.861388,
        "2024-8NL-18": 3.302869,
        "2024-VGH-20": 7.787152,
        "2024-FQX-25": 4.713429,
        "2024-5NG-2": 9.778278,
        "2024-BE3-31": 2.215955,
        "2024-FI8-9": 1.872945,
        "2024-PCT-14": 1.204211,
        "2024-IG5-12": 10.32831,
        "2024-JR2-21": 2.591324,
        "2024-LW8-7": 10.730454,
        "2024-CH1-5": 0.679122,
        "2024-84M-11": 2.678262,
        "2024-VRT-1": 1.617769,
        "2024-2D0-22": 0.754369,
        "2024-1RK-26": 5.680808,
        "2024-Y60-18": 1.50986,
        "2024-AZ7-32": 2.175975,
        "2024-TBR-19": 37.172443,
        "2024-U7D-6": 1.655707,
        "2024-QV9-34": 7.115415,
        "2024-51P-30": 3.627428,
        "2024-K22-4": 3.181927,
        "2024-OBF-29": 2.858941,
        "2024-XRB-24": 0.552207,
        "2024-T6G-27": 3.470997,
        "2024-BJV-10": 1.618956,
        "2024-X7M-3": 7.482455,
        "2024-ETJ-33": 2.185598,
        "2024-XU5-13": 2.73898,
        "2024-V6O-23": 1.451114,
        "2024-Z3A-28": 2.504652,
        "2024-I9Y-15": 1.884638,
        "2024-5HA-8": 6.64214,
        "2024-U7W-16": 5.875007,
        "2024-PAF-17": 4.334143,
        "rv_sort_search": 0.413432,
        "rv_transpose1": 0.021831,
        "rv_h-4-02": 5.2e-05,
        "rv_matmul1": 0.01288,
        "rv_h-9-01": 0.045117,
        "rv_crypto-3": 0.045693,
        "rv_sl2": 0.230504,
        "rv_h-8-03": 1.2e-05,
        "rv_h-9-02": 0.005648,
        "rv_h-8-01": 1.2e-05,
        "rv_h-4-03": 0.174241,
        "rv_matmul3": 0.025846,
        "rv_h-9-03": 0.000513,
        "rv_h-10-01": 0.005781,
        "rv_shuffle2": 0.144229,
        "rv_h-5-03": 1.1e-05,
        "rv_fft1": 5.897699,
        "rv_03_sort3": 0.090971,
        "rv_h-5-01": 1.9e-05,
        "rv_transpose0": 0.012884,
        "rv_gameoflife-oscillator": 0.058037,
        "rv_01_mm3": 0.052616,
        "rv_h-11-02": 0.001161,
        "rv_if-combine1": 0.000924,
        "rv_if-combine2": 0.026055,
        "rv_sl3": 0.016963,
        "rv_shuffle1": 0.339085,
        "rv_h-2-01": 0.108061,
        "rv_04_spmv2": 0.003255,
        "rv_gameoflife-gosper": 0.0002,
        "rv_if-combine3": 0.039735,
        "rv_matmul2": 0.044598,
        "rv_04_spmv3": 0.076104,
        "rv_h-2-02": 0.096851,
        "rv_h-11-01": 0.001148,
        "rv_shuffle0": 0.019384,
        "rv_gameoflife-p61glidergun": 0.070805,
        "rv_h-7-01": 0.004723,
        "rv_04_spmv1": 0.106981,
        "rv_03_sort2": 10.618297,
        "rv_h-10-03": 0.026001,
        "rv_01_mm2": 0.077607,
        "rv_crypto-1": 0.110922,
        "rv_fft2": 0.01523,
        "rv_transpose2": 0.27831,
        "rv_crypto-2": 0.079693,
        "rv_01_mm1": 0.024504,
        "rv_h-4-01": 0.013184,
        "rv_h-5-02": 1.1e-05,
        "rv_h-2-03": 0.150958,
        "rv_h-10-02": 0.01243,
        "rv_h-11-03": 0.006575,
        "rv_h-8-02": 1.2e-05,
        "rv_sl1": 0.118034,
        "h-2-03": 6.892919,
        "h-8-01": 3.230981,
        "h-8-02": 3.330143,
        "h-8-03": 3.315144,
        "h-4-02": 7.004069,
        "h-7-01": 0.314583,
        "h-2-01": 5.740733,
        "h-4-03": 12.952741,
        "h-3-02": 3.012908,
        "h-6-01": 2.851306,
        "h-5-02": 5.700364,
        "h-5-03": 5.620033,
        "h-6-02": 4.272224,
        "h-6-03": 5.697507,
        "h-5-01": 5.598745,
        "h-1-02": 3.393593,
        "h-2-02": 5.636053,
        "h-4-01": 2.097494,
        "h-1-01": 39.59228,
        "h-1-03": 18.93535,
        "h-3-03": 2.998799,
        "h-3-01": 3.003133,
        "arm_h-7-01": 0.311442,
        "arm_h-1-03": 18.908985,
        "arm_fft2": 0.014124,
        "arm_matmul1": 1.616305,
        "arm_shuffle2": 0.142047,
        "arm_h-8-02": 3.340779,
        "arm_03_sort1": 0.678745,
        "arm_shuffle0": 5.924125,
        "arm_crypto-3": 1.155798,
        "arm_h-4-03": 12.953537,
        "arm_crypto-2": 0.870593,
        "arm_transpose0": 2.842744,
        "arm_h-1-02": 3.393601,
        "arm_transpose1": 2.411861,
        "arm_h-2-03": 6.872802,
        "arm_04_spmv3": 0.74847,
        "arm_matmul2": 1.615327,
        "arm_transpose2": 9.82122,
        "arm_03_sort3": 0.092343,
        "arm_h-8-03": 3.300496,
        "arm_h-2-02": 5.646459,
        "arm_sl3": 0.571817,
        "arm_h-11-01": 33.091427,
        "arm_01_mm1": 4.254567,
        "arm_crypto-1": 1.065533,
        "arm_h-4-02": 7.012071,
        "arm_h-4-01": 2.097694,
        "arm_h-5-03": 5.605154,
        "arm_shuffle1": 9.753387,
        "arm_matmul3": 1.660168,
        "arm_03_sort2": 10.728325,
        "arm_h-8-01": 3.298582,
        "arm_04_spmv1": 2.102796,
        "arm_01_mm2": 4.008138,
        "arm_h-10-02": 3.454106,
        "arm_h-1-01": 39.541499,
        "arm_if-combine2": 2.178622,
        "arm_h-12-01": 2.056272,
        "arm_h-10-01": 0.00529,
        "arm_h-9-03": 0.115526,
        "arm_sl1": 3.197898,
        "arm_gameoflife-oscillator": 6.778012,
        "arm_h-5-02": 5.594301,
        "arm_fft1": 5.897882,
        "arm_04_spmv2": 1.507768,
        "arm_sl2": 1.207254,
        "arm_gameoflife-p61glidergun": 7.003155,
        "arm_h-13-01": 0.887487,
        "arm_h-5-01": 5.605424,
        "arm_if-combine3": 3.626762,
        "arm_if-combine1": 0.010871,
        "arm_01_mm3": 3.283393,
        "arm_gameoflife-gosper": 7.502159,
        "arm_fft0": 2.746717,
        "arm_sort_search": 0.397671,
        "arm_h-14-01": 3.643518,
        "arm_h-2-01": 5.72126,
        "arm_h-9-02": 5.284909,
        "arm_h-9-01": 0.479312,
        "04_spmv3": 0.75231,
        "03_sort3": 1.852629,
        "04_spmv1": 2.146852,
        "matmul2": 0.87867,
        "gameoflife-oscillator": 6.739597,
        "large_loop_array_3": 1.876667,
        "01_mm3": 2.649958,
        "sl3": 0.547526,
        "transpose0": 2.844191,
        "03_sort1": 0.673779,
        "03_sort2": 10.839223,
        "shuffle2": 2.389627,
        "if-combine3": 3.628999,
        "transpose2": 9.944882,
        "shuffle1": 8.801443,
        "fft1": 5.900374,
        "large_loop_array_1": 2.422093,
        "transpose1": 2.42509,
        "shuffle0": 10.060036,
        "01_mm1": 4.081991,
        "large_loop_array_2": 4.667608,
        "01_mm2": 3.547744,
        "04_spmv2": 1.462722,
        "recursive_call_3": 8.278801,
        "gameoflife-p61glidergun": 7.009782,
        "if-combine1": 1.452495,
        "matmul3": 0.898934,
        "fft0": 2.743842,
        "fft2": 5.679753,
        "recursive_call_2": 4.139019,
        "gameoflife-gosper": 7.4422,
        "sl1": 3.161751,
        "matmul1": 0.870965,
        "recursive_call_1": 16.552628,
        "if-combine2": 2.178284,
        "sl2": 1.212371
    }
}