{
    "commit": "480360f7d85a0037e719011a9e05d4d82cba96d2",
    "author": "GitHub Action",
    "timestamp": "2025-08-09T10:23:36Z",
    "message": "IR: Revert Inline threshold.",
    "results": {
        "2024-DCV-7": 6.175845,
        "2024-H17-1": 5.884794,
        "2024-FVJ-15": 6.110949,
        "2024-7UJ-12": 0.007371,
        "2024-C64-14": 7.095181,
        "2024-KVV-20": 2.038033,
        "2024-FAF-19": 13.809164,
        "2024-NT1-4": 0.010258,
        "2024-CH6-24": 0.311371,
        "2024-NKK-22": 0.885301,
        "2024-LN4-9": 6.15047,
        "2024-VTF-5": 3.374654,
        "2024-I4W-2": 0.008238,
        "2024-2KM-21": 2.473834,
        "2024-MXP-16": 6.896221,
        "2024-U03-25": 0.73672,
        "2024-0ZE-13": 3.407598,
        "2024-BAV-3": 1.679079,
        "2024-931-6": 2.080417,
        "2024-PKP-8": 3.634531,
        "2024-NCY-23": 0.246495,
        "2024-JVU-10": 28.882673,
        "2024-1WO-11": 5.920198,
        "2024-K0I-17": 12.759798,
        "2024-8NL-18": 3.37805,
        "2024-VGH-20": 5.32297,
        "2024-FQX-25": 4.54239,
        "2024-5NG-2": 8.827432,
        "2024-BE3-31": 2.241034,
        "2024-FI8-9": 2.03419,
        "2024-PCT-14": 1.191628,
        "2024-IG5-12": 9.776106,
        "2024-JR2-21": 2.25015,
        "2024-LW8-7": 11.982081,
        "2024-CH1-5": 0.696649,
        "2024-84M-11": 2.594986,
        "2024-VRT-1": 1.493375,
        "2024-2D0-22": 0.677808,
        "2024-1RK-26": 5.578835,
        "2024-Y60-18": 1.441564,
        "2024-AZ7-32": 2.174986,
        "2024-TBR-19": 35.697714,
        "2024-U7D-6": 1.492298,
        "2024-QV9-34": 7.065473,
        "2024-51P-30": 3.623365,
        "2024-K22-4": 3.105873,
        "2024-OBF-29": 2.75026,
        "2024-XRB-24": 0.541321,
        "2024-T6G-27": 3.479178,
        "2024-BJV-10": 1.513758,
        "2024-X7M-3": 7.40791,
        "2024-ETJ-33": 2.298134,
        "2024-XU5-13": 2.684155,
        "2024-V6O-23": 1.450066,
        "2024-Z3A-28": 3.054148,
        "2024-I9Y-15": 1.876356,
        "2024-5HA-8": 6.525788,
        "2024-U7W-16": 5.862647,
        "2024-PAF-17": 3.90424,
        "rv_sort_search": 0.420034,
        "rv_transpose1": 0.026048,
        "rv_h-4-02": 0.000152,
        "rv_matmul1": 0.012077,
        "rv_h-9-01": 0.0064,
        "rv_crypto-3": 0.065552,
        "rv_sl2": 0.226642,
        "rv_h-8-03": 1.4e-05,
        "rv_h-9-02": 0.00555,
        "rv_h-8-01": 1.3e-05,
        "rv_h-4-03": 0.170633,
        "rv_matmul3": 0.022844,
        "rv_h-9-03": 0.005419,
        "rv_h-10-01": 0.002237,
        "rv_shuffle2": 0.137153,
        "rv_h-5-03": 1.2e-05,
        "rv_fft1": 5.870141,
        "rv_03_sort3": 0.100369,
        "rv_h-5-01": 1.9e-05,
        "rv_transpose0": 0.017509,
        "rv_gameoflife-oscillator": 0.061171,
        "rv_01_mm3": 0.051591,
        "rv_h-11-02": 0.001114,
        "rv_if-combine1": 0.000403,
        "rv_if-combine2": 0.024968,
        "rv_sl3": 0.019579,
        "rv_shuffle1": 0.333326,
        "rv_h-2-01": 0.132063,
        "rv_04_spmv2": 0.003579,
        "rv_gameoflife-gosper": 0.000195,
        "rv_if-combine3": 0.039248,
        "rv_matmul2": 0.040638,
        "rv_04_spmv3": 0.068006,
        "rv_h-2-02": 0.125258,
        "rv_h-11-01": 0.001179,
        "rv_shuffle0": 0.022024,
        "rv_gameoflife-p61glidergun": 0.072306,
        "rv_h-7-01": 0.004345,
        "rv_04_spmv1": 0.153494,
        "rv_03_sort2": 11.744386,
        "rv_h-10-03": 0.007383,
        "rv_01_mm2": 0.068536,
        "rv_crypto-1": 0.160058,
        "rv_fft2": 0.014551,
        "rv_transpose2": 0.268317,
        "rv_crypto-2": 0.11267,
        "rv_01_mm1": 0.022033,
        "rv_h-4-01": 0.014595,
        "rv_h-5-02": 1.1e-05,
        "rv_h-2-03": 0.186265,
        "rv_h-10-02": 0.004259,
        "rv_h-11-03": 0.006536,
        "rv_h-8-02": 1.3e-05,
        "rv_sl1": 0.115947,
        "h-2-03": 7.107336,
        "h-8-01": 3.331205,
        "h-8-02": 3.348618,
        "h-8-03": 3.353043,
        "h-4-02": 6.895492,
        "h-7-01": 0.314707,
        "h-2-01": 5.908919,
        "h-4-03": 12.775988,
        "h-3-02": 3.007574,
        "h-6-01": 2.823344,
        "h-5-02": 6.148919,
        "h-5-03": 6.024832,
        "h-6-02": 4.234938,
        "h-6-03": 5.65161,
        "h-5-01": 6.099755,
        "h-1-02": 2.476787,
        "h-2-02": 6.03943,
        "h-4-01": 2.081161,
        "h-1-01": 28.888291,
        "h-1-03": 13.808201,
        "h-3-03": 3.018701,
        "h-3-01": 3.015081,
        "arm_h-7-01": 0.311528,
        "arm_h-1-03": 13.810836,
        "arm_fft2": 0.01558,
        "arm_matmul1": 1.501895,
        "arm_shuffle2": 0.140088,
        "arm_h-8-02": 3.327892,
        "arm_03_sort1": 0.705254,
        "arm_shuffle0": 5.921774,
        "arm_crypto-3": 1.670636,
        "arm_h-4-03": 12.759196,
        "arm_crypto-2": 1.261744,
        "arm_transpose0": 2.994291,
        "arm_h-1-02": 2.59114,
        "arm_transpose1": 2.372993,
        "arm_h-2-03": 7.090728,
        "arm_04_spmv3": 0.677118,
        "arm_matmul2": 1.497901,
        "arm_transpose2": 10.445849,
        "arm_03_sort3": 0.09816,
        "arm_h-8-03": 3.326945,
        "arm_h-2-02": 6.025403,
        "arm_sl3": 0.575815,
        "arm_h-11-01": 1.660283,
        "arm_01_mm1": 4.953808,
        "arm_crypto-1": 1.538227,
        "arm_h-4-02": 6.896262,
        "arm_h-4-01": 2.0816,
        "arm_h-5-03": 6.049957,
        "arm_shuffle1": 8.762113,
        "arm_matmul3": 1.519109,
        "arm_03_sort2": 11.756805,
        "arm_h-8-01": 3.364972,
        "arm_04_spmv1": 2.142017,
        "arm_01_mm2": 4.321651,
        "arm_h-10-02": 0.241481,
        "arm_h-1-01": 30.286758,
        "arm_if-combine2": 2.18363,
        "arm_h-12-01": 2.030716,
        "arm_h-10-01": 0.002728,
        "arm_h-9-03": 0.00597,
        "arm_sl1": 3.131772,
        "arm_gameoflife-oscillator": 6.700538,
        "arm_h-5-02": 6.096655,
        "arm_fft1": 5.863247,
        "arm_04_spmv2": 1.461815,
        "arm_sl2": 1.207844,
        "arm_gameoflife-p61glidergun": 6.948548,
        "arm_h-13-01": 0.886762,
        "arm_h-5-01": 6.15308,
        "arm_if-combine3": 3.655577,
        "arm_if-combine1": 0.008543,
        "arm_01_mm3": 2.460709,
        "arm_gameoflife-gosper": 7.509034,
        "arm_fft0": 2.701254,
        "arm_sort_search": 0.397932,
        "arm_h-14-01": 3.635654,
        "arm_h-2-01": 5.929651,
        "arm_h-9-02": 0.008926,
        "arm_h-9-01": 0.008376,
        "04_spmv3": 0.678442,
        "03_sort3": 2.036258,
        "04_spmv1": 2.157324,
        "matmul2": 0.902981,
        "gameoflife-oscillator": 6.682198,
        "large_loop_array_3": 1.806831,
        "01_mm3": 2.591955,
        "sl3": 0.542535,
        "transpose0": 2.861749,
        "03_sort1": 0.704701,
        "03_sort2": 12.0688,
        "shuffle2": 3.089161,
        "if-combine3": 3.628247,
        "transpose2": 10.009119,
        "shuffle1": 8.839702,
        "fft1": 5.850116,
        "large_loop_array_1": 2.252595,
        "transpose1": 2.186797,
        "shuffle0": 5.198827,
        "01_mm1": 3.952578,
        "large_loop_array_2": 4.526321,
        "01_mm2": 3.457525,
        "04_spmv2": 1.511171,
        "recursive_call_3": 0.003126,
        "gameoflife-p61glidergun": 7.023987,
        "if-combine1": 1.452608,
        "matmul3": 0.901954,
        "fft0": 2.704921,
        "fft2": 5.708909,
        "recursive_call_2": 0.002877,
        "gameoflife-gosper": 7.512831,
        "sl1": 3.133589,
        "matmul1": 0.901638,
        "recursive_call_1": 0.003316,
        "if-combine2": 2.182261,
        "sl2": 1.211038
    }
}