{
    "commit": "4ba7e915c3bd77fad70bd157e89851c06c67a9a0",
    "author": "GitHub Action",
    "timestamp": "2025-07-21T05:52:55Z",
    "message": "IR: Remove Int128.",
    "results": {
        "2024-DCV-7": 8.221918,
        "2024-H17-1": 6.170522,
        "2024-FVJ-15": 8.005234,
        "2024-7UJ-12": 0.006382,
        "2024-C64-14": 7.39711,
        "2024-KVV-20": 2.530505,
        "2024-FAF-19": 27.985979,
        "2024-NT1-4": 0.009046,
        "2024-CH6-24": 0.454037,
        "2024-NKK-22": 1.032035,
        "2024-LN4-9": 7.683634,
        "2024-VTF-5": 3.841187,
        "2024-I4W-2": 0.008603,
        "2024-2KM-21": 4.881336,
        "2024-MXP-16": 7.101238,
        "2024-U03-25": 124.160344,
        "2024-0ZE-13": 4.836282,
        "2024-BAV-3": 266.362596,
        "2024-931-6": 2.094376,
        "2024-PKP-8": 4.254167,
        "2024-NCY-23": 38.18309,
        "2024-JVU-10": 57.672274,
        "2024-1WO-11": 6.024514,
        "2024-K0I-17": 13.334281,
        "2024-8NL-18": 7.289624,
        "2024-VGH-20": 38.442439,
        "2024-FQX-25": 7.254232,
        "2024-5NG-2": 35.262059,
        "2024-BE3-31": 8.027005,
        "2024-FI8-9": 5.045706,
        "2024-PCT-14": 2.223123,
        "2024-IG5-12": 19.179919,
        "2024-JR2-21": 6.053777,
        "2024-LW8-7": 21.163038,
        "2024-CH1-5": 1.445992,
        "2024-84M-11": 5.684316,
        "2024-VRT-1": 18.606137,
        "2024-2D0-22": 2.353042,
        "2024-1RK-26": 7.876133,
        "2024-Y60-18": 4.66394,
        "2024-AZ7-32": 25.419474,
        "2024-TBR-19": 52.027769,
        "2024-U7D-6": 16.146857,
        "2024-QV9-34": 13.606753,
        "2024-51P-30": 44.035282,
        "2024-K22-4": 4.56317,
        "2024-OBF-29": 4.241346,
        "2024-XRB-24": 0.891143,
        "2024-T6G-27": 7.311444,
        "2024-BJV-10": 17.170359,
        "2024-X7M-3": 17.524791,
        "2024-ETJ-33": 4.399623,
        "2024-XU5-13": 3.385146,
        "2024-V6O-23": 15.486549,
        "2024-Z3A-28": 5.749385,
        "2024-I9Y-15": 2.954446,
        "2024-5HA-8": 12.502654,
        "2024-U7W-16": 6.865269,
        "2024-PAF-17": 8.042491,
        "rv_sort_search": 0.49722,
        "rv_transpose1": 0.028564,
        "rv_h-4-02": 0.000108,
        "rv_matmul1": 0.103918,
        "rv_h-9-01": 0.011009,
        "rv_crypto-3": 0.096704,
        "rv_sl2": 0.482934,
        "rv_h-8-03": 2.7e-05,
        "rv_h-9-02": 0.011135,
        "rv_h-8-01": 2.6e-05,
        "rv_h-4-03": 0.195159,
        "rv_matmul3": 0.364168,
        "rv_h-9-03": 0.014876,
        "rv_h-10-01": 0.087783,
        "rv_shuffle2": 0.324174,
        "rv_h-5-03": 2e-05,
        "rv_fft1": 7.19932,
        "rv_03_sort3": 0.172986,
        "rv_h-5-01": 3.5e-05,
        "rv_transpose0": 0.020451,
        "rv_gameoflife-oscillator": 0.107766,
        "rv_01_mm3": 0.192437,
        "rv_h-11-02": 0.001161,
        "rv_if-combine1": 0.001346,
        "rv_if-combine2": 0.221763,
        "rv_sl3": 0.023422,
        "rv_shuffle1": 0.653245,
        "rv_h-2-01": 0.138756,
        "rv_04_spmv2": 0.004945,
        "rv_gameoflife-gosper": 0.000111,
        "rv_if-combine3": 0.360096,
        "rv_matmul2": 0.381609,
        "rv_04_spmv3": 0.174936,
        "rv_h-2-02": 0.149156,
        "rv_h-11-01": 0.00131,
        "rv_shuffle0": 0.052177,
        "rv_gameoflife-p61glidergun": 0.130696,
        "rv_h-7-01": 0.005163,
        "rv_04_spmv1": 0.227663,
        "rv_03_sort2": 18.201261,
        "rv_h-10-03": 0.191485,
        "rv_01_mm2": 0.188186,
        "rv_crypto-1": 0.250606,
        "rv_fft2": 0.013491,
        "rv_transpose2": 0.432395,
        "rv_crypto-2": 0.159008,
        "rv_01_mm1": 0.057277,
        "rv_h-4-01": 0.019408,
        "rv_h-5-02": 1.2e-05,
        "rv_h-2-03": 0.19864,
        "rv_h-10-02": 0.103765,
        "rv_h-11-03": 0.007009,
        "rv_h-8-02": 1.4e-05,
        "rv_sl1": 0.20631,
        "h-2-03": 7.397597,
        "h-8-01": 5.272241,
        "h-8-02": 3.845483,
        "h-8-03": 3.833875,
        "h-4-02": 7.735163,
        "h-7-01": 0.430581,
        "h-2-01": 5.962565,
        "h-4-03": 12.956754,
        "h-3-02": 3.315179,
        "h-6-01": 3.403295,
        "h-5-02": 7.213376,
        "h-5-03": 7.015419,
        "h-6-02": 5.05935,
        "h-6-03": 6.654375,
        "h-5-01": 6.652083,
        "h-1-02": 4.84863,
        "h-2-02": 5.736924,
        "h-4-01": 2.148661,
        "h-1-01": 62.289034,
        "h-1-03": 30.148549,
        "h-3-03": 4.710798,
        "h-3-01": 4.63549,
        "arm_h-7-01": 0.452008,
        "arm_h-1-03": 30.614811,
        "arm_fft2": 0.01347,
        "arm_matmul1": 12.941438,
        "arm_shuffle2": 0.161395,
        "arm_h-8-02": 3.43955,
        "arm_03_sort1": 1.255025,
        "arm_shuffle0": 10.225898,
        "arm_crypto-3": 2.738798,
        "arm_h-4-03": 14.923944,
        "arm_crypto-2": 2.051096,
        "arm_transpose0": 3.698998,
        "arm_h-1-02": 6.452318,
        "arm_transpose1": 2.788267,
        "arm_h-2-03": 7.077982,
        "arm_04_spmv3": 1.755596,
        "arm_matmul2": 28.065492,
        "arm_transpose2": 27.761626,
        "arm_03_sort3": 0.158415,
        "arm_h-8-03": 4.295288,
        "arm_h-2-02": 5.915676,
        "arm_sl3": 1.737404,
        "arm_h-11-01": 201.642437,
        "arm_01_mm1": 8.073184,
        "arm_crypto-1": 2.607713,
        "arm_h-4-02": 7.200729,
        "arm_h-4-01": 2.108028,
        "arm_h-5-03": 10.970279,
        "arm_shuffle1": 18.50221,
        "arm_matmul3": 16.573449,
        "arm_03_sort2": 19.816904,
        "arm_h-8-01": 5.394064,
        "arm_04_spmv1": 5.00727,
        "arm_01_mm2": 10.03858,
        "arm_h-10-02": 29.657523,
        "arm_h-1-01": 58.362321,
        "arm_if-combine2": 23.382291,
        "arm_h-12-01": 2.178987,
        "arm_h-10-01": 0.036373,
        "arm_h-9-03": 0.00694,
        "arm_sl1": 4.511295,
        "arm_gameoflife-oscillator": 11.810794,
        "arm_h-5-02": 9.155391,
        "arm_fft1": 7.002174,
        "arm_04_spmv2": 2.97711,
        "arm_sl2": 1.732258,
        "arm_gameoflife-p61glidergun": 13.438086,
        "arm_h-13-01": 1.012688,
        "arm_h-5-01": 10.18813,
        "arm_if-combine3": 39.300803,
        "arm_if-combine1": 0.09312,
        "arm_01_mm3": 4.889881,
        "arm_gameoflife-gosper": 14.266538,
        "arm_fft0": 3.086032,
        "arm_sort_search": 0.449707,
        "arm_h-14-01": 4.034758,
        "arm_h-2-01": 6.041636,
        "arm_h-9-02": 0.01873,
        "arm_h-9-01": 0.007616,
        "04_spmv3": 1.869535,
        "03_sort3": 3.487899,
        "04_spmv1": 5.413778,
        "matmul2": 8.688256,
        "gameoflife-oscillator": 14.164816,
        "large_loop_array_3": 2.960745,
        "01_mm3": 7.290556,
        "sl3": 1.195138,
        "transpose0": 4.914671,
        "03_sort1": 1.271534,
        "03_sort2": 21.319611,
        "shuffle2": 5.77593,
        "if-combine3": 48.419997,
        "transpose2": 14.845373,
        "shuffle1": 17.295304,
        "fft1": 6.533374,
        "large_loop_array_1": 3.486515,
        "transpose1": 3.360897,
        "shuffle0": 23.700079,
        "01_mm1": 8.012149,
        "large_loop_array_2": 7.442578,
        "01_mm2": 8.653152,
        "04_spmv2": 8.178081,
        "recursive_call_3": 0.005451,
        "gameoflife-p61glidergun": 15.844717,
        "if-combine1": 20.118904,
        "matmul3": 7.690664,
        "fft0": 4.102023,
        "fft2": 8.500926,
        "recursive_call_2": 0.001986,
        "gameoflife-gosper": 15.317511,
        "sl1": 3.990913,
        "matmul1": 7.588266,
        "recursive_call_1": 0.007245,
        "if-combine2": 29.051816,
        "sl2": 2.558016
    }
}