{
    "commit": "4ba7e915c3bd77fad70bd157e89851c06c67a9a0",
    "author": "GitHub Action",
    "timestamp": "2025-07-21T05:52:55Z",
    "message": "IR: Remove Int128.",
    "results": {
        "aarch64/final/h_performance/2024-DCV-7": 8.221918,
        "aarch64/final/h_performance/2024-H17-1": 6.170522,
        "aarch64/final/h_performance/2024-FVJ-15": 8.005234,
        "aarch64/final/h_performance/2024-7UJ-12": 0.006382,
        "aarch64/final/h_performance/2024-C64-14": 7.39711,
        "aarch64/final/h_performance/2024-KVV-20": 2.530505,
        "aarch64/final/h_performance/2024-FAF-19": 27.985979,
        "aarch64/final/h_performance/2024-NT1-4": 0.009046,
        "aarch64/final/h_performance/2024-CH6-24": 0.454037,
        "aarch64/final/h_performance/2024-NKK-22": 1.032035,
        "aarch64/final/h_performance/2024-LN4-9": 7.683634,
        "aarch64/final/h_performance/2024-VTF-5": 3.841187,
        "aarch64/final/h_performance/2024-I4W-2": 0.008603,
        "aarch64/final/h_performance/2024-2KM-21": 4.881336,
        "aarch64/final/h_performance/2024-MXP-16": 7.101238,
        "aarch64/final/h_performance/2024-U03-25": 124.160344,
        "aarch64/final/h_performance/2024-0ZE-13": 4.836282,
        "aarch64/final/h_performance/2024-BAV-3": 266.362596,
        "aarch64/final/h_performance/2024-931-6": 2.094376,
        "aarch64/final/h_performance/2024-PKP-8": 4.254167,
        "aarch64/final/h_performance/2024-NCY-23": 38.18309,
        "aarch64/final/h_performance/2024-JVU-10": 57.672274,
        "aarch64/final/h_performance/2024-1WO-11": 6.024514,
        "aarch64/final/h_performance/2024-K0I-17": 13.334281,
        "aarch64/final/h_performance/2024-8NL-18": 7.289624,
        "aarch64/final/performance/2024-VGH-20": 38.442439,
        "aarch64/final/performance/2024-FQX-25": 7.254232,
        "aarch64/final/performance/2024-5NG-2": 35.262059,
        "aarch64/final/performance/2024-BE3-31": 8.027005,
        "aarch64/final/performance/2024-FI8-9": 5.045706,
        "aarch64/final/performance/2024-PCT-14": 2.223123,
        "aarch64/final/performance/2024-IG5-12": 19.179919,
        "aarch64/final/performance/2024-JR2-21": 6.053777,
        "aarch64/final/performance/2024-LW8-7": 21.163038,
        "aarch64/final/performance/2024-CH1-5": 1.445992,
        "aarch64/final/performance/2024-84M-11": 5.684316,
        "aarch64/final/performance/2024-VRT-1": 18.606137,
        "aarch64/final/performance/2024-2D0-22": 2.353042,
        "aarch64/final/performance/2024-1RK-26": 7.876133,
        "aarch64/final/performance/2024-Y60-18": 4.66394,
        "aarch64/final/performance/2024-AZ7-32": 25.419474,
        "aarch64/final/performance/2024-TBR-19": 52.027769,
        "aarch64/final/performance/2024-U7D-6": 16.146857,
        "aarch64/final/performance/2024-QV9-34": 13.606753,
        "aarch64/final/performance/2024-51P-30": 44.035282,
        "aarch64/final/performance/2024-K22-4": 4.56317,
        "aarch64/final/performance/2024-OBF-29": 4.241346,
        "aarch64/final/performance/2024-XRB-24": 0.891143,
        "aarch64/final/performance/2024-T6G-27": 7.311444,
        "aarch64/final/performance/2024-BJV-10": 17.170359,
        "aarch64/final/performance/2024-X7M-3": 17.524791,
        "aarch64/final/performance/2024-ETJ-33": 4.399623,
        "aarch64/final/performance/2024-XU5-13": 3.385146,
        "aarch64/final/performance/2024-V6O-23": 15.486549,
        "aarch64/final/performance/2024-Z3A-28": 5.749385,
        "aarch64/final/performance/2024-I9Y-15": 2.954446,
        "aarch64/final/performance/2024-5HA-8": 12.502654,
        "aarch64/final/performance/2024-U7W-16": 6.865269,
        "aarch64/final/performance/2024-PAF-17": 8.042491,
        "aarch64/performance_rv_25/rv_sort_search": 0.49722,
        "aarch64/performance_rv_25/rv_transpose1": 0.028564,
        "aarch64/performance_rv_25/rv_h-4-02": 0.000108,
        "aarch64/performance_rv_25/rv_matmul1": 0.103918,
        "aarch64/performance_rv_25/rv_h-9-01": 0.011009,
        "aarch64/performance_rv_25/rv_crypto-3": 0.096704,
        "aarch64/performance_rv_25/rv_sl2": 0.482934,
        "aarch64/performance_rv_25/rv_h-8-03": 2.7e-05,
        "aarch64/performance_rv_25/rv_h-9-02": 0.011135,
        "aarch64/performance_rv_25/rv_h-8-01": 2.6e-05,
        "aarch64/performance_rv_25/rv_h-4-03": 0.195159,
        "aarch64/performance_rv_25/rv_matmul3": 0.364168,
        "aarch64/performance_rv_25/rv_h-9-03": 0.014876,
        "aarch64/performance_rv_25/rv_h-10-01": 0.087783,
        "aarch64/performance_rv_25/rv_shuffle2": 0.324174,
        "aarch64/performance_rv_25/rv_h-5-03": 2e-05,
        "aarch64/performance_rv_25/rv_fft1": 7.19932,
        "aarch64/performance_rv_25/rv_03_sort3": 0.172986,
        "aarch64/performance_rv_25/rv_h-5-01": 3.5e-05,
        "aarch64/performance_rv_25/rv_transpose0": 0.020451,
        "aarch64/performance_rv_25/rv_gameoflife-oscillator": 0.107766,
        "aarch64/performance_rv_25/rv_01_mm3": 0.192437,
        "aarch64/performance_rv_25/rv_h-11-02": 0.001161,
        "aarch64/performance_rv_25/rv_if-combine1": 0.001346,
        "aarch64/performance_rv_25/rv_if-combine2": 0.221763,
        "aarch64/performance_rv_25/rv_sl3": 0.023422,
        "aarch64/performance_rv_25/rv_shuffle1": 0.653245,
        "aarch64/performance_rv_25/rv_h-2-01": 0.138756,
        "aarch64/performance_rv_25/rv_04_spmv2": 0.004945,
        "aarch64/performance_rv_25/rv_gameoflife-gosper": 0.000111,
        "aarch64/performance_rv_25/rv_if-combine3": 0.360096,
        "aarch64/performance_rv_25/rv_matmul2": 0.381609,
        "aarch64/performance_rv_25/rv_04_spmv3": 0.174936,
        "aarch64/performance_rv_25/rv_h-2-02": 0.149156,
        "aarch64/performance_rv_25/rv_h-11-01": 0.00131,
        "aarch64/performance_rv_25/rv_shuffle0": 0.052177,
        "aarch64/performance_rv_25/rv_gameoflife-p61glidergun": 0.130696,
        "aarch64/performance_rv_25/rv_h-7-01": 0.005163,
        "aarch64/performance_rv_25/rv_04_spmv1": 0.227663,
        "aarch64/performance_rv_25/rv_03_sort2": 18.201261,
        "aarch64/performance_rv_25/rv_h-10-03": 0.191485,
        "aarch64/performance_rv_25/rv_01_mm2": 0.188186,
        "aarch64/performance_rv_25/rv_crypto-1": 0.250606,
        "aarch64/performance_rv_25/rv_fft2": 0.013491,
        "aarch64/performance_rv_25/rv_transpose2": 0.432395,
        "aarch64/performance_rv_25/rv_crypto-2": 0.159008,
        "aarch64/performance_rv_25/rv_01_mm1": 0.057277,
        "aarch64/performance_rv_25/rv_h-4-01": 0.019408,
        "aarch64/performance_rv_25/rv_h-5-02": 1.2e-05,
        "aarch64/performance_rv_25/rv_h-2-03": 0.19864,
        "aarch64/performance_rv_25/rv_h-10-02": 0.103765,
        "aarch64/performance_rv_25/rv_h-11-03": 0.007009,
        "aarch64/performance_rv_25/rv_h-8-02": 1.4e-05,
        "aarch64/performance_rv_25/rv_sl1": 0.20631,
        "aarch64/h_performance/h-2-03": 7.397597,
        "aarch64/h_performance/h-8-01": 5.272241,
        "aarch64/h_performance/h-8-02": 3.845483,
        "aarch64/h_performance/h-8-03": 3.833875,
        "aarch64/h_performance/h-4-02": 7.735163,
        "aarch64/h_performance/h-7-01": 0.430581,
        "aarch64/h_performance/h-2-01": 5.962565,
        "aarch64/h_performance/h-4-03": 12.956754,
        "aarch64/h_performance/h-3-02": 3.315179,
        "aarch64/h_performance/h-6-01": 3.403295,
        "aarch64/h_performance/h-5-02": 7.213376,
        "aarch64/h_performance/h-5-03": 7.015419,
        "aarch64/h_performance/h-6-02": 5.05935,
        "aarch64/h_performance/h-6-03": 6.654375,
        "aarch64/h_performance/h-5-01": 6.652083,
        "aarch64/h_performance/h-1-02": 4.84863,
        "aarch64/h_performance/h-2-02": 5.736924,
        "aarch64/h_performance/h-4-01": 2.148661,
        "aarch64/h_performance/h-1-01": 62.289034,
        "aarch64/h_performance/h-1-03": 30.148549,
        "aarch64/h_performance/h-3-03": 4.710798,
        "aarch64/h_performance/h-3-01": 4.63549,