{
    "commit": "520a6393b570ba2a28ba4fdedb84d3ca67288696",
    "author": "GitHub Action",
    "timestamp": "2025-07-25T03:07:31Z",
    "message": "MIR: try fix spill",
    "results": {
        "2024-DCV-7": 8.140413,
        "2024-H17-1": 5.978209,
        "2024-FVJ-15": 8.353466,
        "2024-7UJ-12": 0.006175,
        "2024-C64-14": 7.147043,
        "2024-KVV-20": 2.348134,
        "2024-FAF-19": 27.240473,
        "2024-NT1-4": 0.009055,
        "2024-CH6-24": 0.380782,
        "2024-NKK-22": 1.054523,
        "2024-LN4-9": 7.359778,
        "2024-VTF-5": 3.855154,
        "2024-I4W-2": 0.008446,
        "2024-2KM-21": 4.944096,
        "2024-MXP-16": 7.086731,
        "2024-U03-25": 137.904113,
        "2024-0ZE-13": 4.801037,
        "2024-BAV-3": 269.199129,
        "2024-931-6": 2.09979,
        "2024-PKP-8": 4.219165,
        "2024-NCY-23": 43.912849,
        "2024-JVU-10": 56.832877,
        "2024-1WO-11": 5.902325,
        "2024-K0I-17": 13.168754,
        "2024-8NL-18": 8.541375,
        "2024-VGH-20": 42.529088,
        "2024-FQX-25": 5.745515,
        "2024-5NG-2": 42.138327,
        "2024-BE3-31": 7.411829,
        "2024-FI8-9": 3.239466,
        "2024-PCT-14": 2.390228,
        "2024-IG5-12": 19.915947,
        "2024-JR2-21": 2.639241,
        "2024-LW8-7": 15.746907,
        "2024-CH1-5": 1.203228,
        "2024-84M-11": 7.272517,
        "2024-VRT-1": 6.924402,
        "2024-2D0-22": 0.936131,
        "2024-1RK-26": 6.758335,
        "2024-Y60-18": 3.280072,
        "2024-AZ7-32": 35.902775,
        "2024-TBR-19": 50.29856,
        "2024-U7D-6": 7.646558,
        "2024-QV9-34": 13.163078,
        "2024-51P-30": 88.773777,
        "2024-K22-4": 7.248961,
        "2024-OBF-29": 7.899042,
        "2024-XRB-24": 1.476113,
        "2024-T6G-27": 6.479358,
        "2024-BJV-10": 7.587682,
        "2024-X7M-3": 12.460119,
        "2024-ETJ-33": 5.57784,
        "2024-XU5-13": 3.694317,
        "2024-V6O-23": 43.793146,
        "2024-Z3A-28": 12.316483,
        "2024-I9Y-15": 1.944616,
        "2024-5HA-8": 10.578893,
        "2024-U7W-16": 7.080959,
        "2024-PAF-17": 5.763871,
        "rv_sort_search": 0.495867,
        "rv_transpose1": 0.028343,
        "rv_h-4-02": 7.7e-05,
        "rv_matmul1": 0.064539,
        "rv_h-9-01": 0.009268,
        "rv_crypto-3": 0.082083,
        "rv_sl2": 0.520063,
        "rv_h-8-03": 2.2e-05,
        "rv_h-9-02": 0.007041,
        "rv_h-8-01": 2.3e-05,
        "rv_h-4-03": 0.172869,
        "rv_matmul3": 0.119969,
        "rv_h-9-03": 0.014623,
        "rv_h-10-01": 0.037852,
        "rv_shuffle2": 0.161006,
        "rv_h-5-03": 1.2e-05,
        "rv_fft1": 6.797042,
        "rv_03_sort3": 0.112975,
        "rv_h-5-01": 2.2e-05,
        "rv_transpose0": 0.013333,
        "rv_gameoflife-oscillator": 0.08058,
        "rv_01_mm3": 0.060999,
        "rv_h-11-02": 0.001105,
        "rv_if-combine1": 0.001017,
        "rv_if-combine2": 0.277867,
        "rv_sl3": 0.019965,
        "rv_shuffle1": 0.449786,
        "rv_h-2-01": 0.13872,
        "rv_04_spmv2": 0.004284,
        "rv_gameoflife-gosper": 8.6e-05,
        "rv_if-combine3": 0.90879,
        "rv_matmul2": 0.290656,
        "rv_04_spmv3": 0.084149,
        "rv_h-2-02": 0.267464,
        "rv_h-11-01": 0.001108,
        "rv_shuffle0": 0.047481,
        "rv_gameoflife-p61glidergun": 0.205869,
        "rv_h-7-01": 0.006207,
        "rv_04_spmv1": 0.193284,
        "rv_03_sort2": 14.144478,
        "rv_h-10-03": 0.135383,
        "rv_01_mm2": 0.170123,
        "rv_crypto-1": 0.215231,
        "rv_fft2": 0.013798,
        "rv_transpose2": 0.402546,
        "rv_crypto-2": 0.182234,
        "rv_01_mm1": 0.056563,
        "rv_h-4-01": 0.011573,
        "rv_h-5-02": 1.1e-05,
        "rv_h-2-03": 0.183668,
        "rv_h-10-02": 0.06374,
        "rv_h-11-03": 0.006842,
        "rv_h-8-02": 1.3e-05,
        "rv_sl1": 0.16778,
        "h-2-03": 6.92366,
        "h-8-01": 4.195139,
        "h-8-02": 3.936718,
        "h-8-03": 3.615613,
        "h-4-02": 7.483723,
        "h-7-01": 0.387608,
        "h-2-01": 5.651671,
        "h-4-03": 13.110661,
        "h-3-02": 3.29594,
        "h-6-01": 3.081162,
        "h-5-02": 7.667144,
        "h-5-03": 7.31172,
        "h-6-02": 4.488252,
        "h-6-03": 6.066802,
        "h-5-01": 6.583071,
        "h-1-02": 4.89799,
        "h-2-02": 5.615937,
        "h-4-01": 2.175013,
        "h-1-01": 63.079256,
        "h-1-03": 29.581985,
        "h-3-03": 4.77028,
        "h-3-01": 4.73693,
        "arm_h-7-01": 0.420652,
        "arm_h-1-03": 30.887931,
        "arm_fft2": 0.013808,
        "arm_matmul1": 4.33082,
        "arm_shuffle2": 0.262077,
        "arm_h-8-02": 3.486273,
        "arm_03_sort1": 0.816999,
        "arm_shuffle0": 6.222333,
        "arm_crypto-3": 1.870249,
        "arm_h-4-03": 14.4855,
        "arm_crypto-2": 1.32183,
        "arm_transpose0": 3.574827,
        "arm_h-1-02": 5.580453,
        "arm_transpose1": 2.727007,
        "arm_h-2-03": 7.279392,
        "arm_04_spmv3": 0.842334,
        "arm_matmul2": 7.211776,
        "arm_transpose2": 17.910393,
        "arm_03_sort3": 0.130118,
        "arm_h-8-03": 4.976014,
        "arm_h-2-02": 7.332578,
        "arm_sl3": 1.186755,
        "arm_h-11-01": 295.049123,
        "arm_01_mm1": 8.685487,
        "arm_crypto-1": 1.799713,
        "arm_h-4-02": 7.79821,
        "arm_h-4-01": 2.24871,
        "arm_h-5-03": 10.404581,
        "arm_shuffle1": 22.525861,
        "arm_matmul3": 7.367502,
        "arm_03_sort2": 15.01651,
        "arm_h-8-01": 6.358653,
        "arm_04_spmv1": 5.789776,
        "arm_01_mm2": 9.923226,
        "arm_h-10-02": 33.399321,
        "arm_h-1-01": 66.968263,
        "arm_if-combine2": 29.818901,
        "arm_h-12-01": 2.435904,
        "arm_h-10-01": 0.030404,
        "arm_h-9-03": 0.006092,
        "arm_sl1": 5.235806,
        "arm_gameoflife-oscillator": 10.740329,
        "arm_h-5-02": 8.756112,
        "arm_fft1": 7.146343,
        "arm_04_spmv2": 2.900324,
        "arm_sl2": 1.813311,
        "arm_gameoflife-p61glidergun": 10.535481,
        "arm_h-13-01": 0.959114,
        "arm_h-5-01": 10.00124,
        "arm_if-combine3": 55.13488,
        "arm_if-combine1": 0.155904,
        "arm_01_mm3": 5.295448,
        "arm_gameoflife-gosper": 13.84141,
        "arm_fft0": 4.279604,
        "arm_sort_search": 0.554889,
        "arm_h-14-01": 4.968782,
        "arm_h-2-01": 6.705651,
        "arm_h-9-02": 0.013529,
        "arm_h-9-01": 0.01344,
        "04_spmv3": 1.122817,
        "03_sort3": 2.938395,
        "04_spmv1": 4.701945,
        "matmul2": 3.127777,
        "gameoflife-oscillator": 11.021866,
        "large_loop_array_3": 2.46872,
        "01_mm3": 4.986367,
        "sl3": 1.378117,
        "transpose0": 7.411014,
        "03_sort1": 0.897093,
        "03_sort2": 18.228478,
        "shuffle2": 4.374935,
        "if-combine3": 46.76504,
        "transpose2": 17.814643,
        "shuffle1": 17.30176,
        "fft1": 8.98736,
        "large_loop_array_1": 2.903083,
        "transpose1": 4.177563,
        "shuffle0": 25.616076,
        "01_mm1": 10.366289,
        "large_loop_array_2": 6.243361,
        "01_mm2": 11.21615,
        "04_spmv2": 10.317955,
        "recursive_call_3": 0.005976,
        "gameoflife-p61glidergun": 12.627397,
        "if-combine1": 22.324115,
        "matmul3": 1.792136,
        "fft0": 3.039919,
        "fft2": 6.368971,
        "recursive_call_2": 0.002408,
        "gameoflife-gosper": 12.463634,
        "sl1": 4.521417,
        "matmul1": 1.895069,
        "recursive_call_1": 0.003054,
        "if-combine2": 24.588283,
        "sl2": 1.599163
    }
}