{
    "commit": "53a0be882278b95d60e384b7dd9cf7cd8389dd54",
    "author": "GitHub Action",
    "timestamp": "2025-08-10T08:17:08Z",
    "message": "MIR(ARM): fix vector shl",
    "results": {
        "2024-DCV-7": 6.165408,
        "2024-H17-1": 6.045829,
        "2024-FVJ-15": 6.18287,
        "2024-7UJ-12": 0.007629,
        "2024-C64-14": 7.079153,
        "2024-KVV-20": 2.034636,
        "2024-FAF-19": 13.58845,
        "2024-NT1-4": 0.008742,
        "2024-CH6-24": 0.311483,
        "2024-NKK-22": 0.883395,
        "2024-LN4-9": 6.116106,
        "2024-VTF-5": 3.389293,
        "2024-I4W-2": 0.009172,
        "2024-2KM-21": 2.408303,
        "2024-MXP-16": 6.900773,
        "2024-U03-25": 0.753748,
        "2024-0ZE-13": 3.389033,
        "2024-BAV-3": 1.646493,
        "2024-931-6": 2.083498,
        "2024-PKP-8": 3.640186,
        "2024-NCY-23": 0.245659,
        "2024-JVU-10": 28.144578,
        "2024-1WO-11": 5.926556,
        "2024-K0I-17": 12.773771,
        "2024-8NL-18": 3.34602,
        "2024-VGH-20": 5.229362,
        "2024-FQX-25": 4.498072,
        "2024-5NG-2": 9.824574,
        "2024-BE3-31": 2.345218,
        "2024-FI8-9": 2.746368,
        "2024-PCT-14": 1.208517,
        "2024-IG5-12": 10.171811,
        "2024-JR2-21": 2.340577,
        "2024-LW8-7": 15.874661,
        "2024-CH1-5": 0.831031,
        "2024-84M-11": 2.544084,
        "2024-VRT-1": 1.517039,
        "2024-2D0-22": 0.678672,
        "2024-Y60-18": 1.421585,
        "2024-AZ7-32": 2.1728,
        "2024-TBR-19": 35.73257,
        "2024-U7D-6": 1.517558,
        "2024-QV9-34": 7.073648,
        "2024-51P-30": 3.622608,
        "2024-K22-4": 3.147167,
        "2024-OBF-29": 2.84576,
        "2024-XRB-24": 0.55545,
        "2024-T6G-27": 4.400121,
        "2024-BJV-10": 1.5195,
        "2024-X7M-3": 7.536618,
        "2024-ETJ-33": 2.292987,
        "2024-V6O-23": 1.452646,
        "2024-Z3A-28": 2.576883,
        "2024-I9Y-15": 1.807273,
        "2024-5HA-8": 6.642665,
        "2024-PAF-17": 3.896172,
        "rv_sort_search": 0.413345,
        "rv_transpose1": 0.023893,
        "rv_h-4-02": 5.1e-05,
        "rv_matmul1": 0.012397,
        "rv_h-9-01": 0.006088,
        "rv_crypto-3": 0.051543,
        "rv_sl2": 0.229956,
        "rv_h-8-03": 1.3e-05,
        "rv_h-9-02": 0.005716,
        "rv_h-8-01": 1.2e-05,
        "rv_h-4-03": 0.17189,
        "rv_matmul3": 0.023774,
        "rv_h-9-03": 0.004568,
        "rv_h-10-01": 0.002551,
        "rv_shuffle2": 0.137298,
        "rv_h-5-03": 1.1e-05,
        "rv_03_sort3": 0.128411,
        "rv_h-5-01": 2e-05,
        "rv_transpose0": 0.01542,
        "rv_gameoflife-oscillator": 0.059731,
        "rv_01_mm3": 0.049698,
        "rv_h-11-02": 0.001173,
        "rv_if-combine1": 0.000394,
        "rv_if-combine2": 0.024801,
        "rv_sl3": 0.019898,
        "rv_shuffle1": 0.339029,
        "rv_h-2-01": 0.130931,
        "rv_04_spmv2": 0.003332,
        "rv_gameoflife-gosper": 0.000179,
        "rv_if-combine3": 0.039325,
        "rv_matmul2": 0.040847,
        "rv_04_spmv3": 0.06787,
        "rv_h-2-02": 0.129856,
        "rv_h-11-01": 0.001128,
        "rv_shuffle0": 0.034601,
        "rv_gameoflife-p61glidergun": 0.074067,
        "rv_h-7-01": 0.003806,
        "rv_04_spmv1": 0.107427,
        "rv_03_sort2": 15.879108,
        "rv_h-10-03": 0.007313,
        "rv_01_mm2": 0.068411,
        "rv_crypto-1": 0.125584,
        "rv_transpose2": 0.276784,
        "rv_crypto-2": 0.089158,
        "rv_01_mm1": 0.022601,
        "rv_h-4-01": 0.01302,
        "rv_h-5-02": 1.1e-05,
        "rv_h-2-03": 0.188823,
        "rv_h-10-02": 0.004364,
        "rv_h-11-03": 0.006661,
        "rv_h-8-02": 1.2e-05,
        "rv_sl1": 0.116836,
        "h-2-03": 7.097925,
        "h-8-01": 3.38786,
        "h-8-02": 3.371654,
        "h-8-03": 3.365897,
        "h-4-02": 6.897,
        "h-7-01": 0.314608,
        "h-2-01": 5.922669,
        "h-4-03": 12.762243,
        "h-3-02": 3.019803,
        "h-6-01": 2.825175,
        "h-5-02": 6.130658,
        "h-5-03": 6.18765,
        "h-6-02": 4.233446,
        "h-6-03": 5.656559,
        "h-5-01": 6.095781,
        "h-1-02": 2.437758,
        "h-2-02": 5.88601,
        "h-4-01": 2.08342,
        "h-1-01": 28.460774,
        "h-1-03": 13.45824,
        "h-3-03": 3.043538,
        "h-3-01": 3.020635,
        "arm_h-7-01": 0.311588,
        "arm_h-1-03": 13.451741,
        "arm_matmul1": 1.515808,
        "arm_shuffle2": 0.140715,
        "arm_h-8-02": 3.42544,
        "arm_03_sort1": 0.841236,
        "arm_shuffle0": 5.069341,
        "arm_crypto-3": 1.305074,
        "arm_h-4-03": 12.762832,
        "arm_crypto-2": 0.989869,
        "arm_transpose0": 2.990936,
        "arm_h-1-02": 2.411458,
        "arm_transpose1": 2.369879,
        "arm_h-2-03": 7.106156,
        "arm_04_spmv3": 0.683032,
        "arm_matmul2": 1.490329,
        "arm_transpose2": 10.583346,
        "arm_03_sort3": 0.127086,
        "arm_h-8-03": 3.462818,
        "arm_h-2-02": 5.887431,
        "arm_sl3": 0.57037,
        "arm_h-11-01": 1.652946,
        "arm_01_mm1": 4.473374,
        "arm_crypto-1": 1.203455,
        "arm_h-4-02": 6.894693,
        "arm_h-4-01": 2.081235,
        "arm_h-5-03": 6.079089,
        "arm_shuffle1": 9.84435,
        "arm_matmul3": 1.491456,
        "arm_03_sort2": 16.038198,
        "arm_h-8-01": 3.340991,
        "arm_04_spmv1": 2.140078,
        "arm_01_mm2": 4.389895,
        "arm_h-10-02": 0.24075,
        "arm_h-1-01": 28.433879,
        "arm_if-combine2": 2.171601,
        "arm_h-12-01": 2.033358,
        "arm_h-10-01": 0.002869,
        "arm_h-9-03": 0.006379,
        "arm_sl1": 3.147944,
        "arm_gameoflife-oscillator": 6.733489,
        "arm_h-5-02": 6.131246,
        "arm_04_spmv2": 1.509083,
        "arm_sl2": 1.213646,
        "arm_gameoflife-p61glidergun": 6.955464,
        "arm_h-13-01": 0.884436,
        "arm_h-5-01": 6.01354,
        "arm_if-combine3": 3.654619,
        "arm_if-combine1": 0.011231,
        "arm_01_mm3": 2.641154,
        "arm_gameoflife-gosper": 7.56408,
        "arm_sort_search": 0.393384,
        "arm_h-14-01": 3.643251,
        "arm_h-2-01": 5.934073,
        "arm_h-9-02": 0.009009,
        "arm_h-9-01": 0.007139,
        "04_spmv3": 0.678265,
        "03_sort3": 2.779045,
        "04_spmv1": 2.150892,
        "matmul2": 0.897498,
        "gameoflife-oscillator": 6.56651,
        "large_loop_array_3": 1.806856,
        "01_mm3": 2.761991,
        "sl3": 0.553978,
        "transpose0": 2.849829,
        "03_sort1": 0.832876,
        "03_sort2": 15.818023,
        "shuffle2": 2.452013,
        "if-combine3": 3.630395,
        "transpose2": 9.886395,
        "shuffle1": 8.787954,
        "large_loop_array_1": 2.251722,
        "transpose1": 2.336351,
        "shuffle0": 5.210634,
        "01_mm1": 4.201335,
        "large_loop_array_2": 4.938495,
        "01_mm2": 3.711086,
        "04_spmv2": 1.478217,
        "recursive_call_3": 0.003368,
        "gameoflife-p61glidergun": 7.131646,
        "if-combine1": 1.453054,
        "matmul3": 0.907429,
        "recursive_call_2": 0.003376,
        "gameoflife-gosper": 7.47471,
        "sl1": 3.14275,
        "matmul1": 0.903076,
        "recursive_call_1": 0.003376,
        "if-combine2": 2.176936,
        "sl2": 1.200394
    }
}