{
    "commit": "5af73c3ed78d2c663c12b43ef0731856354d8197",
    "author": "GitHub Action",
    "timestamp": "2025-08-19T03:22:45Z",
    "message": "OJ: Enable some MIR passes.",
    "results": {
        "2024-DCV-7": 6.541708,
        "2024-H17-1": 5.946111,
        "2024-FVJ-15": 6.546054,
        "2024-7UJ-12": 0.007833,
        "2024-C64-14": 7.273549,
        "2024-KVV-20": 2.246127,
        "2024-FAF-19": 21.898704,
        "2024-NT1-4": 0.010094,
        "2024-CH6-24": 0.322542,
        "2024-NKK-22": 0.981328,
        "2024-LN4-9": 6.583941,
        "2024-VTF-5": 3.742448,
        "2024-I4W-2": 0.010443,
        "2024-2KM-21": 3.925357,
        "2024-MXP-16": 6.905784,
        "2024-U03-25": 0.3742,
        "2024-0ZE-13": 3.735935,
        "2024-BAV-3": 0.842973,
        "2024-931-6": 2.082909,
        "2024-PKP-8": 4.011894,
        "2024-NCY-23": 0.123661,
        "2024-JVU-10": 45.768081,
        "2024-1WO-11": 5.992437,
        "2024-K0I-17": 12.780365,
        "2024-8NL-18": 3.6786,
        "2024-VGH-20": 5.147849,
        "2024-FQX-25": 4.960689,
        "2024-5NG-2": 9.701612,
        "2024-BE3-31": 3.274464,
        "2024-FI8-9": 1.31579,
        "2024-PCT-14": 1.269643,
        "2024-IG5-12": 12.781915,
        "2024-JR2-21": 2.427454,
        "2024-LW8-7": 7.233766,
        "2024-CH1-5": 0.646253,
        "2024-84M-11": 3.094665,
        "2024-VRT-1": 1.458606,
        "2024-2D0-22": 0.698574,
        "2024-1RK-26": 6.842006,
        "2024-Y60-18": 1.496911,
        "2024-AZ7-32": 2.856394,
        "2024-TBR-19": 50.002756,
        "2024-U7D-6": 1.479621,
        "2024-QV9-34": 15.960838,
        "2024-51P-30": 4.760807,
        "2024-K22-4": 3.285252,
        "2024-OBF-29": 3.67638,
        "2024-XRB-24": 0.610412,
        "2024-T6G-27": 4.349249,
        "2024-BJV-10": 1.486618,
        "2024-X7M-3": 17.977357,
        "2024-ETJ-33": 3.912083,
        "2024-XU5-13": 3.292981,
        "2024-V6O-23": 1.908028,
        "2024-Z3A-28": 2.912524,
        "2024-I9Y-15": 1.959914,
        "2024-5HA-8": 17.690565,
        "2024-U7W-16": 7.136037,
        "2024-PAF-17": 3.918235,
        "rv_sort_search": 0.521102,
        "rv_transpose1": 0.042259,
        "rv_h-4-02": 4.7e-05,
        "rv_matmul1": 0.01179,
        "rv_h-9-01": 0.006475,
        "rv_crypto-3": 0.060695,
        "rv_sl2": 0.236216,
        "rv_h-8-03": 1.7e-05,
        "rv_h-9-02": 0.005969,
        "rv_h-8-01": 1.6e-05,
        "rv_h-4-03": 0.172343,
        "rv_matmul3": 0.022938,
        "rv_h-9-03": 0.005352,
        "rv_h-10-01": 0.001603,
        "rv_shuffle2": 0.144834,
        "rv_h-5-03": 1.5e-05,
        "rv_fft1": 7.113297,
        "rv_03_sort3": 0.072978,
        "rv_h-5-01": 2.5e-05,
        "rv_transpose0": 0.026472,
        "rv_gameoflife-oscillator": 0.144176,
        "rv_01_mm3": 0.052923,
        "rv_h-11-02": 0.001226,
        "rv_if-combine1": 0.001034,
        "rv_if-combine2": 0.033003,
        "rv_sl3": 0.017147,
        "rv_shuffle1": 0.369626,
        "rv_h-2-01": 0.117486,
        "rv_04_spmv2": 0.004024,
        "rv_gameoflife-gosper": 0.000301,
        "rv_if-combine3": 0.05199,
        "rv_matmul2": 0.03991,
        "rv_04_spmv3": 0.070196,
        "rv_h-2-02": 0.115502,
        "rv_h-11-01": 0.001229,
        "rv_shuffle0": 0.028885,
        "rv_gameoflife-p61glidergun": 0.155357,
        "rv_h-7-01": 0.004309,
        "rv_04_spmv1": 0.106808,
        "rv_03_sort2": 7.189234,
        "rv_h-10-03": 0.004469,
        "rv_01_mm2": 0.080971,
        "rv_crypto-1": 0.148043,
        "rv_fft2": 0.018079,
        "rv_transpose2": 0.587321,
        "rv_crypto-2": 0.104232,
        "rv_01_mm1": 0.028158,
        "rv_h-4-01": 0.015114,
        "rv_h-5-02": 2.2e-05,
        "rv_h-2-03": 0.167996,
        "rv_h-10-02": 0.002729,
        "rv_h-11-03": 0.007194,
        "rv_h-8-02": 1.7e-05,
        "rv_sl1": 0.120467,
        "h-2-03": 7.231621,
        "h-8-01": 3.778179,
        "h-8-02": 3.728421,
        "h-8-03": 3.72968,
        "h-4-02": 6.9049,
        "h-7-01": 0.329316,
        "h-2-01": 6.001922,
        "h-4-03": 12.778836,
        "h-3-02": 3.001569,
        "h-6-01": 4.989483,
        "h-5-02": 6.387772,
        "h-5-03": 6.520186,
        "h-6-02": 7.482012,
        "h-6-03": 9.975405,
        "h-5-01": 6.513448,
        "h-1-02": 3.921256,
        "h-2-02": 5.910197,
        "h-4-01": 2.084806,
        "h-1-01": 45.814068,
        "h-1-03": 21.901371,
        "h-3-03": 3.020018,
        "h-3-01": 3.007422,
        "arm_h-7-01": 0.321509,
        "arm_h-1-03": 21.89586,
        "arm_fft2": 0.018371,
        "arm_matmul1": 1.485754,
        "arm_shuffle2": 0.147106,
        "arm_h-8-02": 3.779384,
        "arm_03_sort1": 0.615571,
        "arm_shuffle0": 5.528457,
        "arm_crypto-3": 1.541358,
        "arm_h-4-03": 12.780243,
        "arm_crypto-2": 1.162644,
        "arm_transpose0": 3.830903,
        "arm_h-1-02": 3.922463,
        "arm_transpose1": 3.893751,
        "arm_h-2-03": 7.235135,
        "arm_04_spmv3": 0.698546,
        "arm_matmul2": 1.48701,
        "arm_transpose2": 12.840386,
        "arm_03_sort3": 0.073063,
        "arm_h-8-03": 3.757148,
        "arm_h-2-02": 5.958137,
        "arm_sl3": 0.599428,
        "arm_h-11-01": 0.847557,
        "arm_01_mm1": 4.707413,
        "arm_crypto-1": 1.421421,
        "arm_h-4-02": 6.905184,
        "arm_h-4-01": 2.084104,
        "arm_h-5-03": 6.430506,
        "arm_shuffle1": 9.114907,
        "arm_matmul3": 1.486355,
        "arm_03_sort2": 7.229596,
        "arm_h-8-01": 3.70707,
        "arm_04_spmv1": 2.112506,
        "arm_01_mm2": 4.390324,
        "arm_h-10-02": 0.126162,
        "arm_h-1-01": 45.776708,
        "arm_if-combine2": 2.857831,
        "arm_h-12-01": 2.24899,
        "arm_h-10-01": 0.001534,
        "arm_h-9-03": 0.00648,
        "arm_sl1": 3.297288,
        "arm_gameoflife-oscillator": 15.768857,
        "arm_h-5-02": 6.523888,
        "arm_fft1": 7.114505,
        "arm_04_spmv2": 1.555061,
        "arm_sl2": 1.27823,
        "arm_gameoflife-p61glidergun": 16.131986,
        "arm_h-13-01": 0.978106,
        "arm_h-5-01": 6.45585,
        "arm_if-combine3": 4.765725,
        "arm_if-combine1": 0.012145,
        "arm_01_mm3": 2.730796,
        "arm_gameoflife-gosper": 17.685454,
        "arm_fft0": 3.292247,
        "arm_sort_search": 0.501359,
        "arm_h-14-01": 4.013841,
        "arm_h-2-01": 6.005489,
        "arm_h-9-02": 0.010191,
        "arm_h-9-01": 0.007474,
        "04_spmv3": 0.698449,
        "03_sort3": 1.313033,
        "04_spmv1": 2.10022,
        "matmul2": 0.848259,
        "gameoflife-oscillator": 14.598037,
        "large_loop_array_3": 1.962473,
        "01_mm3": 2.738667,
        "sl3": 0.59301,
        "transpose0": 3.762113,
        "03_sort1": 0.616394,
        "03_sort2": 7.206777,
        "shuffle2": 2.690124,
        "if-combine3": 4.779955,
        "transpose2": 12.746299,
        "shuffle1": 9.905733,
        "fft1": 7.098056,
        "large_loop_array_1": 2.431428,
        "transpose1": 3.903277,
        "shuffle0": 10.032965,
        "01_mm1": 4.614725,
        "large_loop_array_2": 4.852505,
        "01_mm2": 4.012634,
        "04_spmv2": 1.535357,
        "recursive_call_3": 0.003121,
        "gameoflife-p61glidergun": 17.043503,
        "if-combine1": 1.917739,
        "matmul3": 0.840844,
        "fft0": 3.28728,
        "fft2": 6.841449,
        "recursive_call_2": 0.002622,
        "gameoflife-gosper": 19.772241,
        "sl1": 3.3018,
        "matmul1": 0.841264,
        "recursive_call_1": 0.003467,
        "if-combine2": 2.852689,
        "sl2": 1.274139
    }
}