{
    "commit": "5f861e92a2dd9d29bff2dde96ed3a851e964cdb2",
    "author": "GitHub Action",
    "timestamp": "2025-08-09T09:43:44Z",
    "message": "Merge branch 'iropt'",
    "results": {
        "2024-DCV-7": 6.104528,
        "2024-H17-1": 5.886011,
        "2024-FVJ-15": 6.187811,
        "2024-7UJ-12": 0.007733,
        "2024-C64-14": 7.101004,
        "2024-KVV-20": 2.02518,
        "2024-FAF-19": 13.803054,
        "2024-NT1-4": 0.009323,
        "2024-CH6-24": 0.311306,
        "2024-NKK-22": 0.884946,
        "2024-LN4-9": 6.009231,
        "2024-VTF-5": 3.34046,
        "2024-I4W-2": 0.009668,
        "2024-2KM-21": 2.477184,
        "2024-MXP-16": 6.897591,
        "2024-U03-25": 0.731868,
        "2024-0ZE-13": 3.341173,
        "2024-BAV-3": 1.679751,
        "2024-931-6": 2.080432,
        "2024-PKP-8": 3.638788,
        "2024-NCY-23": 0.2418,
        "2024-JVU-10": 30.296283,
        "2024-1WO-11": 5.942347,
        "2024-K0I-17": 12.761055,
        "2024-8NL-18": 3.329837,
        "2024-VGH-20": 6.080969,
        "2024-FQX-25": 4.82513,
        "2024-5NG-2": 9.718977,
        "2024-BE3-31": 2.78982,
        "2024-FI8-9": 2.024952,
        "2024-PCT-14": 1.195808,
        "2024-IG5-12": 9.963803,
        "2024-JR2-21": 2.402899,
        "2024-LW8-7": 11.626906,
        "2024-CH1-5": 0.69587,
        "2024-84M-11": 2.596924,
        "2024-VRT-1": 1.516826,
        "2024-2D0-22": 0.680068,
        "2024-1RK-26": 8.157273,
        "2024-Y60-18": 1.436633,
        "2024-AZ7-32": 2.173787,
        "2024-TBR-19": 36.250847,
        "2024-U7D-6": 1.517021,
        "2024-QV9-34": 6.998219,
        "2024-51P-30": 3.619988,
        "2024-K22-4": 3.134573,
        "2024-OBF-29": 2.79768,
        "2024-XRB-24": 0.554322,
        "2024-T6G-27": 3.43674,
        "2024-BJV-10": 1.516545,
        "2024-X7M-3": 7.457367,
        "2024-ETJ-33": 2.305945,
        "2024-XU5-13": 3.964275,
        "2024-V6O-23": 1.450657,
        "2024-Z3A-28": 3.060458,
        "2024-I9Y-15": 1.938988,
        "2024-5HA-8": 6.656537,
        "2024-U7W-16": 8.570638,
        "2024-PAF-17": 4.123437,
        "rv_sort_search": 0.420256,
        "rv_transpose1": 0.024645,
        "rv_h-4-02": 4e-05,
        "rv_matmul1": 0.012485,
        "rv_h-9-01": 0.006182,
        "rv_crypto-3": 0.065033,
        "rv_sl2": 0.227744,
        "rv_h-8-03": 1.3e-05,
        "rv_h-9-02": 0.004801,
        "rv_h-8-01": 1.3e-05,
        "rv_h-4-03": 0.17177,
        "rv_matmul3": 0.023132,
        "rv_h-9-03": 0.004772,
        "rv_h-10-01": 0.002302,
        "rv_shuffle2": 0.139868,
        "rv_h-5-03": 1e-05,
        "rv_fft1": 8.490396,
        "rv_03_sort3": 0.097818,
        "rv_h-5-01": 1.9e-05,
        "rv_transpose0": 0.014131,
        "rv_gameoflife-oscillator": 0.060954,
        "rv_01_mm3": 0.045959,
        "rv_h-11-02": 0.00113,
        "rv_if-combine1": 0.000428,
        "rv_if-combine2": 0.024389,
        "rv_sl3": 0.019461,
        "rv_shuffle1": 0.330622,
        "rv_h-2-01": 0.130203,
        "rv_04_spmv2": 0.003512,
        "rv_gameoflife-gosper": 0.000173,
        "rv_if-combine3": 0.038736,
        "rv_matmul2": 0.041036,
        "rv_04_spmv3": 0.068318,
        "rv_h-2-02": 0.125453,
        "rv_h-11-01": 0.001142,
        "rv_shuffle0": 0.019559,
        "rv_gameoflife-p61glidergun": 0.071532,
        "rv_h-7-01": 0.004347,
        "rv_04_spmv1": 0.130499,
        "rv_03_sort2": 11.735984,
        "rv_h-10-03": 0.007474,
        "rv_01_mm2": 0.071078,
        "rv_crypto-1": 0.159538,
        "rv_fft2": 0.020065,
        "rv_transpose2": 0.305599,
        "rv_crypto-2": 0.112483,
        "rv_01_mm1": 0.022193,
        "rv_h-4-01": 0.014395,
        "rv_h-5-02": 1.1e-05,
        "rv_h-2-03": 0.18516,
        "rv_h-10-02": 0.004285,
        "rv_h-11-03": 0.006609,
        "rv_h-8-02": 1.3e-05,
        "rv_sl1": 0.115328,
        "h-2-03": 7.095382,
        "h-8-01": 3.310349,
        "h-8-02": 3.411424,
        "h-8-03": 3.396461,
        "h-4-02": 6.896421,
        "h-7-01": 0.314553,
        "h-2-01": 5.93192,
        "h-4-03": 12.763897,
        "h-3-02": 3.038411,
        "h-6-01": 2.82398,
        "h-5-02": 6.189783,
        "h-5-03": 6.075852,
        "h-6-02": 4.24018,
        "h-6-03": 5.651424,
        "h-5-01": 6.059425,
        "h-1-02": 2.592785,
        "h-2-02": 5.916292,
        "h-4-01": 2.084547,
        "h-1-01": 28.897015,
        "h-1-03": 14.478133,
        "h-3-03": 3.014596,
        "h-3-01": 3.030252,
        "arm_h-7-01": 0.311518,
        "arm_h-1-03": 13.813328,
        "arm_fft2": 0.02069,
        "arm_matmul1": 1.494207,
        "arm_shuffle2": 0.139566,
        "arm_h-8-02": 3.294442,
        "arm_03_sort1": 0.694985,
        "arm_shuffle0": 6.535518,
        "arm_crypto-3": 1.6728,
        "arm_h-4-03": 12.773312,
        "arm_crypto-2": 1.264697,
        "arm_transpose0": 2.996448,
        "arm_h-1-02": 2.592553,
        "arm_transpose1": 2.230637,
        "arm_h-2-03": 7.095213,
        "arm_04_spmv3": 0.682667,
        "arm_matmul2": 1.496559,
        "arm_transpose2": 10.459348,
        "arm_03_sort3": 0.099338,
        "arm_h-8-03": 3.309723,
        "arm_h-2-02": 6.056452,
        "arm_sl3": 0.568902,
        "arm_h-11-01": 1.650123,
        "arm_01_mm1": 4.468032,
        "arm_crypto-1": 1.541345,
        "arm_h-4-02": 6.895907,
        "arm_h-4-01": 2.081493,
        "arm_h-5-03": 6.106247,
        "arm_shuffle1": 8.800228,
        "arm_matmul3": 1.519221,
        "arm_03_sort2": 11.637008,
        "arm_h-8-01": 3.401208,
        "arm_04_spmv1": 2.139016,
        "arm_01_mm2": 3.87409,
        "arm_h-10-02": 0.244889,
        "arm_h-1-01": 30.304128,
        "arm_if-combine2": 2.174146,
        "arm_h-12-01": 2.027131,
        "arm_h-10-01": 0.002714,
        "arm_h-9-03": 0.006625,
        "arm_sl1": 3.131051,
        "arm_gameoflife-oscillator": 6.749133,
        "arm_h-5-02": 6.179165,
        "arm_fft1": 8.658608,
        "arm_04_spmv2": 2.240941,
        "arm_sl2": 1.199227,
        "arm_gameoflife-p61glidergun": 7.016942,
        "arm_h-13-01": 0.884762,
        "arm_h-5-01": 6.138465,
        "arm_if-combine3": 3.622861,
        "arm_if-combine1": 0.008731,
        "arm_01_mm3": 2.596086,
        "arm_gameoflife-gosper": 7.359837,
        "arm_fft0": 3.959213,
        "arm_sort_search": 0.39775,
        "arm_h-14-01": 3.634601,
        "arm_h-2-01": 5.917486,
        "arm_h-9-02": 0.009463,
        "arm_h-9-01": 0.00716,
        "04_spmv3": 0.678348,
        "03_sort3": 2.058594,
        "04_spmv1": 2.182913,
        "matmul2": 0.900305,
        "gameoflife-oscillator": 6.725001,
        "large_loop_array_3": 1.807928,
        "01_mm3": 2.415306,
        "sl3": 0.551956,
        "transpose0": 2.774991,
        "03_sort1": 0.693687,
        "03_sort2": 11.696882,
        "shuffle2": 2.457902,
        "if-combine3": 3.627772,
        "transpose2": 10.102211,
        "shuffle1": 9.78295,
        "fft1": 8.634252,
        "large_loop_array_1": 2.250702,
        "transpose1": 2.294542,
        "shuffle0": 9.810884,
        "01_mm1": 3.950874,
        "large_loop_array_2": 4.523805,
        "01_mm2": 3.311593,
        "04_spmv2": 1.45007,
        "recursive_call_3": 0.002779,
        "gameoflife-p61glidergun": 7.085869,
        "if-combine1": 1.45422,
        "matmul3": 0.893535,
        "fft0": 3.970176,
        "fft2": 8.203997,
        "recursive_call_2": 0.003086,
        "gameoflife-gosper": 7.525224,
        "sl1": 3.143249,
        "matmul1": 0.900351,
        "recursive_call_1": 0.003207,
        "if-combine2": 2.177327,
        "sl2": 1.199202
    }
}