{
    "commit": "619889763fb7a1450b02b1e3f4f8e2b88f826b74",
    "author": "GitHub Action",
    "timestamp": "2025-07-22T01:33:32Z",
    "message": "MIR: Enable MachineLICM on pipeline.",
    "results": {
        "aarch64/final/h_performance/2024-DCV-7": 8.180889,
        "aarch64/final/h_performance/2024-H17-1": 6.198068,
        "aarch64/final/h_performance/2024-FVJ-15": 8.126725,
        "aarch64/final/h_performance/2024-7UJ-12": 0.006857,
        "aarch64/final/h_performance/2024-C64-14": 7.39113,
        "aarch64/final/h_performance/2024-KVV-20": 2.237761,
        "aarch64/final/h_performance/2024-FAF-19": 27.397553,
        "aarch64/final/h_performance/2024-NT1-4": 0.008825,
        "aarch64/final/h_performance/2024-CH6-24": 0.431741,
        "aarch64/final/h_performance/2024-NKK-22": 1.187556,
        "aarch64/final/h_performance/2024-LN4-9": 7.424969,
        "aarch64/final/h_performance/2024-VTF-5": 3.700434,
        "aarch64/final/h_performance/2024-I4W-2": 0.008378,
        "aarch64/final/h_performance/2024-2KM-21": 4.966636,
        "aarch64/final/h_performance/2024-MXP-16": 7.100997,
        "aarch64/final/h_performance/2024-U03-25": 124.200561,
        "aarch64/final/h_performance/2024-0ZE-13": 4.860019,
        "aarch64/final/h_performance/2024-BAV-3": 266.84194,
        "aarch64/final/h_performance/2024-931-6": 2.109294,
        "aarch64/final/h_performance/2024-PKP-8": 4.286717,
        "aarch64/final/h_performance/2024-NCY-23": 40.129225,
        "aarch64/final/h_performance/2024-JVU-10": 57.044586,
        "aarch64/final/h_performance/2024-1WO-11": 5.958357,
        "aarch64/final/h_performance/2024-K0I-17": 13.20764,
        "aarch64/final/h_performance/2024-8NL-18": 7.323107,
        "aarch64/final/performance/2024-VGH-20": 55.590708,
        "aarch64/final/performance/2024-FQX-25": 7.132278,
        "aarch64/final/performance/2024-5NG-2": 38.302099,
        "aarch64/final/performance/2024-BE3-31": 7.952354,
        "aarch64/final/performance/2024-FI8-9": 4.134215,
        "aarch64/final/performance/2024-PCT-14": 2.678523,
        "aarch64/final/performance/2024-IG5-12": 17.668459,
        "aarch64/final/performance/2024-JR2-21": 4.226074,
        "aarch64/final/performance/2024-LW8-7": 21.742987,
        "aarch64/final/performance/2024-CH1-5": 1.681087,
        "aarch64/final/performance/2024-84M-11": 9.02714,
        "aarch64/final/performance/2024-VRT-1": 17.875582,
        "aarch64/final/performance/2024-2D0-22": 3.355919,
        "aarch64/final/performance/2024-1RK-26": 7.687394,
        "aarch64/final/performance/2024-Y60-18": 5.246516,
        "aarch64/final/performance/2024-AZ7-32": 28.193659,
        "aarch64/final/performance/2024-TBR-19": 52.986324,
        "aarch64/final/performance/2024-U7D-6": 17.402978,
        "aarch64/final/performance/2024-QV9-34": 13.330228,
        "aarch64/final/performance/2024-51P-30": 42.819181,
        "aarch64/final/performance/2024-K22-4": 4.862557,
        "aarch64/final/performance/2024-OBF-29": 4.917123,
        "aarch64/final/performance/2024-XRB-24": 0.888832,
        "aarch64/final/performance/2024-T6G-27": 9.237021,
        "aarch64/final/performance/2024-BJV-10": 17.749265,
        "aarch64/final/performance/2024-X7M-3": 18.199112,
        "aarch64/final/performance/2024-ETJ-33": 4.033111,
        "aarch64/final/performance/2024-XU5-13": 3.60425,
        "aarch64/final/performance/2024-V6O-23": 14.601328,
        "aarch64/final/performance/2024-Z3A-28": 5.828821,
        "aarch64/final/performance/2024-I9Y-15": 2.917599,
        "aarch64/final/performance/2024-5HA-8": 12.041668,
        "aarch64/final/performance/2024-U7W-16": 6.699935,
        "aarch64/final/performance/2024-PAF-17": 8.592813,
        "aarch64/performance_rv_25/rv_sort_search": 0.463653,
        "aarch64/performance_rv_25/rv_transpose1": 0.033534,
        "aarch64/performance_rv_25/rv_h-4-02": 0.000217,
        "aarch64/performance_rv_25/rv_matmul1": 0.139418,
        "aarch64/performance_rv_25/rv_h-9-01": 0.012103,
        "aarch64/performance_rv_25/rv_crypto-3": 0.118518,
        "aarch64/performance_rv_25/rv_sl2": 0.536318,
        "aarch64/performance_rv_25/rv_h-8-03": 2.8e-05,
        "aarch64/performance_rv_25/rv_h-9-02": 0.009135,
        "aarch64/performance_rv_25/rv_h-8-01": 2.9e-05,
        "aarch64/performance_rv_25/rv_h-4-03": 0.181392,
        "aarch64/performance_rv_25/rv_matmul3": 0.36093,
        "aarch64/performance_rv_25/rv_h-9-03": 0.013051,
        "aarch64/performance_rv_25/rv_h-10-01": 0.051692,
        "aarch64/performance_rv_25/rv_shuffle2": 0.349563,
        "aarch64/performance_rv_25/rv_h-5-03": 2.4e-05,
        "aarch64/performance_rv_25/rv_fft1": 6.895257,
        "aarch64/performance_rv_25/rv_03_sort3": 0.161631,
        "aarch64/performance_rv_25/rv_h-5-01": 3.6e-05,
        "aarch64/performance_rv_25/rv_transpose0": 0.02514,
        "aarch64/performance_rv_25/rv_gameoflife-oscillator": 0.101799,
        "aarch64/performance_rv_25/rv_01_mm3": 0.108852,
        "aarch64/performance_rv_25/rv_h-11-02": 0.001211,
        "aarch64/performance_rv_25/rv_if-combine1": 0.00312,
        "aarch64/performance_rv_25/rv_if-combine2": 0.221011,
        "aarch64/performance_rv_25/rv_sl3": 0.023943,
        "aarch64/performance_rv_25/rv_shuffle1": 0.642608,
        "aarch64/performance_rv_25/rv_h-2-01": 0.136465,
        "aarch64/performance_rv_25/rv_04_spmv2": 0.005121,
        "aarch64/performance_rv_25/rv_gameoflife-gosper": 0.000112,
        "aarch64/performance_rv_25/rv_if-combine3": 0.387161,
        "aarch64/performance_rv_25/rv_matmul2": 0.35929,
        "aarch64/performance_rv_25/rv_04_spmv3": 0.19634,
        "aarch64/performance_rv_25/rv_h-2-02": 0.134003,
        "aarch64/performance_rv_25/rv_h-11-01": 0.001227,
        "aarch64/performance_rv_25/rv_shuffle0": 0.047322,
        "aarch64/performance_rv_25/rv_gameoflife-p61glidergun": 0.135206,
        "aarch64/performance_rv_25/rv_h-7-01": 0.006234,
        "aarch64/performance_rv_25/rv_04_spmv1": 0.25084,
        "aarch64/performance_rv_25/rv_03_sort2": 17.572253,
        "aarch64/performance_rv_25/rv_h-10-03": 0.188019,
        "aarch64/performance_rv_25/rv_01_mm2": 0.168,
        "aarch64/performance_rv_25/rv_crypto-1": 0.239101,
        "aarch64/performance_rv_25/rv_fft2": 0.018654,
        "aarch64/performance_rv_25/rv_transpose2": 0.530516,
        "aarch64/performance_rv_25/rv_crypto-2": 0.160876,
        "aarch64/performance_rv_25/rv_01_mm1": 0.054175,
        "aarch64/performance_rv_25/rv_h-4-01": 0.012764,
        "aarch64/performance_rv_25/rv_h-5-02": 9e-06,
        "aarch64/performance_rv_25/rv_h-2-03": 0.207802,
        "aarch64/performance_rv_25/rv_h-10-02": 0.088192,
        "aarch64/performance_rv_25/rv_h-11-03": 0.006596,
        "aarch64/performance_rv_25/rv_h-8-02": 1.3e-05,
        "aarch64/performance_rv_25/rv_sl1": 0.140402,
        "aarch64/h_performance/h-2-03": 7.127531,
        "aarch64/h_performance/h-8-01": 3.941823,
        "aarch64/h_performance/h-8-02": 4.124996,
        "aarch64/h_performance/h-8-03": 3.740267,
        "aarch64/h_performance/h-4-02": 7.73689,
        "aarch64/h_performance/h-7-01": 0.351098,
        "aarch64/h_performance/h-2-01": 5.907258,
        "aarch64/h_performance/h-4-03": 12.913755,
        "aarch64/h_performance/h-3-02": 3.24164,
        "aarch64/h_performance/h-6-01": 3.42837,
        "aarch64/h_performance/h-5-02": 7.510338,
        "aarch64/h_performance/h-5-03": 7.406518,
        "aarch64/h_performance/h-6-02": 4.985314,
        "aarch64/h_performance/h-6-03": 6.65986,
        "aarch64/h_performance/h-5-01": 6.559726,
        "aarch64/h_performance/h-1-02": 4.904263,
        "aarch64/h_performance/h-2-02": 5.884493,
        "aarch64/h_performance/h-4-01": 2.080283,
        "aarch64/h_performance/h-1-01": 62.311824,
        "aarch64/h_performance/h-1-03": 28.921916,
        "aarch64/h_performance/h-3-03": 3.861204,
        "aarch64/h_performance/h-3-01": 4.338041,