{
    "commit": "6729c36c24cdbabae7feb33357f5e1b3fba688f3",
    "author": "GitHub Action",
    "timestamp": "2025-07-20T11:00:24Z",
    "message": "Enable MachineLICM on pipeline.",
    "results": {
        "aarch64/final/h_performance/2024-DCV-7": 8.035884,
        "aarch64/final/h_performance/2024-FVJ-15": 8.418405,
        "aarch64/final/h_performance/2024-7UJ-12": 0.0071,
        "aarch64/final/h_performance/2024-KVV-20": 2.450585,
        "aarch64/final/h_performance/2024-FAF-19": 27.54591,
        "aarch64/final/h_performance/2024-NT1-4": 0.008869,
        "aarch64/final/h_performance/2024-CH6-24": 0.412152,
        "aarch64/final/h_performance/2024-LN4-9": 7.57149,
        "aarch64/final/h_performance/2024-VTF-5": 3.975825,
        "aarch64/final/h_performance/2024-I4W-2": 0.009043,
        "aarch64/final/h_performance/2024-2KM-21": 4.845415,
        "aarch64/final/h_performance/2024-MXP-16": 7.172971,
        "aarch64/final/h_performance/2024-U03-25": 135.102908,
        "aarch64/final/h_performance/2024-0ZE-13": 4.911698,
        "aarch64/final/h_performance/2024-BAV-3": 267.822141,
        "aarch64/final/h_performance/2024-931-6": 2.110851,
        "aarch64/final/h_performance/2024-NCY-23": 42.091168,
        "aarch64/final/h_performance/2024-JVU-10": 59.722483,
        "aarch64/final/h_performance/2024-K0I-17": 13.022463,
        "aarch64/final/h_performance/2024-8NL-18": 7.36496,
        "aarch64/final/performance/2024-VGH-20": 31.210064,
        "aarch64/final/performance/2024-5NG-2": 35.072261,
        "aarch64/final/performance/2024-BE3-31": 8.181037,
        "aarch64/final/performance/2024-FI8-9": 3.702237,
        "aarch64/final/performance/2024-PCT-14": 2.315518,
        "aarch64/final/performance/2024-IG5-12": 17.273511,
        "aarch64/final/performance/2024-LW8-7": 20.194605,
        "aarch64/final/performance/2024-CH1-5": 2.082336,
        "aarch64/final/performance/2024-84M-11": 7.890239,
        "aarch64/final/performance/2024-VRT-1": 17.282547,
        "aarch64/final/performance/2024-2D0-22": 2.739898,
        "aarch64/final/performance/2024-1RK-26": 8.240397,
        "aarch64/final/performance/2024-Y60-18": 4.082734,
        "aarch64/final/performance/2024-AZ7-32": 26.687171,
        "aarch64/final/performance/2024-TBR-19": 49.292554,
        "aarch64/final/performance/2024-U7D-6": 16.376335,
        "aarch64/final/performance/2024-QV9-34": 13.425704,
        "aarch64/final/performance/2024-51P-30": 45.022919,
        "aarch64/final/performance/2024-K22-4": 4.801709,
        "aarch64/final/performance/2024-OBF-29": 4.61581,
        "aarch64/final/performance/2024-XRB-24": 0.991554,
        "aarch64/final/performance/2024-T6G-27": 9.434225,
        "aarch64/final/performance/2024-BJV-10": 17.172177,
        "aarch64/final/performance/2024-X7M-3": 16.652687,
        "aarch64/final/performance/2024-ETJ-33": 3.588211,
        "aarch64/final/performance/2024-XU5-13": 2.977509,
        "aarch64/final/performance/2024-V6O-23": 15.209041,
        "aarch64/final/performance/2024-Z3A-28": 5.882987,
        "aarch64/final/performance/2024-5HA-8": 12.416869,
        "aarch64/final/performance/2024-U7W-16": 6.691783,
        "aarch64/final/performance/2024-PAF-17": 7.734725,
        "aarch64/performance_rv_25/rv_sort_search": 0.510281,
        "aarch64/performance_rv_25/rv_transpose1": 0.028617,
        "aarch64/performance_rv_25/rv_h-4-02": 0.000101,
        "aarch64/performance_rv_25/rv_matmul1": 0.166286,
        "aarch64/performance_rv_25/rv_h-9-01": 0.012061,
        "aarch64/performance_rv_25/rv_crypto-3": 0.108573,
        "aarch64/performance_rv_25/rv_sl2": 0.43957,
        "aarch64/performance_rv_25/rv_h-8-03": 2.2e-05,
        "aarch64/performance_rv_25/rv_h-9-02": 0.009143,
        "aarch64/performance_rv_25/rv_h-8-01": 2.3e-05,
        "aarch64/performance_rv_25/rv_h-4-03": 0.286774,
        "aarch64/performance_rv_25/rv_matmul3": 0.366324,
        "aarch64/performance_rv_25/rv_h-9-03": 0.017627,
        "aarch64/performance_rv_25/rv_h-10-01": 0.035335,
        "aarch64/performance_rv_25/rv_shuffle2": 0.338404,
        "aarch64/performance_rv_25/rv_h-5-03": 2e-05,
        "aarch64/performance_rv_25/rv_fft1": 6.552358,
        "aarch64/performance_rv_25/rv_03_sort3": 0.164185,
        "aarch64/performance_rv_25/rv_h-5-01": 3.5e-05,
        "aarch64/performance_rv_25/rv_transpose0": 0.017801,
        "aarch64/performance_rv_25/rv_gameoflife-oscillator": 0.103787,
        "aarch64/performance_rv_25/rv_01_mm3": 0.146442,
        "aarch64/performance_rv_25/rv_if-combine1": 0.001105,
        "aarch64/performance_rv_25/rv_if-combine2": 0.219178,
        "aarch64/performance_rv_25/rv_sl3": 0.023227,
        "aarch64/performance_rv_25/rv_shuffle1": 0.770698,
        "aarch64/performance_rv_25/rv_04_spmv2": 0.005077,
        "aarch64/performance_rv_25/rv_gameoflife-gosper": 0.000112,
        "aarch64/performance_rv_25/rv_if-combine3": 0.378881,
        "aarch64/performance_rv_25/rv_matmul2": 0.252598,
        "aarch64/performance_rv_25/rv_04_spmv3": 0.185641,
        "aarch64/performance_rv_25/rv_shuffle0": 0.043849,
        "aarch64/performance_rv_25/rv_gameoflife-p61glidergun": 0.126445,
        "aarch64/performance_rv_25/rv_h-7-01": 0.006223,
        "aarch64/performance_rv_25/rv_04_spmv1": 0.212987,
        "aarch64/performance_rv_25/rv_03_sort2": 17.806762,
        "aarch64/performance_rv_25/rv_h-10-03": 0.32217,
        "aarch64/performance_rv_25/rv_01_mm2": 0.184598,
        "aarch64/performance_rv_25/rv_crypto-1": 0.234883,
        "aarch64/performance_rv_25/rv_fft2": 0.013465,
        "aarch64/performance_rv_25/rv_transpose2": 0.532341,
        "aarch64/performance_rv_25/rv_crypto-2": 0.187094,
        "aarch64/performance_rv_25/rv_01_mm1": 0.056401,
        "aarch64/performance_rv_25/rv_h-4-01": 0.02082,
        "aarch64/performance_rv_25/rv_h-5-02": 1.2e-05,
        "aarch64/performance_rv_25/rv_h-10-02": 0.107009,
        "aarch64/performance_rv_25/rv_h-8-02": 1.4e-05,
        "aarch64/performance_rv_25/rv_sl1": 0.191273,
        "aarch64/h_performance/h-8-01": 5.222542,
        "aarch64/h_performance/h-8-02": 3.70471,
        "aarch64/h_performance/h-8-03": 3.813575,
        "aarch64/h_performance/h-4-02": 7.240727,
        "aarch64/h_performance/h-7-01": 0.424051,
        "aarch64/h_performance/h-4-03": 13.062828,
        "aarch64/h_performance/h-3-02": 3.302259,
        "aarch64/h_performance/h-6-01": 2.508131,
        "aarch64/h_performance/h-5-02": 7.15594,
        "aarch64/h_performance/h-5-03": 7.336622,
        "aarch64/h_performance/h-6-02": 3.790343,
        "aarch64/h_performance/h-6-03": 4.965373,
        "aarch64/h_performance/h-5-01": 6.808791,
        "aarch64/h_performance/h-1-02": 4.866543,
        "aarch64/h_performance/h-4-01": 2.151746,
        "aarch64/h_performance/h-1-01": 62.181872,
        "aarch64/h_performance/h-1-03": 30.958124,
        "aarch64/h_performance/h-3-03": 4.385709,
        "aarch64/h_performance/h-3-01": 4.357437,
        "aarch64/performance_arm_25/arm_h-7-01": 0.460248,
        "aarch64/performance_arm_25/arm_h-1-03": 30.839202,
        "aarch64/performance_arm_25/arm_fft2": 0.013473,
        "aarch64/performance_arm_25/arm_matmul1": 13.211705,
        "aarch64/performance_arm_25/arm_shuffle2": 0.162641,
        "aarch64/performance_arm_25/arm_h-8-02": 3.343439,
        "aarch64/performance_arm_25/arm_03_sort1": 1.234314,
        "aarch64/performance_arm_25/arm_shuffle0": 9.754303,
        "aarch64/performance_arm_25/arm_crypto-3": 2.836267,
        "aarch64/performance_arm_25/arm_h-4-03": 14.130162,
        "aarch64/performance_arm_25/arm_crypto-2": 2.347738,
        "aarch64/performance_arm_25/arm_transpose0": 3.560256,
        "aarch64/performance_arm_25/arm_h-1-02": 6.165329,
        "aarch64/performance_arm_25/arm_transpose1": 2.893732,
        "aarch64/performance_arm_25/arm_04_spmv3": 2.023939,
        "aarch64/performance_arm_25/arm_matmul2": 28.603227,