{
    "commit": "6729c36c24cdbabae7feb33357f5e1b3fba688f3",
    "author": "GitHub Action",
    "timestamp": "2025-07-20T11:00:24Z",
    "message": "Enable MachineLICM on pipeline.",
    "results": {
        "2024-DCV-7": 8.035884,
        "2024-FVJ-15": 8.418405,
        "2024-7UJ-12": 0.0071,
        "2024-KVV-20": 2.450585,
        "2024-FAF-19": 27.54591,
        "2024-NT1-4": 0.008869,
        "2024-CH6-24": 0.412152,
        "2024-LN4-9": 7.57149,
        "2024-VTF-5": 3.975825,
        "2024-I4W-2": 0.009043,
        "2024-2KM-21": 4.845415,
        "2024-MXP-16": 7.172971,
        "2024-U03-25": 135.102908,
        "2024-0ZE-13": 4.911698,
        "2024-BAV-3": 267.822141,
        "2024-931-6": 2.110851,
        "2024-NCY-23": 42.091168,
        "2024-JVU-10": 59.722483,
        "2024-K0I-17": 13.022463,
        "2024-8NL-18": 7.36496,
        "2024-VGH-20": 31.210064,
        "2024-5NG-2": 35.072261,
        "2024-BE3-31": 8.181037,
        "2024-FI8-9": 3.702237,
        "2024-PCT-14": 2.315518,
        "2024-IG5-12": 17.273511,
        "2024-LW8-7": 20.194605,
        "2024-CH1-5": 2.082336,
        "2024-84M-11": 7.890239,
        "2024-VRT-1": 17.282547,
        "2024-2D0-22": 2.739898,
        "2024-1RK-26": 8.240397,
        "2024-Y60-18": 4.082734,
        "2024-AZ7-32": 26.687171,
        "2024-TBR-19": 49.292554,
        "2024-U7D-6": 16.376335,
        "2024-QV9-34": 13.425704,
        "2024-51P-30": 45.022919,
        "2024-K22-4": 4.801709,
        "2024-OBF-29": 4.61581,
        "2024-XRB-24": 0.991554,
        "2024-T6G-27": 9.434225,
        "2024-BJV-10": 17.172177,
        "2024-X7M-3": 16.652687,
        "2024-ETJ-33": 3.588211,
        "2024-XU5-13": 2.977509,
        "2024-V6O-23": 15.209041,
        "2024-Z3A-28": 5.882987,
        "2024-5HA-8": 12.416869,
        "2024-U7W-16": 6.691783,
        "2024-PAF-17": 7.734725,
        "rv_sort_search": 0.510281,
        "rv_transpose1": 0.028617,
        "rv_h-4-02": 0.000101,
        "rv_matmul1": 0.166286,
        "rv_h-9-01": 0.012061,
        "rv_crypto-3": 0.108573,
        "rv_sl2": 0.43957,
        "rv_h-8-03": 2.2e-05,
        "rv_h-9-02": 0.009143,
        "rv_h-8-01": 2.3e-05,
        "rv_h-4-03": 0.286774,
        "rv_matmul3": 0.366324,
        "rv_h-9-03": 0.017627,
        "rv_h-10-01": 0.035335,
        "rv_shuffle2": 0.338404,
        "rv_h-5-03": 2e-05,
        "rv_fft1": 6.552358,
        "rv_03_sort3": 0.164185,
        "rv_h-5-01": 3.5e-05,
        "rv_transpose0": 0.017801,
        "rv_gameoflife-oscillator": 0.103787,
        "rv_01_mm3": 0.146442,
        "rv_if-combine1": 0.001105,
        "rv_if-combine2": 0.219178,
        "rv_sl3": 0.023227,
        "rv_shuffle1": 0.770698,
        "rv_04_spmv2": 0.005077,
        "rv_gameoflife-gosper": 0.000112,
        "rv_if-combine3": 0.378881,
        "rv_matmul2": 0.252598,
        "rv_04_spmv3": 0.185641,
        "rv_shuffle0": 0.043849,
        "rv_gameoflife-p61glidergun": 0.126445,
        "rv_h-7-01": 0.006223,
        "rv_04_spmv1": 0.212987,
        "rv_03_sort2": 17.806762,
        "rv_h-10-03": 0.32217,
        "rv_01_mm2": 0.184598,
        "rv_crypto-1": 0.234883,
        "rv_fft2": 0.013465,
        "rv_transpose2": 0.532341,
        "rv_crypto-2": 0.187094,
        "rv_01_mm1": 0.056401,
        "rv_h-4-01": 0.02082,
        "rv_h-5-02": 1.2e-05,
        "rv_h-10-02": 0.107009,
        "rv_h-8-02": 1.4e-05,
        "rv_sl1": 0.191273,
        "h-8-01": 5.222542,
        "h-8-02": 3.70471,
        "h-8-03": 3.813575,
        "h-4-02": 7.240727,
        "h-7-01": 0.424051,
        "h-4-03": 13.062828,
        "h-3-02": 3.302259,
        "h-6-01": 2.508131,
        "h-5-02": 7.15594,
        "h-5-03": 7.336622,
        "h-6-02": 3.790343,
        "h-6-03": 4.965373,
        "h-5-01": 6.808791,
        "h-1-02": 4.866543,
        "h-4-01": 2.151746,
        "h-1-01": 62.181872,
        "h-1-03": 30.958124,
        "h-3-03": 4.385709,
        "h-3-01": 4.357437,
        "arm_h-7-01": 0.460248,
        "arm_h-1-03": 30.839202,
        "arm_fft2": 0.013473,
        "arm_matmul1": 13.211705,
        "arm_shuffle2": 0.162641,
        "arm_h-8-02": 3.343439,
        "arm_03_sort1": 1.234314,
        "arm_shuffle0": 9.754303,
        "arm_crypto-3": 2.836267,
        "arm_h-4-03": 14.130162,
        "arm_crypto-2": 2.347738,
        "arm_transpose0": 3.560256,
        "arm_h-1-02": 6.165329,
        "arm_transpose1": 2.893732,
        "arm_04_spmv3": 2.023939,
        "arm_matmul2": 28.603227,
        "arm_transpose2": 28.2166,
        "arm_03_sort3": 0.165246,
        "arm_h-8-03": 4.217729,
        "arm_sl3": 1.771276,
        "arm_h-11-01": 208.558375,
        "arm_01_mm1": 9.268014,
        "arm_crypto-1": 2.647284,
        "arm_h-4-02": 7.793532,
        "arm_h-4-01": 2.787744,
        "arm_h-5-03": 12.20084,
        "arm_shuffle1": 20.671489,
        "arm_matmul3": 17.809442,
        "arm_03_sort2": 18.346124,
        "arm_h-8-01": 5.920816,
        "arm_04_spmv1": 4.778309,
        "arm_01_mm2": 10.613951,
        "arm_h-10-02": 27.677527,
        "arm_h-1-01": 58.895843,
        "arm_if-combine2": 23.643775,
        "arm_h-12-01": 2.1868,
        "arm_h-10-01": 0.038192,
        "arm_h-9-03": 0.010735,
        "arm_sl1": 4.450394,
        "arm_gameoflife-oscillator": 12.078078,
        "arm_h-5-02": 9.403255,
        "arm_fft1": 7.193255,
        "arm_04_spmv2": 2.963409,
        "arm_sl2": 1.839457,
        "arm_gameoflife-p61glidergun": 13.508163,
        "arm_h-5-01": 10.730785,
        "arm_if-combine3": 39.39679,
        "arm_if-combine1": 0.103022,
        "arm_01_mm3": 4.859111,
        "arm_gameoflife-gosper": 14.416932,
        "arm_fft0": 2.927394,
        "arm_sort_search": 0.433185,
        "arm_h-9-02": 0.01437,
        "arm_h-9-01": 0.007734,
        "04_spmv3": 1.877508,
        "03_sort3": 3.591307,
        "04_spmv1": 5.199363,
        "matmul2": 9.100632,
        "gameoflife-oscillator": 15.414305,
        "01_mm3": 7.323594,
        "sl3": 1.306707,
        "transpose0": 5.228362,
        "03_sort1": 1.490558,
        "03_sort2": 20.842162,
        "shuffle2": 5.603832,
        "if-combine3": 57.214146,
        "transpose2": 14.303605,
        "shuffle1": 16.176277,
        "fft1": 6.559303,
        "transpose1": 3.277037,
        "shuffle0": 25.715203,
        "01_mm1": 7.101755,
        "01_mm2": 7.170486,
        "04_spmv2": 8.866589,
        "recursive_call_3": 0.005365,
        "gameoflife-p61glidergun": 15.958156,
        "if-combine1": 24.710932,
        "matmul3": 7.685952,
        "fft0": 3.594893,
        "fft2": 6.890499,
        "recursive_call_2": 0.001975,
        "gameoflife-gosper": 16.551968,
        "sl1": 4.309034,
        "matmul1": 7.19811,
        "recursive_call_1": 0.002237,
        "if-combine2": 31.111165,
        "sl2": 1.641135
    }
}