{
    "commit": "678de68b50de6e83bba6e257401e002cdbd977a4",
    "author": "GitHub Action",
    "timestamp": "2025-08-18T01:13:26Z",
    "message": "IR: Better parallel with inner loop support.",
    "results": {
        "2024-DCV-7": 6.145986,
        "2024-H17-1": 5.911091,
        "2024-FVJ-15": 6.173543,
        "2024-7UJ-12": 0.007719,
        "2024-C64-14": 7.120016,
        "2024-KVV-20": 2.032682,
        "2024-FAF-19": 13.811112,
        "2024-NT1-4": 0.009699,
        "2024-CH6-24": 0.31132,
        "2024-NKK-22": 0.888301,
        "2024-LN4-9": 6.153253,
        "2024-VTF-5": 3.381231,
        "2024-I4W-2": 0.009752,
        "2024-2KM-21": 2.591585,
        "2024-MXP-16": 7.121247,
        "2024-U03-25": 0.388088,
        "2024-0ZE-13": 3.38831,
        "2024-BAV-3": 0.868859,
        "2024-931-6": 2.147639,
        "2024-PKP-8": 3.641235,
        "2024-NCY-23": 0.128095,
        "2024-JVU-10": 28.86738,
        "2024-1WO-11": 5.908107,
        "2024-K0I-17": 13.172556,
        "2024-8NL-18": 3.323578,
        "2024-VGH-20": 5.483054,
        "2024-FQX-25": 4.943739,
        "2024-5NG-2": 9.701462,
        "2024-BE3-31": 2.359045,
        "2024-FI8-9": 1.153643,
        "2024-PCT-14": 1.226896,
        "2024-IG5-12": 10.149726,
        "2024-JR2-21": 2.421705,
        "2024-LW8-7": 6.227788,
        "2024-CH1-5": 0.540307,
        "2024-84M-11": 3.046021,
        "2024-VRT-1": 1.526879,
        "2024-2D0-22": 0.671676,
        "2024-1RK-26": 5.608815,
        "2024-Y60-18": 1.896228,
        "2024-AZ7-32": 2.193118,
        "2024-TBR-19": 35.914874,
        "2024-U7D-6": 1.50219,
        "2024-QV9-34": 7.317593,
        "2024-51P-30": 3.628527,
        "2024-K22-4": 3.186718,
        "2024-OBF-29": 2.831669,
        "2024-XRB-24": 0.552583,
        "2024-T6G-27": 3.847659,
        "2024-BJV-10": 1.532374,
        "2024-X7M-3": 7.444387,
        "2024-ETJ-33": 2.188142,
        "2024-XU5-13": 2.67859,
        "2024-V6O-23": 1.451325,
        "2024-Z3A-28": 2.443682,
        "2024-I9Y-15": 1.879219,
        "2024-5HA-8": 6.650397,
        "2024-U7W-16": 5.809768,
        "2024-PAF-17": 4.377563,
        "rv_sort_search": 0.421233,
        "rv_transpose1": 0.027359,
        "rv_h-4-02": 4.5e-05,
        "rv_matmul1": 0.012187,
        "rv_h-9-01": 0.006976,
        "rv_crypto-3": 0.052886,
        "rv_sl2": 0.231056,
        "rv_h-8-03": 1.2e-05,
        "rv_h-9-02": 0.004798,
        "rv_h-8-01": 1.2e-05,
        "rv_h-4-03": 0.17803,
        "rv_matmul3": 0.023396,
        "rv_h-9-03": 0.005427,
        "rv_h-10-01": 0.002205,
        "rv_shuffle2": 0.14495,
        "rv_h-5-03": 1e-05,
        "rv_fft1": 5.78266,
        "rv_03_sort3": 0.063162,
        "rv_h-5-01": 2e-05,
        "rv_transpose0": 0.018582,
        "rv_gameoflife-oscillator": 0.060806,
        "rv_01_mm3": 0.057268,
        "rv_h-11-02": 0.001159,
        "rv_if-combine1": 0.000413,
        "rv_if-combine2": 0.024933,
        "rv_sl3": 0.018866,
        "rv_shuffle1": 0.348123,
        "rv_h-2-01": 0.108008,
        "rv_04_spmv2": 0.003806,
        "rv_gameoflife-gosper": 0.000198,
        "rv_if-combine3": 0.039822,
        "rv_matmul2": 0.040219,
        "rv_04_spmv3": 0.067338,
        "rv_h-2-02": 0.099264,
        "rv_h-11-01": 0.001153,
        "rv_shuffle0": 0.020904,
        "rv_gameoflife-p61glidergun": 0.07491,
        "rv_h-7-01": 0.003963,
        "rv_04_spmv1": 0.103917,
        "rv_03_sort2": 6.240175,
        "rv_h-10-03": 0.004535,
        "rv_01_mm2": 0.072264,
        "rv_crypto-1": 0.125529,
        "rv_fft2": 0.015841,
        "rv_transpose2": 0.312451,
        "rv_crypto-2": 0.087375,
        "rv_01_mm1": 0.024314,
        "rv_h-4-01": 0.012513,
        "rv_h-5-02": 1.1e-05,
        "rv_h-2-03": 0.150642,
        "rv_h-10-02": 0.002785,
        "rv_h-11-03": 0.006565,
        "rv_h-8-02": 1.3e-05,
        "rv_sl1": 0.119213,
        "h-2-03": 7.085033,
        "h-8-01": 3.302936,
        "h-8-02": 3.404452,
        "h-8-03": 3.424853,
        "h-4-02": 7.129931,
        "h-7-01": 0.314733,
        "h-2-01": 5.914225,
        "h-4-03": 13.172872,
        "h-3-02": 3.008,
        "h-6-01": 2.826647,
        "h-5-02": 6.120606,
        "h-5-03": 6.024536,
        "h-6-02": 4.233892,
        "h-6-03": 5.64469,
        "h-5-01": 6.095739,
        "h-1-02": 2.475159,
        "h-2-02": 6.04109,
        "h-4-01": 2.147342,
        "h-1-01": 28.884638,
        "h-1-03": 14.456023,
        "h-3-03": 3.026248,
        "h-3-01": 3.005804,
        "arm_h-7-01": 0.311401,
        "arm_h-1-03": 13.813976,
        "arm_fft2": 0.014478,
        "arm_matmul1": 1.53291,
        "arm_shuffle2": 0.145829,
        "arm_h-8-02": 3.383084,
        "arm_03_sort1": 0.542216,
        "arm_shuffle0": 6.397903,
        "arm_crypto-3": 1.305117,
        "arm_h-4-03": 13.172862,
        "arm_crypto-2": 0.985751,
        "arm_transpose0": 2.899855,
        "arm_h-1-02": 2.588985,
        "arm_transpose1": 2.334104,
        "arm_h-2-03": 7.081897,
        "arm_04_spmv3": 0.672862,
        "arm_matmul2": 1.533641,
        "arm_transpose2": 10.300182,
        "arm_03_sort3": 0.063293,
        "arm_h-8-03": 3.39126,
        "arm_h-2-02": 5.880818,
        "arm_sl3": 0.579902,
        "arm_h-11-01": 0.867583,
        "arm_01_mm1": 4.000008,
        "arm_crypto-1": 1.203654,
        "arm_h-4-02": 7.119094,
        "arm_h-4-01": 2.146764,
        "arm_h-5-03": 6.133039,
        "arm_shuffle1": 9.742906,
        "arm_matmul3": 1.532062,
        "arm_03_sort2": 6.229279,
        "arm_h-8-01": 3.385588,
        "arm_04_spmv1": 2.074405,
        "arm_01_mm2": 3.840957,
        "arm_h-10-02": 0.130412,
        "arm_h-1-01": 28.903473,
        "arm_if-combine2": 2.175302,
        "arm_h-12-01": 2.028216,
        "arm_h-10-01": 0.002219,
        "arm_h-9-03": 0.006151,
        "arm_sl1": 3.216605,
        "arm_gameoflife-oscillator": 6.784192,
        "arm_h-5-02": 6.124999,
        "arm_fft1": 5.845274,
        "arm_04_spmv2": 1.446307,
        "arm_sl2": 1.228591,
        "arm_gameoflife-p61glidergun": 6.930032,
        "arm_h-13-01": 0.889009,
        "arm_h-5-01": 6.253609,
        "arm_if-combine3": 3.621172,
        "arm_if-combine1": 0.009902,
        "arm_01_mm3": 2.614318,
        "arm_gameoflife-gosper": 7.504937,
        "arm_fft0": 2.683496,
        "arm_sort_search": 0.399857,
        "arm_h-14-01": 3.644981,
        "arm_h-2-01": 5.909894,
        "arm_h-9-02": 0.00976,
        "arm_h-9-01": 0.007542,
        "04_spmv3": 0.674492,
        "03_sort3": 1.154053,
        "04_spmv1": 2.08592,
        "matmul2": 0.90228,
        "gameoflife-oscillator": 6.705576,
        "large_loop_array_3": 1.805941,
        "01_mm3": 2.600285,
        "sl3": 0.564218,
        "transpose0": 2.861035,
        "03_sort1": 0.541392,
        "03_sort2": 6.230473,
        "shuffle2": 2.418535,
        "if-combine3": 3.626889,
        "transpose2": 9.885094,
        "shuffle1": 8.955862,
        "fft1": 5.8343,
        "large_loop_array_1": 2.252394,
        "transpose1": 2.327392,
        "shuffle0": 10.381031,
        "01_mm1": 4.226556,
        "large_loop_array_2": 4.517446,
        "01_mm2": 3.623914,
        "04_spmv2": 1.504123,
        "recursive_call_3": 0.002437,
        "gameoflife-p61glidergun": 7.131412,
        "if-combine1": 1.452029,
        "matmul3": 0.907512,
        "fft0": 2.683214,
        "fft2": 5.610501,
        "recursive_call_2": 0.002311,
        "gameoflife-gosper": 7.442036,
        "sl1": 3.183462,
        "matmul1": 0.890726,
        "recursive_call_1": 0.003091,
        "if-combine2": 2.179356,
        "sl2": 1.228532
    }
}