{
    "commit": "743ee056d0a834a00d5278f2f51a4042b8154ab5",
    "author": "GitHub Action",
    "timestamp": "2025-08-11T03:21:28Z",
    "message": "Merge branch 'iropt'",
    "results": {
        "2024-DCV-7": 6.155354,
        "2024-H17-1": 6.062362,
        "2024-FVJ-15": 6.281981,
        "2024-7UJ-12": 0.007423,
        "2024-C64-14": 7.104457,
        "2024-KVV-20": 2.033934,
        "2024-FAF-19": 13.806143,
        "2024-NT1-4": 0.009678,
        "2024-CH6-24": 0.311524,
        "2024-NKK-22": 0.883674,
        "2024-LN4-9": 6.153858,
        "2024-VTF-5": 3.390516,
        "2024-I4W-2": 0.007582,
        "2024-2KM-21": 2.475921,
        "2024-MXP-16": 6.895826,
        "2024-U03-25": 0.754656,
        "2024-0ZE-13": 3.412055,
        "2024-BAV-3": 1.680494,
        "2024-931-6": 2.081135,
        "2024-PKP-8": 3.641818,
        "2024-NCY-23": 0.244531,
        "2024-JVU-10": 28.900727,
        "2024-1WO-11": 5.895533,
        "2024-K0I-17": 12.760255,
        "2024-8NL-18": 3.378707,
        "2024-VGH-20": 5.489781,
        "2024-FQX-25": 4.534319,
        "2024-5NG-2": 8.793908,
        "2024-BE3-31": 2.154872,
        "2024-FI8-9": 2.03459,
        "2024-PCT-14": 1.204137,
        "2024-IG5-12": 10.212409,
        "2024-JR2-21": 2.250283,
        "2024-LW8-7": 12.066932,
        "2024-CH1-5": 0.696013,
        "2024-84M-11": 2.771665,
        "2024-VRT-1": 1.517043,
        "2024-2D0-22": 0.67728,
        "2024-1RK-26": 5.596388,
        "2024-Y60-18": 1.482989,
        "2024-AZ7-32": 2.173976,
        "2024-TBR-19": 36.386804,
        "2024-U7D-6": 1.513666,
        "2024-QV9-34": 7.08685,
        "2024-51P-30": 3.62405,
        "2024-K22-4": 3.141296,
        "2024-OBF-29": 2.82706,
        "2024-XRB-24": 0.558977,
        "2024-T6G-27": 4.108728,
        "2024-BJV-10": 1.517976,
        "2024-X7M-3": 7.527665,
        "2024-ETJ-33": 2.110285,
        "2024-XU5-13": 2.686248,
        "2024-V6O-23": 1.450525,
        "2024-Z3A-28": 2.510285,
        "2024-I9Y-15": 1.942226,
        "2024-5HA-8": 6.579456,
        "2024-U7W-16": 5.823948,
        "2024-PAF-17": 4.482674,
        "rv_sort_search": 0.419815,
        "rv_transpose1": 0.02284,
        "rv_h-4-02": 4.7e-05,
        "rv_matmul1": 0.012515,
        "rv_h-9-01": 0.006165,
        "rv_crypto-3": 0.050852,
        "rv_sl2": 0.229024,
        "rv_h-8-03": 1.4e-05,
        "rv_h-9-02": 0.004857,
        "rv_h-8-01": 1.4e-05,
        "rv_h-4-03": 0.171655,
        "rv_matmul3": 0.023745,
        "rv_h-9-03": 0.004768,
        "rv_h-10-01": 0.002303,
        "rv_shuffle2": 0.136674,
        "rv_h-5-03": 1.1e-05,
        "rv_fft1": 5.840593,
        "rv_03_sort3": 0.098756,
        "rv_h-5-01": 1.9e-05,
        "rv_transpose0": 0.015138,
        "rv_gameoflife-oscillator": 0.059361,
        "rv_01_mm3": 0.044954,
        "rv_h-11-02": 0.001118,
        "rv_if-combine1": 0.000434,
        "rv_if-combine2": 0.023625,
        "rv_sl3": 0.01833,
        "rv_shuffle1": 0.343143,
        "rv_h-2-01": 0.131308,
        "rv_04_spmv2": 0.006564,
        "rv_gameoflife-gosper": 0.000141,
        "rv_if-combine3": 0.038346,
        "rv_matmul2": 0.040834,
        "rv_04_spmv3": 0.067908,
        "rv_h-2-02": 0.125214,
        "rv_h-11-01": 0.001196,
        "rv_shuffle0": 0.020613,
        "rv_gameoflife-p61glidergun": 0.072499,
        "rv_h-7-01": 0.004023,
        "rv_04_spmv1": 0.108037,
        "rv_03_sort2": 11.980204,
        "rv_h-10-03": 0.007445,
        "rv_01_mm2": 0.068399,
        "rv_crypto-1": 0.125243,
        "rv_fft2": 0.014706,
        "rv_transpose2": 0.26913,
        "rv_crypto-2": 0.08859,
        "rv_01_mm1": 0.024621,
        "rv_h-4-01": 0.013437,
        "rv_h-5-02": 1.1e-05,
        "rv_h-2-03": 0.183671,
        "rv_h-10-02": 0.004261,
        "rv_h-11-03": 0.006562,
        "rv_h-8-02": 1.2e-05,
        "rv_sl1": 0.117088,
        "h-2-03": 7.080448,
        "h-8-01": 3.425118,
        "h-8-02": 3.323767,
        "h-8-03": 3.306457,
        "h-4-02": 6.896171,
        "h-7-01": 0.314637,
        "h-2-01": 5.921137,
        "h-4-03": 12.760102,
        "h-3-02": 3.011537,
        "h-6-01": 2.823961,
        "h-5-02": 6.101578,
        "h-5-03": 6.095429,
        "h-6-02": 4.235568,
        "h-6-03": 5.646466,
        "h-5-01": 6.042629,
        "h-1-02": 2.590985,
        "h-2-02": 6.029219,
        "h-4-01": 2.081157,
        "h-1-01": 30.298153,
        "h-1-03": 13.812886,
        "h-3-03": 3.000249,
        "h-3-01": 3.002041,
        "arm_h-7-01": 0.311504,
        "arm_h-1-03": 13.817519,
        "arm_fft2": 0.01385,
        "arm_matmul1": 1.493165,
        "arm_shuffle2": 0.140109,
        "arm_h-8-02": 3.435909,
        "arm_03_sort1": 0.696153,
        "arm_shuffle0": 5.500284,
        "arm_crypto-3": 1.306682,
        "arm_h-4-03": 12.763089,
        "arm_crypto-2": 0.987609,
        "arm_transpose0": 2.989524,
        "arm_h-1-02": 2.475744,
        "arm_transpose1": 2.282727,
        "arm_h-2-03": 7.081737,
        "arm_04_spmv3": 0.678487,
        "arm_matmul2": 1.518671,
        "arm_transpose2": 10.158653,
        "arm_03_sort3": 0.100079,
        "arm_h-8-03": 3.37477,
        "arm_h-2-02": 5.853488,
        "arm_sl3": 0.573942,
        "arm_h-11-01": 1.681963,
        "arm_01_mm1": 4.84466,
        "arm_crypto-1": 1.198543,
        "arm_h-4-02": 6.894987,
        "arm_h-4-01": 2.081032,
        "arm_h-5-03": 6.147167,
        "arm_shuffle1": 9.791998,
        "arm_matmul3": 1.518469,
        "arm_03_sort2": 11.809219,
        "arm_h-8-01": 3.438771,
        "arm_04_spmv1": 2.117109,
        "arm_01_mm2": 4.304301,
        "arm_h-10-02": 0.243344,
        "arm_h-1-01": 28.905354,
        "arm_if-combine2": 2.174587,
        "arm_h-12-01": 2.028357,
        "arm_h-10-01": 0.002658,
        "arm_h-9-03": 0.006678,
        "arm_sl1": 3.144423,
        "arm_gameoflife-oscillator": 6.77553,
        "arm_h-5-02": 6.064075,
        "arm_fft1": 5.84154,
        "arm_04_spmv2": 1.500795,
        "arm_sl2": 1.224307,
        "arm_gameoflife-p61glidergun": 6.905735,
        "arm_h-13-01": 0.886658,
        "arm_h-5-01": 6.11026,
        "arm_if-combine3": 3.618386,
        "arm_if-combine1": 0.01125,
        "arm_01_mm3": 2.853021,
        "arm_gameoflife-gosper": 7.445551,
        "arm_fft0": 2.73019,
        "arm_sort_search": 0.392724,
        "arm_h-14-01": 3.643073,
        "arm_h-2-01": 5.922364,
        "arm_h-9-02": 0.009001,
        "arm_h-9-01": 0.007007,
        "04_spmv3": 0.678998,
        "03_sort3": 2.074042,
        "04_spmv1": 2.127888,
        "matmul2": 0.905524,
        "gameoflife-oscillator": 6.655068,
        "large_loop_array_3": 1.938449,
        "01_mm3": 2.603775,
        "sl3": 0.54972,
        "transpose0": 2.903131,
        "03_sort1": 0.704167,
        "03_sort2": 11.800965,
        "shuffle2": 2.508631,
        "if-combine3": 3.626062,
        "transpose2": 10.197436,
        "shuffle1": 8.811435,
        "fft1": 5.819162,
        "large_loop_array_1": 2.250831,
        "transpose1": 2.170746,
        "shuffle0": 4.920123,
        "01_mm1": 4.048636,
        "large_loop_array_2": 4.511065,
        "01_mm2": 3.7407,
        "04_spmv2": 1.466182,
        "recursive_call_3": 0.003034,
        "gameoflife-p61glidergun": 7.045296,
        "if-combine1": 1.453991,
        "matmul3": 0.915246,
        "fft0": 2.702953,
        "fft2": 5.598877,
        "recursive_call_2": 0.00309,
        "gameoflife-gosper": 7.487712,
        "sl1": 3.145319,
        "matmul1": 0.905619,
        "recursive_call_1": 0.003441,
        "if-combine2": 2.177011,
        "sl2": 1.198506
    }
}