{
    "commit": "8ad874f92efecad2515e8cd6a496adb10252639d",
    "author": "GitHub Action",
    "timestamp": "2025-07-23T02:14:53Z",
    "message": "CI: Fix options.",
    "results": {
        "2024-DCV-7": 8.817439,
        "2024-H17-1": 5.90046,
        "2024-FVJ-15": 8.365973,
        "2024-7UJ-12": 0.006399,
        "2024-C64-14": 7.106911,
        "2024-KVV-20": 4.03821,
        "2024-FAF-19": 28.308611,
        "2024-NT1-4": 0.009364,
        "2024-CH6-24": 0.382739,
        "2024-NKK-22": 1.494165,
        "2024-LN4-9": 7.688593,
        "2024-VTF-5": 4.091108,
        "2024-I4W-2": 0.008939,
        "2024-2KM-21": 4.777173,
        "2024-MXP-16": 7.449067,
        "2024-U03-25": 148.249525,
        "2024-0ZE-13": 4.984005,
        "2024-BAV-3": 281.425634,
        "2024-931-6": 2.816591,
        "2024-PKP-8": 7.330864,
        "2024-NCY-23": 43.546008,
        "2024-JVU-10": 57.775802,
        "2024-1WO-11": 5.777197,
        "2024-K0I-17": 13.081764,
        "2024-8NL-18": 7.995074,
        "2024-VGH-20": 59.675679,
        "2024-FQX-25": 6.540912,
        "2024-5NG-2": 52.530871,
        "2024-BE3-31": 7.810696,
        "2024-FI8-9": 4.156986,
        "2024-PCT-14": 2.676902,
        "2024-IG5-12": 18.133225,
        "2024-JR2-21": 3.052681,
        "2024-LW8-7": 25.57309,
        "2024-CH1-5": 1.456458,
        "2024-84M-11": 6.913395,
        "2024-VRT-1": 17.61292,
        "2024-2D0-22": 1.796592,
        "2024-1RK-26": 9.044095,
        "2024-Y60-18": 4.327034,
        "2024-AZ7-32": 42.003455,
        "2024-TBR-19": 45.142853,
        "2024-U7D-6": 27.065669,
        "2024-QV9-34": 13.001286,
        "2024-51P-30": 101.726689,
        "2024-K22-4": 9.935083,
        "2024-OBF-29": 11.159561,
        "2024-XRB-24": 2.117886,
        "2024-T6G-27": 7.73113,
        "2024-BJV-10": 33.055282,
        "2024-X7M-3": 11.547674,
        "2024-ETJ-33": 9.204032,
        "2024-XU5-13": 3.149526,
        "2024-V6O-23": 48.706766,
        "2024-Z3A-28": 8.202998,
        "2024-I9Y-15": 1.759161,
        "2024-5HA-8": 9.318388,
        "2024-U7W-16": 6.365187,
        "2024-PAF-17": 6.210619,
        "rv_sort_search": 0.446102,
        "rv_transpose1": 0.089683,
        "rv_h-4-02": 0.000107,
        "rv_matmul1": 0.3063,
        "rv_h-9-01": 0.013225,
        "rv_crypto-3": 0.075658,
        "rv_sl2": 0.958685,
        "rv_h-8-03": 3e-05,
        "rv_h-9-02": 0.008798,
        "rv_h-8-01": 1.3e-05,
        "rv_h-4-03": 0.176589,
        "rv_matmul3": 0.350892,
        "rv_h-9-03": 0.003968,
        "rv_h-10-01": 0.026074,
        "rv_shuffle2": 0.429378,
        "rv_h-5-03": 1.2e-05,
        "rv_fft1": 6.418573,
        "rv_03_sort3": 0.179715,
        "rv_h-5-01": 2.1e-05,
        "rv_transpose0": 0.044649,
        "rv_gameoflife-oscillator": 0.078993,
        "rv_01_mm3": 0.053206,
        "rv_h-11-02": 0.002346,
        "rv_if-combine1": 0.001344,
        "rv_if-combine2": 0.783509,
        "rv_sl3": 0.045004,
        "rv_shuffle1": 1.037916,
        "rv_h-2-01": 0.132839,
        "rv_04_spmv2": 0.005811,
        "rv_gameoflife-gosper": 8.8e-05,
        "rv_if-combine3": 1.536407,
        "rv_matmul2": 0.782972,
        "rv_04_spmv3": 0.137508,
        "rv_h-2-02": 0.147205,
        "rv_h-11-01": 0.001701,
        "rv_shuffle0": 0.054418,
        "rv_gameoflife-p61glidergun": 0.098846,
        "rv_h-7-01": 0.016246,
        "rv_04_spmv1": 0.140896,
        "rv_03_sort2": 19.506499,
        "rv_h-10-03": 0.135554,
        "rv_01_mm2": 0.086333,
        "rv_crypto-1": 0.173553,
        "rv_fft2": 0.013492,
        "rv_transpose2": 0.768431,
        "rv_crypto-2": 0.128661,
        "rv_01_mm1": 0.026871,
        "rv_h-4-01": 0.011687,
        "rv_h-5-02": 1.3e-05,
        "rv_h-2-03": 0.364038,
        "rv_h-10-02": 0.064245,
        "rv_h-11-03": 0.011124,
        "rv_h-8-02": 1.3e-05,
        "rv_sl1": 0.234918,
        "h-2-03": 7.101339,
        "h-8-01": 4.075549,
        "h-8-02": 4.052156,
        "h-8-03": 3.663879,
        "h-4-02": 7.550011,
        "h-7-01": 0.446088,
        "h-2-01": 5.648107,
        "h-4-03": 12.912969,
        "h-3-02": 3.278959,
        "h-6-01": 2.979866,
        "h-5-02": 7.692836,
        "h-5-03": 7.435253,
        "h-6-02": 4.41002,
        "h-6-03": 5.931763,
        "h-5-01": 6.647798,
        "h-1-02": 4.830453,
        "h-2-02": 5.723568,
        "h-4-01": 2.201362,
        "h-1-01": 65.049908,
        "h-1-03": 31.390274,
        "h-3-03": 4.706191,
        "h-3-01": 4.426229,
        "arm_h-7-01": 0.374556,
        "arm_h-1-03": 31.610758,
        "arm_fft2": 0.013549,
        "arm_matmul1": 13.080282,
        "arm_shuffle2": 0.174671,
        "arm_h-8-02": 3.560739,
        "arm_03_sort1": 1.283848,
        "arm_shuffle0": 6.632217,
        "arm_crypto-3": 2.186567,
        "arm_h-4-03": 15.048626,
        "arm_crypto-2": 1.403293,
        "arm_transpose0": 3.786195,
        "arm_h-1-02": 5.83725,
        "arm_transpose1": 2.755194,
        "arm_h-2-03": 8.013004,
        "arm_04_spmv3": 1.369492,
        "arm_matmul2": 25.697511,
        "arm_transpose2": 25.590261,
        "arm_03_sort3": 0.171207,
        "arm_h-8-03": 4.265226,
        "arm_h-2-02": 5.811013,
        "arm_sl3": 1.668691,
        "arm_h-11-01": 305.101823,
        "arm_01_mm1": 8.744103,
        "arm_crypto-1": 2.744036,
        "arm_h-4-02": 9.162267,
        "arm_h-4-01": 2.080893,
        "arm_h-5-03": 9.875348,
        "arm_shuffle1": 26.189713,
        "arm_matmul3": 24.603595,
        "arm_03_sort2": 21.146494,
        "arm_h-8-01": 5.758202,
        "arm_04_spmv1": 6.87931,
        "arm_01_mm2": 8.715017,
        "arm_h-10-02": 31.537736,
        "arm_h-1-01": 66.305469,
        "arm_if-combine2": 30.722838,
        "arm_h-12-01": 4.615017,
        "arm_h-10-01": 0.034473,
        "arm_h-9-03": 0.007135,
        "arm_sl1": 4.549816,
        "arm_gameoflife-oscillator": 10.131478,
        "arm_h-5-02": 9.052446,
        "arm_fft1": 6.902826,
        "arm_04_spmv2": 3.239092,
        "arm_sl2": 1.70039,
        "arm_gameoflife-p61glidergun": 10.781668,
        "arm_h-13-01": 1.521399,
        "arm_h-5-01": 10.843508,
        "arm_if-combine3": 61.23348,
        "arm_if-combine1": 0.186461,
        "arm_01_mm3": 6.127908,
        "arm_gameoflife-gosper": 16.263287,
        "arm_fft0": 3.681581,
        "arm_sort_search": 0.576893,
        "arm_h-14-01": 7.262917,
        "arm_h-2-01": 7.108288,
        "arm_h-9-02": 0.018953,
        "arm_h-9-01": 0.012499,
        "04_spmv3": 2.12194,
        "03_sort3": 5.04953,
        "04_spmv1": 4.275154,
        "matmul2": 14.682346,
        "gameoflife-oscillator": 9.9888,
        "large_loop_array_3": 1.986746,
        "01_mm3": 5.171685,
        "sl3": 2.25801,
        "transpose0": 7.400479,
        "03_sort1": 1.326084,
        "03_sort2": 25.624008,
        "shuffle2": 4.671215,
        "if-combine3": 66.182192,
        "transpose2": 14.773076,
        "shuffle1": 14.26391,
        "fft1": 8.906484,
        "large_loop_array_1": 3.427501,
        "transpose1": 4.080184,
        "shuffle0": 17.847655,
        "01_mm1": 9.691129,
        "large_loop_array_2": 6.472868,
        "01_mm2": 10.086534,
        "04_spmv2": 10.923,
        "recursive_call_3": 0.00463,
        "gameoflife-p61glidergun": 14.455292,
        "if-combine1": 21.759433,
        "matmul3": 8.367663,
        "fft0": 3.753515,
        "fft2": 6.227899,
        "recursive_call_2": 0.002998,
        "gameoflife-gosper": 12.316013,
        "sl1": 4.392177,
        "matmul1": 9.141084,
        "recursive_call_1": 0.004303,
        "if-combine2": 26.695048,
        "sl2": 2.755118
    }
}