{
    "commit": "8ad874f92efecad2515e8cd6a496adb10252639d",
    "author": "GitHub Action",
    "timestamp": "2025-07-23T02:14:53Z",
    "message": "CI: Fix options.",
    "results": {
        "aarch64/final/h_performance/2024-DCV-7": 8.817439,
        "aarch64/final/h_performance/2024-H17-1": 5.90046,
        "aarch64/final/h_performance/2024-FVJ-15": 8.365973,
        "aarch64/final/h_performance/2024-7UJ-12": 0.006399,
        "aarch64/final/h_performance/2024-C64-14": 7.106911,
        "aarch64/final/h_performance/2024-KVV-20": 4.03821,
        "aarch64/final/h_performance/2024-FAF-19": 28.308611,
        "aarch64/final/h_performance/2024-NT1-4": 0.009364,
        "aarch64/final/h_performance/2024-CH6-24": 0.382739,
        "aarch64/final/h_performance/2024-NKK-22": 1.494165,
        "aarch64/final/h_performance/2024-LN4-9": 7.688593,
        "aarch64/final/h_performance/2024-VTF-5": 4.091108,
        "aarch64/final/h_performance/2024-I4W-2": 0.008939,
        "aarch64/final/h_performance/2024-2KM-21": 4.777173,
        "aarch64/final/h_performance/2024-MXP-16": 7.449067,
        "aarch64/final/h_performance/2024-U03-25": 148.249525,
        "aarch64/final/h_performance/2024-0ZE-13": 4.984005,
        "aarch64/final/h_performance/2024-BAV-3": 281.425634,
        "aarch64/final/h_performance/2024-931-6": 2.816591,
        "aarch64/final/h_performance/2024-PKP-8": 7.330864,
        "aarch64/final/h_performance/2024-NCY-23": 43.546008,
        "aarch64/final/h_performance/2024-JVU-10": 57.775802,
        "aarch64/final/h_performance/2024-1WO-11": 5.777197,
        "aarch64/final/h_performance/2024-K0I-17": 13.081764,
        "aarch64/final/h_performance/2024-8NL-18": 7.995074,
        "aarch64/final/performance/2024-VGH-20": 59.675679,
        "aarch64/final/performance/2024-FQX-25": 6.540912,
        "aarch64/final/performance/2024-5NG-2": 52.530871,
        "aarch64/final/performance/2024-BE3-31": 7.810696,
        "aarch64/final/performance/2024-FI8-9": 4.156986,
        "aarch64/final/performance/2024-PCT-14": 2.676902,
        "aarch64/final/performance/2024-IG5-12": 18.133225,
        "aarch64/final/performance/2024-JR2-21": 3.052681,
        "aarch64/final/performance/2024-LW8-7": 25.57309,
        "aarch64/final/performance/2024-CH1-5": 1.456458,
        "aarch64/final/performance/2024-84M-11": 6.913395,
        "aarch64/final/performance/2024-VRT-1": 17.61292,
        "aarch64/final/performance/2024-2D0-22": 1.796592,
        "aarch64/final/performance/2024-1RK-26": 9.044095,
        "aarch64/final/performance/2024-Y60-18": 4.327034,
        "aarch64/final/performance/2024-AZ7-32": 42.003455,
        "aarch64/final/performance/2024-TBR-19": 45.142853,
        "aarch64/final/performance/2024-U7D-6": 27.065669,
        "aarch64/final/performance/2024-QV9-34": 13.001286,
        "aarch64/final/performance/2024-51P-30": 101.726689,
        "aarch64/final/performance/2024-K22-4": 9.935083,
        "aarch64/final/performance/2024-OBF-29": 11.159561,
        "aarch64/final/performance/2024-XRB-24": 2.117886,
        "aarch64/final/performance/2024-T6G-27": 7.73113,
        "aarch64/final/performance/2024-BJV-10": 33.055282,
        "aarch64/final/performance/2024-X7M-3": 11.547674,
        "aarch64/final/performance/2024-ETJ-33": 9.204032,
        "aarch64/final/performance/2024-XU5-13": 3.149526,
        "aarch64/final/performance/2024-V6O-23": 48.706766,
        "aarch64/final/performance/2024-Z3A-28": 8.202998,
        "aarch64/final/performance/2024-I9Y-15": 1.759161,
        "aarch64/final/performance/2024-5HA-8": 9.318388,
        "aarch64/final/performance/2024-U7W-16": 6.365187,
        "aarch64/final/performance/2024-PAF-17": 6.210619,
        "aarch64/performance_rv_25/rv_sort_search": 0.446102,
        "aarch64/performance_rv_25/rv_transpose1": 0.089683,
        "aarch64/performance_rv_25/rv_h-4-02": 0.000107,
        "aarch64/performance_rv_25/rv_matmul1": 0.3063,
        "aarch64/performance_rv_25/rv_h-9-01": 0.013225,
        "aarch64/performance_rv_25/rv_crypto-3": 0.075658,
        "aarch64/performance_rv_25/rv_sl2": 0.958685,
        "aarch64/performance_rv_25/rv_h-8-03": 3e-05,
        "aarch64/performance_rv_25/rv_h-9-02": 0.008798,
        "aarch64/performance_rv_25/rv_h-8-01": 1.3e-05,
        "aarch64/performance_rv_25/rv_h-4-03": 0.176589,
        "aarch64/performance_rv_25/rv_matmul3": 0.350892,
        "aarch64/performance_rv_25/rv_h-9-03": 0.003968,
        "aarch64/performance_rv_25/rv_h-10-01": 0.026074,
        "aarch64/performance_rv_25/rv_shuffle2": 0.429378,
        "aarch64/performance_rv_25/rv_h-5-03": 1.2e-05,
        "aarch64/performance_rv_25/rv_fft1": 6.418573,
        "aarch64/performance_rv_25/rv_03_sort3": 0.179715,
        "aarch64/performance_rv_25/rv_h-5-01": 2.1e-05,
        "aarch64/performance_rv_25/rv_transpose0": 0.044649,
        "aarch64/performance_rv_25/rv_gameoflife-oscillator": 0.078993,
        "aarch64/performance_rv_25/rv_01_mm3": 0.053206,
        "aarch64/performance_rv_25/rv_h-11-02": 0.002346,
        "aarch64/performance_rv_25/rv_if-combine1": 0.001344,
        "aarch64/performance_rv_25/rv_if-combine2": 0.783509,
        "aarch64/performance_rv_25/rv_sl3": 0.045004,
        "aarch64/performance_rv_25/rv_shuffle1": 1.037916,
        "aarch64/performance_rv_25/rv_h-2-01": 0.132839,
        "aarch64/performance_rv_25/rv_04_spmv2": 0.005811,
        "aarch64/performance_rv_25/rv_gameoflife-gosper": 8.8e-05,
        "aarch64/performance_rv_25/rv_if-combine3": 1.536407,
        "aarch64/performance_rv_25/rv_matmul2": 0.782972,
        "aarch64/performance_rv_25/rv_04_spmv3": 0.137508,
        "aarch64/performance_rv_25/rv_h-2-02": 0.147205,
        "aarch64/performance_rv_25/rv_h-11-01": 0.001701,
        "aarch64/performance_rv_25/rv_shuffle0": 0.054418,
        "aarch64/performance_rv_25/rv_gameoflife-p61glidergun": 0.098846,
        "aarch64/performance_rv_25/rv_h-7-01": 0.016246,
        "aarch64/performance_rv_25/rv_04_spmv1": 0.140896,
        "aarch64/performance_rv_25/rv_03_sort2": 19.506499,
        "aarch64/performance_rv_25/rv_h-10-03": 0.135554,
        "aarch64/performance_rv_25/rv_01_mm2": 0.086333,
        "aarch64/performance_rv_25/rv_crypto-1": 0.173553,
        "aarch64/performance_rv_25/rv_fft2": 0.013492,
        "aarch64/performance_rv_25/rv_transpose2": 0.768431,
        "aarch64/performance_rv_25/rv_crypto-2": 0.128661,
        "aarch64/performance_rv_25/rv_01_mm1": 0.026871,
        "aarch64/performance_rv_25/rv_h-4-01": 0.011687,
        "aarch64/performance_rv_25/rv_h-5-02": 1.3e-05,
        "aarch64/performance_rv_25/rv_h-2-03": 0.364038,
        "aarch64/performance_rv_25/rv_h-10-02": 0.064245,
        "aarch64/performance_rv_25/rv_h-11-03": 0.011124,
        "aarch64/performance_rv_25/rv_h-8-02": 1.3e-05,
        "aarch64/performance_rv_25/rv_sl1": 0.234918,
        "aarch64/h_performance/h-2-03": 7.101339,
        "aarch64/h_performance/h-8-01": 4.075549,
        "aarch64/h_performance/h-8-02": 4.052156,
        "aarch64/h_performance/h-8-03": 3.663879,
        "aarch64/h_performance/h-4-02": 7.550011,
        "aarch64/h_performance/h-7-01": 0.446088,
        "aarch64/h_performance/h-2-01": 5.648107,
        "aarch64/h_performance/h-4-03": 12.912969,
        "aarch64/h_performance/h-3-02": 3.278959,
        "aarch64/h_performance/h-6-01": 2.979866,
        "aarch64/h_performance/h-5-02": 7.692836,
        "aarch64/h_performance/h-5-03": 7.435253,
        "aarch64/h_performance/h-6-02": 4.41002,
        "aarch64/h_performance/h-6-03": 5.931763,
        "aarch64/h_performance/h-5-01": 6.647798,
        "aarch64/h_performance/h-1-02": 4.830453,
        "aarch64/h_performance/h-2-02": 5.723568,
        "aarch64/h_performance/h-4-01": 2.201362,
        "aarch64/h_performance/h-1-01": 65.049908,
        "aarch64/h_performance/h-1-03": 31.390274,
        "aarch64/h_performance/h-3-03": 4.706191,
        "aarch64/h_performance/h-3-01": 4.426229,