{
    "commit": "8b28a160ca3331ecbdc5de22d2e0ddff422fe883",
    "author": "GitHub Action",
    "timestamp": "2025-07-22T10:38:27Z",
    "message": "MIR: vector phi",
    "results": {
        "2024-DCV-7": 8.805239,
        "2024-H17-1": 5.98472,
        "2024-FVJ-15": 8.301479,
        "2024-7UJ-12": 0.006513,
        "2024-C64-14": 7.32431,
        "2024-KVV-20": 3.822769,
        "2024-FAF-19": 27.989812,
        "2024-NT1-4": 0.008932,
        "2024-CH6-24": 0.402077,
        "2024-NKK-22": 1.529715,
        "2024-LN4-9": 7.393714,
        "2024-VTF-5": 3.922608,
        "2024-I4W-2": 0.008567,
        "2024-2KM-21": 4.927485,
        "2024-MXP-16": 7.60268,
        "2024-U03-25": 137.012536,
        "2024-0ZE-13": 5.97985,
        "2024-BAV-3": 266.259938,
        "2024-931-6": 2.149422,
        "2024-PKP-8": 7.049093,
        "2024-NCY-23": 42.875685,
        "2024-JVU-10": 56.54801,
        "2024-1WO-11": 5.855246,
        "2024-K0I-17": 13.171016,
        "2024-8NL-18": 7.795849,
        "2024-VGH-20": 42.40191,
        "2024-FQX-25": 6.402615,
        "2024-5NG-2": 41.894524,
        "2024-BE3-31": 7.403642,
        "2024-FI8-9": 4.738988,
        "2024-PCT-14": 2.732524,
        "2024-IG5-12": 18.721843,
        "2024-JR2-21": 2.379555,
        "2024-LW8-7": 23.306671,
        "2024-CH1-5": 1.324702,
        "2024-84M-11": 8.389672,
        "2024-2D0-22": 2.163131,
        "2024-1RK-26": 7.312434,
        "2024-Y60-18": 3.290815,
        "2024-AZ7-32": 38.381384,
        "2024-TBR-19": 46.678698,
        "2024-QV9-34": 13.993359,
        "2024-51P-30": 97.536429,
        "2024-K22-4": 8.346784,
        "2024-OBF-29": 10.904096,
        "2024-XRB-24": 2.218593,
        "2024-T6G-27": 7.698663,
        "2024-X7M-3": 11.553253,
        "2024-ETJ-33": 7.373444,
        "2024-XU5-13": 3.147158,
        "2024-V6O-23": 46.425086,
        "2024-Z3A-28": 11.123079,
        "2024-I9Y-15": 1.7697,
        "2024-5HA-8": 9.446107,
        "2024-U7W-16": 6.49873,
        "2024-PAF-17": 5.418189,
        "rv_sort_search": 0.460395,
        "rv_transpose1": 0.090073,
        "rv_h-4-02": 6.4e-05,
        "rv_h-9-01": 0.00997,
        "rv_crypto-3": 0.081577,
        "rv_sl2": 0.878682,
        "rv_h-8-03": 5.8e-05,
        "rv_h-9-02": 0.007425,
        "rv_h-8-01": 2.6e-05,
        "rv_h-4-03": 0.170629,
        "rv_h-9-03": 0.003965,
        "rv_h-10-01": 0.029586,
        "rv_shuffle2": 0.4293,
        "rv_h-5-03": 1.3e-05,
        "rv_fft1": 6.715841,
        "rv_03_sort3": 0.18393,
        "rv_h-5-01": 2e-05,
        "rv_transpose0": 0.029117,
        "rv_gameoflife-oscillator": 0.160637,
        "rv_01_mm3": 0.053582,
        "rv_h-11-02": 0.003521,
        "rv_if-combine1": 0.001247,
        "rv_if-combine2": 0.60837,
        "rv_sl3": 0.044948,
        "rv_shuffle1": 0.756019,
        "rv_h-2-01": 0.133163,
        "rv_04_spmv2": 0.004929,
        "rv_gameoflife-gosper": 8.8e-05,
        "rv_if-combine3": 1.304825,
        "rv_04_spmv3": 0.141669,
        "rv_h-2-02": 0.283145,
        "rv_h-11-01": 0.002885,
        "rv_shuffle0": 0.03776,
        "rv_gameoflife-p61glidergun": 0.16048,
        "rv_h-7-01": 0.006141,
        "rv_04_spmv1": 0.233771,
        "rv_03_sort2": 19.077711,
        "rv_h-10-03": 0.249288,
        "rv_01_mm2": 0.095155,
        "rv_crypto-1": 0.238694,
        "rv_fft2": 0.025485,
        "rv_transpose2": 0.7495,
        "rv_crypto-2": 0.129453,
        "rv_01_mm1": 0.030358,
        "rv_h-4-01": 0.016119,
        "rv_h-5-02": 1.1e-05,
        "rv_h-2-03": 0.3732,
        "rv_h-10-02": 0.071186,
        "rv_h-11-03": 0.010129,
        "rv_h-8-02": 1.2e-05,
        "rv_sl1": 0.247833,
        "h-2-03": 7.072709,
        "h-8-01": 4.076368,
        "h-8-02": 3.975329,
        "h-8-03": 3.899488,
        "h-4-02": 7.217524,
        "h-7-01": 0.435712,
        "h-2-01": 5.595767,
        "h-4-03": 13.073567,
        "h-3-02": 3.245382,
        "h-6-01": 2.962004,
        "h-5-02": 7.774363,
        "h-5-03": 7.438936,
        "h-6-02": 4.463066,
        "h-6-03": 5.84737,
        "h-5-01": 6.558965,
        "h-1-02": 4.924446,
        "h-2-02": 5.655955,
        "h-4-01": 2.080595,
        "h-1-01": 62.544597,
        "h-1-03": 30.215304,
        "h-3-03": 3.952003,
        "h-3-01": 4.598391,
        "arm_h-7-01": 0.379162,
        "arm_h-1-03": 30.669442,
        "arm_fft2": 0.013432,
        "arm_shuffle2": 0.15561,
        "arm_h-8-02": 3.46962,
        "arm_03_sort1": 1.228597,
        "arm_shuffle0": 6.450712,
        "arm_crypto-3": 1.869142,
        "arm_h-4-03": 14.587541,
        "arm_crypto-2": 1.308882,
        "arm_transpose0": 3.658867,
        "arm_h-1-02": 5.919949,
        "arm_transpose1": 3.147069,
        "arm_h-2-03": 7.253818,
        "arm_04_spmv3": 1.358385,
        "arm_transpose2": 20.243088,
        "arm_03_sort3": 0.167789,
        "arm_h-8-03": 4.489911,
        "arm_h-2-02": 6.450996,
        "arm_sl3": 1.124704,
        "arm_h-11-01": 296.289271,
        "arm_01_mm1": 8.946045,
        "arm_crypto-1": 2.763723,
        "arm_h-4-02": 8.155292,
        "arm_h-4-01": 2.165584,
        "arm_h-5-03": 11.994056,
        "arm_shuffle1": 26.57853,
        "arm_03_sort2": 22.8387,
        "arm_h-8-01": 6.29553,
        "arm_04_spmv1": 9.607219,
        "arm_01_mm2": 8.887091,
        "arm_h-10-02": 33.799585,
        "arm_h-1-01": 65.101736,
        "arm_if-combine2": 30.585627,
        "arm_h-12-01": 4.586009,
        "arm_h-10-01": 0.037102,
        "arm_h-9-03": 0.006843,
        "arm_sl1": 4.21352,
        "arm_gameoflife-oscillator": 9.550877,
        "arm_h-5-02": 9.725938,
        "arm_fft1": 7.177939,
        "arm_04_spmv2": 4.031227,
        "arm_sl2": 1.777555,
        "arm_gameoflife-p61glidergun": 11.586781,
        "arm_h-13-01": 1.626805,
        "arm_h-5-01": 13.101431,
        "arm_if-combine3": 61.385074,
        "arm_if-combine1": 0.180956,
        "arm_01_mm3": 5.487364,
        "arm_gameoflife-gosper": 14.325776,
        "arm_fft0": 4.391743,
        "arm_sort_search": 0.50025,
        "arm_h-14-01": 7.813151,
        "arm_h-2-01": 7.318418,
        "arm_h-9-02": 0.018913,
        "arm_h-9-01": 0.016472,
        "04_spmv3": 2.212114,
        "03_sort3": 4.632317,
        "04_spmv1": 4.040842,
        "matmul2": 12.796707,
        "gameoflife-oscillator": 9.892556,
        "large_loop_array_3": 2.044379,
        "01_mm3": 6.312292,
        "sl3": 2.261517,
        "transpose0": 8.593356,
        "03_sort1": 1.245842,
        "03_sort2": 25.082662,
        "shuffle2": 5.126487,
        "if-combine3": 65.121786,
        "transpose2": 15.676455,
        "shuffle1": 19.979371,
        "fft1": 8.057705,
        "large_loop_array_1": 2.693133,
        "transpose1": 6.076929,
        "shuffle0": 32.589913,
        "01_mm1": 9.815804,
        "large_loop_array_2": 6.434406,
        "01_mm2": 13.118042,
        "04_spmv2": 14.024248,
        "recursive_call_3": 0.005757,
        "gameoflife-p61glidergun": 14.293067,
        "if-combine1": 21.868589,
        "matmul3": 7.836043,
        "fft0": 2.934075,
        "fft2": 6.333438,
        "recursive_call_2": 0.001844,
        "gameoflife-gosper": 12.731629,
        "sl1": 4.417568,
        "matmul1": 8.646967,
        "recursive_call_1": 0.001512,
        "if-combine2": 27.535167,
        "sl2": 2.922068
    }
}