{
    "commit": "8f0370e8b8b21410b672ff79ba0c700c73c184a4",
    "author": "GitHub Action",
    "timestamp": "2025-07-02T07:13:23Z",
    "message": "Test: add result check.",
    "results": {
        "2024-DCV-7": 8.378369,
        "2024-H17-1": 6.285521,
        "2024-FVJ-15": 8.461059,
        "2024-7UJ-12": 0.007213,
        "2024-C64-14": 7.401863,
        "2024-KVV-20": 2.449306,
        "2024-FAF-19": 26.860769,
        "2024-NT1-4": 0.009318,
        "2024-CH6-24": 0.663289,
        "2024-NKK-22": 0.961563,
        "2024-LN4-9": 8.067329,
        "2024-VTF-5": 3.759486,
        "2024-I4W-2": 0.010593,
        "2024-2KM-21": 4.871497,
        "2024-MXP-16": 7.305155,
        "2024-U03-25": 137.275062,
        "2024-0ZE-13": 4.640162,
        "2024-BAV-3": 270.909289,
        "2024-931-6": 2.18962,
        "2024-PKP-8": 4.293409,
        "2024-NCY-23": 39.469044,
        "2024-JVU-10": 56.382961,
        "2024-1WO-11": 6.218096,
        "2024-K0I-17": 13.351215,
        "2024-8NL-18": 7.003511,
        "2024-VGH-20": 32.118787,
        "2024-FQX-25": 6.671708,
        "2024-5NG-2": 32.778355,
        "2024-BE3-31": 7.877824,
        "2024-FI8-9": 3.796807,
        "2024-PCT-14": 3.890834,
        "2024-IG5-12": 16.119958,
        "2024-JR2-21": 3.278371,
        "2024-LW8-7": 20.004008,
        "2024-CH1-5": 1.214435,
        "2024-84M-11": 5.365421,
        "2024-VRT-1": 26.02579,
        "2024-2D0-22": 2.015435,
        "2024-1RK-26": 6.90756,
        "2024-Y60-18": 4.440371,
        "2024-AZ7-32": 37.049636,
        "2024-TBR-19": 27.382874,
        "2024-U7D-6": 24.317791,
        "2024-QV9-34": 12.994682,
        "2024-51P-30": 68.361847,
        "2024-K22-4": 5.41395,
        "2024-OBF-29": 4.289556,
        "2024-XRB-24": 1.706935,
        "2024-T6G-27": 7.160857,
        "2024-BJV-10": 25.358481,
        "2024-X7M-3": 13.41561,
        "2024-ETJ-33": 3.290898,
        "2024-XU5-13": 3.039841,
        "2024-V6O-23": 18.383824,
        "2024-Z3A-28": 6.099234,
        "2024-I9Y-15": 2.706367,
        "2024-5HA-8": 11.828734,
        "2024-U7W-16": 6.774086,
        "2024-PAF-17": 8.101515,
        "rv_sort_search": 0.328289,
        "rv_transpose1": 0.033736,
        "rv_h-4-02": 0.000104,
        "rv_matmul1": 0.152992,
        "rv_h-9-01": 0.011661,
        "rv_crypto-3": 0.112265,
        "rv_sl2": 0.516341,
        "rv_h-8-03": 1.6e-05,
        "rv_h-9-02": 0.009281,
        "rv_h-8-01": 2.2e-05,
        "rv_h-4-03": 0.1928,
        "rv_matmul3": 0.457278,
        "rv_h-9-03": 0.007943,
        "rv_h-10-01": 0.042768,
        "rv_shuffle2": 0.34658,
        "rv_h-5-03": 1.7e-05,
        "rv_fft1": 6.742603,
        "rv_03_sort3": 0.167605,
        "rv_h-5-01": 3.6e-05,
        "rv_transpose0": 0.020372,
        "rv_gameoflife-oscillator": 0.098731,
        "rv_01_mm3": 0.21118,
        "rv_h-11-02": 0.001637,
        "rv_if-combine1": 0.002488,
        "rv_if-combine2": 0.417684,
        "rv_sl3": 0.021391,
        "rv_shuffle1": 0.585857,
        "rv_h-2-01": 0.170627,
        "rv_04_spmv2": 0.004558,
        "rv_gameoflife-gosper": 0.000107,
        "rv_if-combine3": 1.313698,
        "rv_matmul2": 0.381056,
        "rv_04_spmv3": 0.18393,
        "rv_h-2-02": 0.168378,
        "rv_h-11-01": 0.0013,
        "rv_shuffle0": 0.049245,
        "rv_gameoflife-p61glidergun": 0.123582,
        "rv_h-7-01": 0.006327,
        "rv_04_spmv1": 0.206091,
        "rv_03_sort2": 18.687673,
        "rv_h-10-03": 0.355614,
        "rv_01_mm2": 0.176051,
        "rv_crypto-1": 0.281411,
        "rv_fft2": 0.01395,
        "rv_transpose2": 0.432465,
        "rv_crypto-2": 0.191324,
        "rv_01_mm1": 0.048295,
        "rv_h-4-01": 0.011947,
        "rv_h-5-02": 1e-05,
        "rv_h-2-03": 0.251287,
        "rv_h-10-02": 0.098119,
        "rv_h-11-03": 0.007262,
        "rv_h-8-02": 1.3e-05,
        "rv_sl1": 0.19264,
        "h-2-03": 7.479706,
        "h-8-01": 4.615158,
        "h-8-02": 3.923326,
        "h-8-03": 3.721982,
        "h-4-02": 7.249017,
        "h-7-01": 0.659232,
        "h-2-01": 5.853392,
        "h-4-03": 13.240591,
        "h-3-02": 3.49335,
        "h-6-01": 3.189664,
        "h-5-02": 7.661428,
        "h-5-03": 7.985456,
        "h-6-02": 4.851217,
        "h-6-03": 6.344403,
        "h-5-01": 6.945264,
        "h-1-02": 4.721109,
        "h-2-02": 5.86013,
        "h-4-01": 2.232117,
        "h-1-01": 56.261296,
        "h-1-03": 26.469289,
        "h-3-03": 4.815399,
        "h-3-01": 4.685283,
        "arm_h-7-01": 0.624819,
        "arm_h-1-03": 26.419221,
        "arm_fft2": 0.013987,
        "arm_matmul1": 18.112495,
        "arm_shuffle2": 0.172442,
        "arm_h-8-02": 3.616628,
        "arm_03_sort1": 1.184359,
        "arm_shuffle0": 8.865191,
        "arm_crypto-3": 2.927045,
        "arm_h-4-03": 13.193695,
        "arm_crypto-2": 2.241647,
        "arm_transpose0": 3.515632,
        "arm_h-1-02": 4.880341,
        "arm_transpose1": 2.722177,
        "arm_h-2-03": 7.444301,
        "arm_04_spmv3": 1.598892,
        "arm_matmul2": 26.724822,
        "arm_transpose2": 13.000597,
        "arm_03_sort3": 0.170923,
        "arm_h-8-03": 4.63856,
        "arm_h-2-02": 5.99153,
        "arm_sl3": 0.996677,
        "arm_h-11-01": 299.438971,
        "arm_01_mm1": 8.589725,
        "arm_crypto-1": 2.869965,
        "arm_h-4-02": 7.380804,
        "arm_h-4-01": 2.15661,
        "arm_h-5-03": 11.351816,
        "arm_shuffle1": 19.836903,
        "arm_matmul3": 25.44298,
        "arm_03_sort2": 19.04413,
        "arm_h-8-01": 5.498849,
        "arm_04_spmv1": 8.77288,
        "arm_01_mm2": 9.248394,
        "arm_h-10-02": 69.459365,
        "arm_h-1-01": 55.634479,
        "arm_if-combine2": 26.934682,
        "arm_h-12-01": 2.449778,
        "arm_h-10-01": 0.050114,
        "arm_h-9-03": 0.009124,
        "arm_sl1": 6.770534,
        "arm_gameoflife-oscillator": 11.968588,
        "arm_h-5-02": 12.251679,
        "arm_fft1": 7.21991,
        "arm_04_spmv2": 6.164226,
        "arm_sl2": 2.867514,
        "arm_gameoflife-p61glidergun": 12.92788,
        "arm_h-13-01": 1.034139,
        "arm_h-5-01": 10.481372,
        "arm_if-combine3": 63.228873,
        "arm_if-combine1": 0.07201,
        "arm_01_mm3": 4.798936,
        "arm_gameoflife-gosper": 13.901461,
        "arm_fft0": 3.057142,
        "arm_sort_search": 0.284288,
        "arm_h-14-01": 4.051025,
        "arm_h-2-01": 6.149351,
        "arm_h-9-02": 0.010029,
        "arm_h-9-01": 0.008387,
        "04_spmv3": 1.735106,
        "03_sort3": 3.47884,
        "04_spmv1": 4.576179,
        "matmul2": 12.212163,
        "gameoflife-oscillator": 11.336791,
        "large_loop_array_3": 2.734199,
        "01_mm3": 6.012138,
        "sl3": 1.695733,
        "transpose0": 4.746809,
        "03_sort1": 1.208358,
        "03_sort2": 18.513844,
        "shuffle2": 6.073312,
        "if-combine3": 36.695846,
        "transpose2": 14.275538,
        "shuffle1": 26.023553,
        "fft1": 6.881699,
        "large_loop_array_1": 3.26192,
        "transpose1": 3.886323,
        "shuffle0": 43.173634,
        "01_mm1": 9.89845,
        "large_loop_array_2": 6.654961,
        "01_mm2": 9.644515,
        "04_spmv2": 12.300433,
        "recursive_call_3": 0.004091,
        "gameoflife-p61glidergun": 14.219395,
        "if-combine1": 15.00149,
        "matmul3": 12.646179,
        "fft0": 3.04454,
        "fft2": 6.330812,
        "recursive_call_2": 0.002827,
        "gameoflife-gosper": 14.199566,
        "sl1": 5.681961,
        "matmul1": 13.864732,
        "recursive_call_1": 0.002701,
        "if-combine2": 21.102585,
        "sl2": 2.271692
    }
}