{
    "commit": "9045d1a291768a7478deb1e82cf4abce41dd49d8",
    "author": "GitHub Action",
    "timestamp": "2025-07-07T06:05:43Z",
    "message": "MIR: Fix mapOperand.",
    "results": {
        "2024-DCV-7": 8.260119,
        "2024-H17-1": 5.914219,
        "2024-FVJ-15": 8.122049,
        "2024-7UJ-12": 0.011748,
        "2024-C64-14": 7.439388,
        "2024-KVV-20": 2.304238,
        "2024-FAF-19": 26.048204,
        "2024-NT1-4": 0.011693,
        "2024-CH6-24": 0.631997,
        "2024-NKK-22": 0.967488,
        "2024-LN4-9": 7.26512,
        "2024-VTF-5": 3.861912,
        "2024-I4W-2": 0.008873,
        "2024-2KM-21": 4.748201,
        "2024-MXP-16": 7.123332,
        "2024-U03-25": 129.727837,
        "2024-0ZE-13": 4.652048,
        "2024-BAV-3": 248.001893,
        "2024-931-6": 2.085936,
        "2024-PKP-8": 4.303423,
        "2024-NCY-23": 42.130453,
        "2024-JVU-10": 54.769314,
        "2024-1WO-11": 5.907265,
        "2024-K0I-17": 13.006464,
        "2024-8NL-18": 7.024571,
        "2024-VGH-20": 31.40695,
        "2024-FQX-25": 7.190316,
        "2024-5NG-2": 37.11507,
        "2024-BE3-31": 7.806924,
        "2024-FI8-9": 4.08435,
        "2024-PCT-14": 3.269562,
        "2024-IG5-12": 15.473443,
        "2024-JR2-21": 3.602363,
        "2024-LW8-7": 18.629708,
        "2024-CH1-5": 1.264578,
        "2024-84M-11": 6.30244,
        "2024-VRT-1": 23.529309,
        "2024-2D0-22": 1.923535,
        "2024-1RK-26": 6.584047,
        "2024-Y60-18": 4.64527,
        "2024-AZ7-32": 40.84831,
        "2024-TBR-19": 26.906258,
        "2024-U7D-6": 23.330466,
        "2024-QV9-34": 12.584082,
        "2024-51P-30": 68.588374,
        "2024-K22-4": 7.255073,
        "2024-OBF-29": 4.553426,
        "2024-XRB-24": 1.732255,
        "2024-T6G-27": 8.26865,
        "2024-BJV-10": 26.671992,
        "2024-X7M-3": 13.597785,
        "2024-ETJ-33": 3.401157,
        "2024-XU5-13": 3.115176,
        "2024-V6O-23": 27.436126,
        "2024-Z3A-28": 5.587889,
        "2024-I9Y-15": 2.928496,
        "2024-5HA-8": 11.928472,
        "2024-U7W-16": 6.780391,
        "2024-PAF-17": 6.02112,
        "rv_sort_search": 0.310869,
        "rv_transpose1": 0.029109,
        "rv_h-4-02": 6.3e-05,
        "rv_matmul1": 0.112843,
        "rv_h-9-01": 0.008864,
        "rv_crypto-3": 0.108178,
        "rv_sl2": 0.411842,
        "rv_h-8-03": 1e-05,
        "rv_h-9-02": 0.00505,
        "rv_h-8-01": 1e-05,
        "rv_h-4-03": 0.170689,
        "rv_matmul3": 0.151396,
        "rv_h-9-03": 0.004497,
        "rv_h-10-01": 0.026799,
        "rv_shuffle2": 0.163937,
        "rv_h-5-03": 9e-06,
        "rv_fft1": 6.772669,
        "rv_03_sort3": 0.164882,
        "rv_h-5-01": 1.9e-05,
        "rv_transpose0": 0.014517,
        "rv_gameoflife-oscillator": 0.097924,
        "rv_01_mm3": 0.105211,
        "rv_h-11-02": 0.00125,
        "rv_if-combine1": 0.001277,
        "rv_if-combine2": 0.409759,
        "rv_sl3": 0.021349,
        "rv_shuffle1": 0.468575,
        "rv_h-2-01": 0.159245,
        "rv_04_spmv2": 0.004977,
        "rv_gameoflife-gosper": 0.00011,
        "rv_if-combine3": 0.67714,
        "rv_matmul2": 0.281233,
        "rv_04_spmv3": 0.17315,
        "rv_h-2-02": 0.162635,
        "rv_h-11-01": 0.001632,
        "rv_shuffle0": 0.033242,
        "rv_gameoflife-p61glidergun": 0.128518,
        "rv_h-7-01": 0.006307,
        "rv_04_spmv1": 0.174462,
        "rv_03_sort2": 18.236718,
        "rv_h-10-03": 0.129629,
        "rv_01_mm2": 0.170591,
        "rv_crypto-1": 0.27179,
        "rv_fft2": 0.014128,
        "rv_transpose2": 0.382908,
        "rv_crypto-2": 0.180895,
        "rv_01_mm1": 0.054658,
        "rv_h-4-01": 0.011675,
        "rv_h-5-02": 9e-06,
        "rv_h-2-03": 0.237752,
        "rv_h-10-02": 0.069512,
        "rv_h-11-03": 0.006876,
        "rv_h-8-02": 1e-05,
        "rv_sl1": 0.176885,
        "h-2-03": 7.123071,
        "h-8-01": 4.032383,
        "h-8-02": 4.391813,
        "h-8-03": 3.565064,
        "h-4-02": 7.01534,
        "h-7-01": 0.64822,
        "h-2-01": 5.931915,
        "h-4-03": 13.224801,
        "h-3-02": 3.295378,
        "h-6-01": 3.234428,
        "h-5-02": 7.224478,
        "h-5-03": 7.123666,
        "h-6-02": 4.83545,
        "h-6-03": 6.514098,
        "h-5-01": 6.434748,
        "h-1-02": 4.764052,
        "h-2-02": 5.763687,
        "h-4-01": 2.144615,
        "h-1-01": 54.5211,
        "h-1-03": 26.025015,
        "h-3-03": 4.23683,
        "h-3-01": 4.19955,
        "arm_h-7-01": 0.649222,
        "arm_h-1-03": 26.221448,
        "arm_fft2": 0.014043,
        "arm_matmul1": 18.274993,
        "arm_shuffle2": 0.174444,
        "arm_h-8-02": 3.531601,
        "arm_03_sort1": 1.2498,
        "arm_shuffle0": 8.49475,
        "arm_crypto-3": 2.89922,
        "arm_h-4-03": 13.037536,
        "arm_crypto-2": 2.089312,
        "arm_transpose0": 3.325674,
        "arm_h-1-02": 4.792928,
        "arm_transpose1": 2.647838,
        "arm_h-2-03": 7.055281,
        "arm_04_spmv3": 1.730924,
        "arm_matmul2": 24.841955,
        "arm_transpose2": 12.851781,
        "arm_03_sort3": 0.163114,
        "arm_h-8-03": 4.667567,
        "arm_h-2-02": 5.857673,
        "arm_sl3": 1.014404,
        "arm_h-11-01": 207.760698,
        "arm_01_mm1": 7.964507,
        "arm_crypto-1": 2.724013,
        "arm_h-4-02": 7.151915,
        "arm_h-4-01": 2.148831,
        "arm_h-5-03": 12.287146,
        "arm_shuffle1": 21.285263,
        "arm_matmul3": 26.946047,
        "arm_03_sort2": 19.295431,
        "arm_h-8-01": 5.70641,
        "arm_04_spmv1": 7.866528,
        "arm_01_mm2": 9.619198,
        "arm_h-10-02": 29.952029,
        "arm_h-1-01": 54.600835,
        "arm_if-combine2": 40.632495,
        "arm_h-12-01": 2.219625,
        "arm_h-10-01": 0.033942,
        "arm_h-9-03": 0.007763,
        "arm_sl1": 5.617021,
        "arm_gameoflife-oscillator": 11.778799,
        "arm_h-5-02": 9.096183,
        "arm_fft1": 6.815939,
        "arm_04_spmv2": 5.129298,
        "arm_sl2": 2.891974,
        "arm_gameoflife-p61glidergun": 13.256448,
        "arm_h-13-01": 1.095211,
        "arm_h-5-01": 10.548017,
        "arm_if-combine3": 68.937307,
        "arm_if-combine1": 0.058622,
        "arm_01_mm3": 5.288513,
        "arm_gameoflife-gosper": 13.893035,
        "arm_fft0": 3.127472,
        "arm_sort_search": 0.279942,
        "arm_h-14-01": 3.929455,
        "arm_h-2-01": 5.953638,
        "arm_h-9-02": 0.010197,
        "arm_h-9-01": 0.008203,
        "04_spmv3": 1.851157,
        "03_sort3": 3.582922,
        "04_spmv1": 4.486457,
        "matmul2": 12.076372,
        "gameoflife-oscillator": 11.880512,
        "large_loop_array_3": 2.94314,
        "01_mm3": 6.881716,
        "sl3": 1.807148,
        "transpose0": 5.003717,
        "03_sort1": 1.264638,
        "03_sort2": 18.589635,
        "shuffle2": 6.218988,
        "if-combine3": 28.084772,
        "transpose2": 13.720272,
        "shuffle1": 23.24712,
        "fft1": 6.844259,
        "large_loop_array_1": 3.509612,
        "transpose1": 3.695134,
        "shuffle0": 28.881754,
        "01_mm1": 8.063838,
        "large_loop_array_2": 7.122536,
        "01_mm2": 8.431659,
        "04_spmv2": 11.014154,
        "recursive_call_3": 0.003897,
        "gameoflife-p61glidergun": 13.545623,
        "if-combine1": 11.451329,
        "matmul3": 11.035557,
        "fft0": 3.10831,
        "fft2": 6.806237,
        "recursive_call_2": 0.002394,
        "gameoflife-gosper": 13.42385,
        "sl1": 4.814828,
        "matmul1": 9.366749,
        "recursive_call_1": 0.002952,
        "if-combine2": 16.576211,
        "sl2": 1.854841
    }
}