{
    "commit": "9690c14ffbb97c8f74da56eb65090cec025aaaef",
    "author": "GitHub Action",
    "timestamp": "2025-07-25T02:00:08Z",
    "message": "IR: Fix non\u2011determinism in vectorizer and Add Strength reduction in RngSimplify.",
    "results": {
        "2024-DCV-7": 8.059387,
        "2024-H17-1": 5.975479,
        "2024-FVJ-15": 8.080721,
        "2024-7UJ-12": 0.007245,
        "2024-C64-14": 7.013202,
        "2024-KVV-20": 2.486736,
        "2024-FAF-19": 26.267915,
        "2024-NT1-4": 0.009087,
        "2024-CH6-24": 0.396159,
        "2024-NKK-22": 0.997758,
        "2024-LN4-9": 7.685064,
        "2024-VTF-5": 4.003969,
        "2024-I4W-2": 0.009177,
        "2024-2KM-21": 4.611602,
        "2024-MXP-16": 7.170635,
        "2024-U03-25": 128.250333,
        "2024-0ZE-13": 5.20706,
        "2024-BAV-3": 270.556239,
        "2024-931-6": 2.145621,
        "2024-PKP-8": 4.237447,
        "2024-NCY-23": 41.059434,
        "2024-JVU-10": 55.170553,
        "2024-1WO-11": 5.717272,
        "2024-K0I-17": 13.113113,
        "2024-8NL-18": 6.659427,
        "2024-VGH-20": 48.941948,
        "2024-FQX-25": 6.691801,
        "2024-5NG-2": 44.313671,
        "2024-BE3-31": 5.199436,
        "2024-FI8-9": 3.332968,
        "2024-PCT-14": 2.745082,
        "2024-IG5-12": 20.06184,
        "2024-JR2-21": 2.424941,
        "2024-LW8-7": 15.310065,
        "2024-CH1-5": 1.071839,
        "2024-84M-11": 6.167259,
        "2024-VRT-1": 7.474638,
        "2024-2D0-22": 0.988368,
        "2024-1RK-26": 6.466575,
        "2024-Y60-18": 3.088906,
        "2024-AZ7-32": 32.262232,
        "2024-TBR-19": 50.513142,
        "2024-U7D-6": 7.379376,
        "2024-QV9-34": 22.316257,
        "2024-51P-30": 85.243901,
        "2024-K22-4": 7.530505,
        "2024-OBF-29": 7.761072,
        "2024-XRB-24": 1.340528,
        "2024-T6G-27": 6.619742,
        "2024-BJV-10": 7.615842,
        "2024-X7M-3": 20.466944,
        "2024-ETJ-33": 5.520496,
        "2024-XU5-13": 4.464698,
        "2024-V6O-23": 43.557338,
        "2024-Z3A-28": 12.553694,
        "2024-I9Y-15": 1.938382,
        "2024-5HA-8": 16.804847,
        "2024-U7W-16": 7.395554,
        "2024-PAF-17": 6.28303,
        "rv_sort_search": 0.481413,
        "rv_transpose1": 0.029651,
        "rv_h-4-02": 9e-05,
        "rv_matmul1": 0.060624,
        "rv_h-9-01": 0.010829,
        "rv_crypto-3": 0.07754,
        "rv_sl2": 0.524251,
        "rv_h-8-03": 2.2e-05,
        "rv_h-9-02": 0.007313,
        "rv_h-8-01": 2.3e-05,
        "rv_h-4-03": 0.180755,
        "rv_matmul3": 0.131414,
        "rv_h-9-03": 0.00647,
        "rv_h-10-01": 0.036559,
        "rv_shuffle2": 0.446005,
        "rv_h-5-03": 1.1e-05,
        "rv_fft1": 6.678798,
        "rv_03_sort3": 0.114139,
        "rv_h-5-01": 2.1e-05,
        "rv_transpose0": 0.020601,
        "rv_gameoflife-oscillator": 0.142886,
        "rv_01_mm3": 0.054789,
        "rv_h-11-02": 0.0011,
        "rv_if-combine1": 0.001313,
        "rv_if-combine2": 0.244255,
        "rv_sl3": 0.018267,
        "rv_shuffle1": 0.730497,
        "rv_h-2-01": 0.190357,
        "rv_04_spmv2": 0.006005,
        "rv_gameoflife-gosper": 0.000149,
        "rv_if-combine3": 0.868248,
        "rv_matmul2": 0.223624,
        "rv_04_spmv3": 0.083553,
        "rv_h-2-02": 0.141571,
        "rv_h-11-01": 0.001114,
        "rv_shuffle0": 0.028978,
        "rv_gameoflife-p61glidergun": 0.159189,
        "rv_h-7-01": 0.003289,
        "rv_04_spmv1": 0.161452,
        "rv_03_sort2": 14.449356,
        "rv_h-10-03": 0.359165,
        "rv_01_mm2": 0.128213,
        "rv_crypto-1": 0.168081,
        "rv_fft2": 0.013537,
        "rv_transpose2": 0.4225,
        "rv_crypto-2": 0.130444,
        "rv_01_mm1": 0.042898,
        "rv_h-4-01": 0.011643,
        "rv_h-5-02": 1.1e-05,
        "rv_h-2-03": 0.196912,
        "rv_h-10-02": 0.426715,
        "rv_h-11-03": 0.007904,
        "rv_h-8-02": 1.1e-05,
        "rv_sl1": 0.152778,
        "h-2-03": 6.625321,
        "h-8-01": 4.220918,
        "h-8-02": 4.258564,
        "h-8-03": 3.957012,
        "h-4-02": 7.350878,
        "h-7-01": 0.400307,
        "h-2-01": 5.667451,
        "h-4-03": 12.803475,
        "h-3-02": 3.278822,
        "h-6-01": 2.998917,
        "h-5-02": 7.635817,
        "h-5-03": 7.408568,
        "h-6-02": 4.651687,
        "h-6-03": 5.975259,
        "h-5-01": 6.559804,
        "h-1-02": 4.680784,
        "h-2-02": 5.557624,
        "h-4-01": 2.08242,
        "h-1-01": 62.505644,
        "h-1-03": 28.597877,
        "h-3-03": 4.454602,
        "h-3-01": 4.497619,
        "arm_h-7-01": 0.367632,
        "arm_h-1-03": 29.602866,
        "arm_fft2": 0.013685,
        "arm_matmul1": 4.252617,
        "arm_shuffle2": 0.15514,
        "arm_h-8-02": 3.672502,
        "arm_03_sort1": 0.862577,
        "arm_shuffle0": 7.78561,
        "arm_crypto-3": 1.891336,
        "arm_h-4-03": 15.919133,
        "arm_crypto-2": 1.34647,
        "arm_transpose0": 3.526388,
        "arm_h-1-02": 5.644181,
        "arm_transpose1": 3.045132,
        "arm_h-2-03": 7.525605,
        "arm_04_spmv3": 0.839986,
        "arm_matmul2": 4.728632,
        "arm_transpose2": 16.262606,
        "arm_03_sort3": 0.142232,
        "arm_h-8-03": 6.270304,
        "arm_h-2-02": 7.369607,
        "arm_sl3": 1.176929,
        "arm_h-11-01": 259.049631,
        "arm_01_mm1": 8.94269,
        "arm_crypto-1": 1.719881,
        "arm_h-4-02": 7.356154,
        "arm_h-4-01": 2.178247,
        "arm_h-5-03": 10.952383,
        "arm_shuffle1": 22.579372,
        "arm_matmul3": 7.392331,
        "arm_03_sort2": 14.197714,
        "arm_h-8-01": 7.973388,
        "arm_04_spmv1": 8.727682,
        "arm_01_mm2": 8.545655,
        "arm_h-10-02": 30.834501,
        "arm_h-1-01": 62.003916,
        "arm_if-combine2": 29.139682,
        "arm_h-12-01": 2.669318,
        "arm_h-10-01": 0.077312,
        "arm_h-9-03": 0.014858,
        "arm_sl1": 4.699828,
        "arm_gameoflife-oscillator": 17.136911,
        "arm_h-5-02": 8.984819,
        "arm_fft1": 6.523628,
        "arm_04_spmv2": 2.702857,
        "arm_sl2": 1.924261,
        "arm_gameoflife-p61glidergun": 21.051311,
        "arm_h-13-01": 0.953215,
        "arm_h-5-01": 11.195984,
        "arm_if-combine3": 47.852855,
        "arm_if-combine1": 0.19979,
        "arm_01_mm3": 5.927737,
        "arm_gameoflife-gosper": 22.164237,
        "arm_fft0": 4.298743,
        "arm_sort_search": 0.555561,
        "arm_h-14-01": 5.381308,
        "arm_h-2-01": 7.388259,
        "arm_h-9-02": 0.020151,
        "arm_h-9-01": 0.016696,
        "04_spmv3": 1.17742,
        "03_sort3": 3.730127,
        "04_spmv1": 4.591443,
        "matmul2": 2.095282,
        "gameoflife-oscillator": 18.444922,
        "large_loop_array_3": 2.140319,
        "01_mm3": 6.156465,
        "sl3": 1.238568,
        "transpose0": 4.758965,
        "03_sort1": 1.013331,
        "03_sort2": 18.901914,
        "shuffle2": 4.637859,
        "if-combine3": 61.087998,
        "transpose2": 14.104964,
        "shuffle1": 16.733207,
        "fft1": 8.807649,
        "large_loop_array_1": 3.218374,
        "transpose1": 5.29433,
        "shuffle0": 21.651794,
        "01_mm1": 9.05833,
        "large_loop_array_2": 6.499323,
        "01_mm2": 8.717917,
        "04_spmv2": 7.257485,
        "recursive_call_3": 0.004964,
        "gameoflife-p61glidergun": 17.533289,
        "if-combine1": 23.452809,
        "matmul3": 1.834897,
        "fft0": 2.986286,
        "fft2": 6.183297,
        "recursive_call_2": 0.003069,
        "gameoflife-gosper": 20.277135,
        "sl1": 4.149208,
        "matmul1": 1.761619,
        "recursive_call_1": 0.002653,
        "if-combine2": 27.737083,
        "sl2": 1.488168
    }
}