{
    "commit": "97479dbeae7e8b93b336c1c6eb949d12f4495586",
    "author": "GitHub Action",
    "timestamp": "2025-08-12T06:27:00Z",
    "message": "SIR: Dependency Test in AffineAA using OmegaSolver.",
    "results": {
        "2024-DCV-7": 6.200754,
        "2024-H17-1": 6.049635,
        "2024-FVJ-15": 6.200426,
        "2024-7UJ-12": 0.007132,
        "2024-C64-14": 7.098568,
        "2024-KVV-20": 2.032725,
        "2024-FAF-19": 13.812478,
        "2024-NT1-4": 0.010114,
        "2024-CH6-24": 0.311499,
        "2024-NKK-22": 0.885792,
        "2024-LN4-9": 6.149182,
        "2024-VTF-5": 3.316013,
        "2024-I4W-2": 0.00921,
        "2024-2KM-21": 2.591195,
        "2024-MXP-16": 6.896246,
        "2024-U03-25": 0.39184,
        "2024-0ZE-13": 3.326729,
        "2024-BAV-3": 0.864509,
        "2024-931-6": 2.080718,
        "2024-PKP-8": 3.64021,
        "2024-NCY-23": 0.127772,
        "2024-JVU-10": 28.897087,
        "2024-1WO-11": 5.91986,
        "2024-K0I-17": 12.760472,
        "2024-8NL-18": 3.340894,
        "2024-VGH-20": 5.316328,
        "2024-FQX-25": 4.523617,
        "2024-5NG-2": 9.400685,
        "2024-BE3-31": 2.163595,
        "2024-FI8-9": 2.081163,
        "2024-PCT-14": 1.246931,
        "2024-IG5-12": 9.745168,
        "2024-JR2-21": 2.252094,
        "2024-LW8-7": 11.80424,
        "2024-CH1-5": 0.703781,
        "2024-84M-11": 2.924162,
        "2024-VRT-1": 1.531858,
        "2024-2D0-22": 0.680722,
        "2024-1RK-26": 5.577557,
        "2024-Y60-18": 1.468713,
        "2024-AZ7-32": 2.17264,
        "2024-TBR-19": 36.270242,
        "2024-U7D-6": 1.536443,
        "2024-QV9-34": 7.070114,
        "2024-51P-30": 3.624114,
        "2024-K22-4": 3.155541,
        "2024-OBF-29": 2.776121,
        "2024-XRB-24": 0.55314,
        "2024-T6G-27": 3.415872,
        "2024-BJV-10": 1.533688,
        "2024-X7M-3": 7.381842,
        "2024-ETJ-33": 2.28875,
        "2024-XU5-13": 2.692693,
        "2024-V6O-23": 1.451629,
        "2024-Z3A-28": 2.471467,
        "2024-I9Y-15": 1.811796,
        "2024-5HA-8": 6.693911,
        "2024-U7W-16": 5.816105,
        "2024-PAF-17": 3.828797,
        "rv_sort_search": 0.413531,
        "rv_transpose1": 0.025018,
        "rv_h-4-02": 4.6e-05,
        "rv_matmul1": 0.012464,
        "rv_h-9-01": 0.006223,
        "rv_crypto-3": 0.052598,
        "rv_sl2": 0.228942,
        "rv_h-8-03": 1.3e-05,
        "rv_h-9-02": 0.005023,
        "rv_h-8-01": 1.2e-05,
        "rv_h-4-03": 0.171996,
        "rv_matmul3": 0.023015,
        "rv_h-9-03": 0.004803,
        "rv_h-10-01": 0.001855,
        "rv_shuffle2": 0.137896,
        "rv_h-5-03": 1.1e-05,
        "rv_fft1": 5.840597,
        "rv_03_sort3": 0.09844,
        "rv_h-5-01": 1.9e-05,
        "rv_transpose0": 0.014365,
        "rv_gameoflife-oscillator": 0.060189,
        "rv_01_mm3": 0.046497,
        "rv_h-11-02": 0.001126,
        "rv_if-combine1": 0.000529,
        "rv_if-combine2": 0.024356,
        "rv_sl3": 0.017673,
        "rv_shuffle1": 0.332268,
        "rv_h-2-01": 0.130956,
        "rv_04_spmv2": 0.003231,
        "rv_gameoflife-gosper": 0.000173,
        "rv_if-combine3": 0.038643,
        "rv_matmul2": 0.040302,
        "rv_04_spmv3": 0.068556,
        "rv_h-2-02": 0.130458,
        "rv_h-11-01": 0.001127,
        "rv_shuffle0": 0.020412,
        "rv_gameoflife-p61glidergun": 0.071234,
        "rv_h-7-01": 0.003932,
        "rv_04_spmv1": 0.108463,
        "rv_03_sort2": 11.80098,
        "rv_h-10-03": 0.004468,
        "rv_01_mm2": 0.067777,
        "rv_crypto-1": 0.125187,
        "rv_fft2": 0.015295,
        "rv_transpose2": 0.314956,
        "rv_crypto-2": 0.089165,
        "rv_01_mm1": 0.023324,
        "rv_h-4-01": 0.014058,
        "rv_h-5-02": 1.1e-05,
        "rv_h-2-03": 0.185078,
        "rv_h-10-02": 0.002902,
        "rv_h-11-03": 0.006575,
        "rv_h-8-02": 1.3e-05,
        "rv_sl1": 0.114553,
        "h-2-03": 7.096504,
        "h-8-01": 3.322202,
        "h-8-02": 3.424219,
        "h-8-03": 3.393732,
        "h-4-02": 6.896766,
        "h-7-01": 0.314622,
        "h-2-01": 5.922442,
        "h-4-03": 12.761614,
        "h-3-02": 2.997664,
        "h-6-01": 2.825587,
        "h-5-02": 6.127778,
        "h-5-03": 6.004458,
        "h-6-02": 4.234534,
        "h-6-03": 5.647787,
        "h-5-01": 6.117686,
        "h-1-02": 2.590901,
        "h-2-02": 6.044496,
        "h-4-01": 2.081193,
        "h-1-01": 30.279392,
        "h-1-03": 13.812943,
        "h-3-03": 2.999526,
        "h-3-01": 3.007045,
        "arm_h-7-01": 0.311334,
        "arm_h-1-03": 13.812536,
        "arm_fft2": 0.016201,
        "arm_matmul1": 1.517705,
        "arm_shuffle2": 0.140524,
        "arm_h-8-02": 3.315667,
        "arm_03_sort1": 0.705595,
        "arm_shuffle0": 5.637034,
        "arm_crypto-3": 1.308909,
        "arm_h-4-03": 12.76015,
        "arm_crypto-2": 0.987519,
        "arm_transpose0": 3.004111,
        "arm_h-1-02": 2.590672,
        "arm_transpose1": 2.366474,
        "arm_h-2-03": 7.104974,
        "arm_04_spmv3": 0.678841,
        "arm_matmul2": 1.533695,
        "arm_transpose2": 10.577249,
        "arm_03_sort3": 0.098783,
        "arm_h-8-03": 3.354918,
        "arm_h-2-02": 5.877761,
        "arm_sl3": 0.571822,
        "arm_h-11-01": 0.862481,
        "arm_01_mm1": 3.770914,
        "arm_crypto-1": 1.205978,
        "arm_h-4-02": 6.896498,
        "arm_h-4-01": 2.080459,
        "arm_h-5-03": 6.112247,
        "arm_shuffle1": 8.916758,
        "arm_matmul3": 1.498086,
        "arm_03_sort2": 11.805238,
        "arm_h-8-01": 3.417277,
        "arm_04_spmv1": 2.133714,
        "arm_01_mm2": 3.94817,
        "arm_h-10-02": 0.129313,
        "arm_h-1-01": 28.886785,
        "arm_if-combine2": 2.174603,
        "arm_h-12-01": 2.033074,
        "arm_h-10-01": 0.001679,
        "arm_h-9-03": 0.006745,
        "arm_sl1": 3.142957,
        "arm_gameoflife-oscillator": 6.69147,
        "arm_h-5-02": 6.15973,
        "arm_fft1": 5.785115,
        "arm_04_spmv2": 1.529616,
        "arm_sl2": 1.206782,
        "arm_gameoflife-p61glidergun": 6.962109,
        "arm_h-13-01": 0.888151,
        "arm_h-5-01": 6.158487,
        "arm_if-combine3": 3.624463,
        "arm_if-combine1": 0.010406,
        "arm_01_mm3": 2.423715,
        "arm_gameoflife-gosper": 7.513948,
        "arm_fft0": 2.683538,
        "arm_sort_search": 0.392736,
        "arm_h-14-01": 3.642373,
        "arm_h-2-01": 5.91308,
        "arm_h-9-02": 0.009323,
        "arm_h-9-01": 0.007082,
        "04_spmv3": 0.679996,
        "03_sort3": 2.037742,
        "04_spmv1": 2.15436,
        "matmul2": 0.899772,
        "gameoflife-oscillator": 6.719711,
        "large_loop_array_3": 1.810782,
        "01_mm3": 2.61614,
        "sl3": 0.542646,
        "transpose0": 2.823532,
        "03_sort1": 0.697098,
        "03_sort2": 11.86464,
        "shuffle2": 2.45316,
        "if-combine3": 3.625876,
        "transpose2": 9.743596,
        "shuffle1": 9.746677,
        "fft1": 5.782335,
        "large_loop_array_1": 2.251257,
        "transpose1": 2.298108,
        "shuffle0": 9.611317,
        "01_mm1": 3.704627,
        "large_loop_array_2": 4.498434,
        "01_mm2": 3.186231,
        "04_spmv2": 1.458761,
        "recursive_call_3": 0.0029,
        "gameoflife-p61glidergun": 7.040189,
        "if-combine1": 1.452909,
        "matmul3": 0.900935,
        "fft0": 2.70826,
        "fft2": 5.621957,
        "recursive_call_2": 0.002668,
        "gameoflife-gosper": 7.438224,
        "sl1": 3.13548,
        "matmul1": 0.89067,
        "recursive_call_1": 0.003238,
        "if-combine2": 2.177954,
        "sl2": 1.197919
    }
}