{
    "commit": "9e677953538395530bfcafc491f71107f9e1310b",
    "author": "GitHub Action",
    "timestamp": "2025-07-02T06:38:50Z",
    "message": "Merge branch 'backendv3.0'",
    "results": {
        "2024-DCV-7": 8.362856,
        "2024-H17-1": 6.102594,
        "2024-FVJ-15": 8.293665,
        "2024-7UJ-12": 0.011059,
        "2024-C64-14": 7.280464,
        "2024-KVV-20": 2.261244,
        "2024-FAF-19": 28.361264,
        "2024-NT1-4": 0.009358,
        "2024-CH6-24": 0.633789,
        "2024-NKK-22": 0.957488,
        "2024-LN4-9": 7.823533,
        "2024-VTF-5": 3.809225,
        "2024-I4W-2": 0.013225,
        "2024-2KM-21": 4.763084,
        "2024-MXP-16": 7.931753,
        "2024-U03-25": 135.966869,
        "2024-0ZE-13": 6.255222,
        "2024-BAV-3": 248.006189,
        "2024-931-6": 2.532108,
        "2024-PKP-8": 4.539137,
        "2024-NCY-23": 40.287998,
        "2024-JVU-10": 56.255678,
        "2024-1WO-11": 6.383617,
        "2024-K0I-17": 13.240872,
        "2024-8NL-18": 7.296782,
        "2024-VGH-20": 37.982083,
        "2024-FQX-25": 6.837815,
        "2024-5NG-2": 37.235328,
        "2024-BE3-31": 8.874727,
        "2024-FI8-9": 3.760822,
        "2024-PCT-14": 2.976016,
        "2024-IG5-12": 15.62952,
        "2024-JR2-21": 3.352733,
        "2024-LW8-7": 19.567886,
        "2024-CH1-5": 1.191987,
        "2024-84M-11": 6.458401,
        "2024-VRT-1": 27.487649,
        "2024-2D0-22": 2.290542,
        "2024-1RK-26": 7.05077,
        "2024-Y60-18": 4.857588,
        "2024-AZ7-32": 26.794025,
        "2024-TBR-19": 27.358783,
        "2024-U7D-6": 24.837961,
        "2024-QV9-34": 13.537246,
        "2024-51P-30": 62.410355,
        "2024-K22-4": 6.462055,
        "2024-OBF-29": 4.634467,
        "2024-XRB-24": 1.723349,
        "2024-T6G-27": 6.826688,
        "2024-BJV-10": 25.290909,
        "2024-X7M-3": 13.585126,
        "2024-ETJ-33": 3.340004,
        "2024-XU5-13": 3.091803,
        "2024-V6O-23": 54.475284,
        "2024-Z3A-28": 5.773562,
        "2024-I9Y-15": 2.82276,
        "2024-5HA-8": 11.883648,
        "2024-U7W-16": 6.88601,
        "2024-PAF-17": 4.969196,
        "rv_sort_search": 0.327925,
        "rv_transpose1": 0.026108,
        "rv_h-4-02": 3.9e-05,
        "rv_matmul1": 0.077167,
        "rv_h-9-01": 0.005776,
        "rv_crypto-3": 0.110152,
        "rv_sl2": 0.34183,
        "rv_h-8-03": 1.1e-05,
        "rv_h-9-02": 0.004916,
        "rv_h-8-01": 1.1e-05,
        "rv_h-4-03": 0.192426,
        "rv_matmul3": 0.170949,
        "rv_h-9-03": 0.004483,
        "rv_h-10-01": 0.029084,
        "rv_shuffle2": 0.177205,
        "rv_h-5-03": 9e-06,
        "rv_fft1": 6.797495,
        "rv_03_sort3": 0.169015,
        "rv_h-5-01": 1.8e-05,
        "rv_transpose0": 0.01477,
        "rv_gameoflife-oscillator": 0.097953,
        "rv_01_mm3": 0.086189,
        "rv_h-11-02": 0.001169,
        "rv_if-combine1": 0.001521,
        "rv_if-combine2": 0.414302,
        "rv_sl3": 0.02053,
        "rv_shuffle1": 0.406477,
        "rv_h-2-01": 0.167686,
        "rv_04_spmv2": 0.004536,
        "rv_gameoflife-gosper": 0.000105,
        "rv_if-combine3": 0.677387,
        "rv_matmul2": 0.28631,
        "rv_04_spmv3": 0.168111,
        "rv_h-2-02": 0.162469,
        "rv_h-11-01": 0.001169,
        "rv_shuffle0": 0.029092,
        "rv_gameoflife-p61glidergun": 0.122585,
        "rv_h-7-01": 0.006419,
        "rv_04_spmv1": 0.156123,
        "rv_03_sort2": 18.41572,
        "rv_h-10-03": 0.146171,
        "rv_01_mm2": 0.139597,
        "rv_crypto-1": 0.298795,
        "rv_fft2": 0.014065,
        "rv_transpose2": 0.370652,
        "rv_crypto-2": 0.19956,
        "rv_01_mm1": 0.040893,
        "rv_h-4-01": 0.011661,
        "rv_h-5-02": 9e-06,
        "rv_h-2-03": 0.237472,
        "rv_h-10-02": 0.094972,
        "rv_h-11-03": 0.007201,
        "rv_h-8-02": 1e-05,
        "rv_sl1": 0.169652,
        "h-2-03": 7.433068,
        "h-8-01": 3.494072,
        "h-8-02": 3.666262,
        "h-8-03": 3.739771,
        "h-4-02": 7.183024,
        "h-7-01": 0.748306,
        "h-2-01": 6.438605,
        "h-4-03": 13.835616,
        "h-3-02": 3.465385,
        "h-6-01": 3.257188,
        "h-5-02": 7.705554,
        "h-5-03": 7.852045,
        "h-6-02": 4.956477,
        "h-6-03": 6.384916,
        "h-5-01": 6.907767,
        "h-1-02": 4.784071,
        "h-2-02": 6.122781,
        "h-4-01": 2.221794,
        "h-1-01": 55.913857,
        "h-1-03": 26.874079,
        "h-3-03": 4.562676,
        "h-3-01": 4.759288,
        "arm_h-7-01": 0.702342,
        "arm_h-1-03": 27.064134,
        "arm_fft2": 0.013842,
        "arm_matmul1": 18.243676,
        "arm_shuffle2": 0.161985,
        "arm_h-8-02": 3.62733,
        "arm_03_sort1": 1.250496,
        "arm_shuffle0": 7.32653,
        "arm_crypto-3": 3.032422,
        "arm_h-4-03": 13.268353,
        "arm_crypto-2": 2.306268,
        "arm_transpose0": 3.135594,
        "arm_h-1-02": 4.928071,
        "arm_transpose1": 2.813673,
        "arm_h-2-03": 7.224221,
        "arm_04_spmv3": 1.665451,
        "arm_matmul2": 26.444526,
        "arm_transpose2": 13.754998,
        "arm_03_sort3": 0.161944,
        "arm_h-8-03": 4.681765,
        "arm_h-2-02": 6.545342,
        "arm_sl3": 0.962487,
        "arm_h-11-01": 221.380763,
        "arm_01_mm1": 8.533623,
        "arm_crypto-1": 2.914944,
        "arm_h-4-02": 7.98023,
        "arm_h-4-01": 2.209181,
        "arm_h-5-03": 12.267231,
        "arm_shuffle1": 21.060022,
        "arm_matmul3": 26.719801,
        "arm_03_sort2": 19.976672,
        "arm_h-8-01": 5.688122,
        "arm_04_spmv1": 9.860955,
        "arm_01_mm2": 8.43728,
        "arm_h-10-02": 29.275313,
        "arm_h-1-01": 55.2259,
        "arm_if-combine2": 39.862678,
        "arm_h-12-01": 2.236048,
        "arm_h-10-01": 0.040734,
        "arm_h-9-03": 0.007948,
        "arm_sl1": 5.575722,
        "arm_gameoflife-oscillator": 11.763216,
        "arm_h-5-02": 9.208162,
        "arm_fft1": 6.806422,
        "arm_04_spmv2": 5.828344,
        "arm_sl2": 2.545238,
        "arm_gameoflife-p61glidergun": 13.198164,
        "arm_h-13-01": 1.192986,
        "arm_h-5-01": 11.035409,
        "arm_if-combine3": 45.412627,
        "arm_if-combine1": 0.073497,
        "arm_01_mm3": 5.105888,
        "arm_gameoflife-gosper": 13.661092,
        "arm_fft0": 3.033989,
        "arm_sort_search": 0.284191,
        "arm_h-14-01": 3.998372,
        "arm_h-2-01": 6.014547,
        "arm_h-9-02": 0.010609,
        "arm_h-9-01": 0.008419,
        "04_spmv3": 1.845585,
        "03_sort3": 3.734937,
        "04_spmv1": 4.821938,
        "matmul2": 12.90119,
        "gameoflife-oscillator": 11.558088,
        "large_loop_array_3": 2.762642,
        "01_mm3": 7.574443,
        "sl3": 2.475785,
        "transpose0": 5.142404,
        "03_sort1": 1.209249,
        "03_sort2": 18.569379,
        "shuffle2": 6.982703,
        "if-combine3": 35.972877,
        "transpose2": 14.458735,
        "shuffle1": 27.939846,
        "fft1": 6.618115,
        "large_loop_array_1": 3.389983,
        "transpose1": 3.802295,
        "shuffle0": 28.203164,
        "01_mm1": 11.092369,
        "large_loop_array_2": 6.549802,
        "01_mm2": 6.25515,
        "04_spmv2": 8.421912,
        "recursive_call_3": 0.004397,
        "gameoflife-p61glidergun": 12.789561,
        "if-combine1": 14.691601,
        "matmul3": 9.714083,
        "fft0": 3.007766,
        "fft2": 6.569898,
        "recursive_call_2": 0.0024,
        "gameoflife-gosper": 12.904376,
        "sl1": 5.056354,
        "matmul1": 9.360724,
        "recursive_call_1": 0.002914,
        "if-combine2": 21.020992,
        "sl2": 1.92101
    }
}