{
    "commit": "a19bc7a4ddcfeb1bc4131f7798c8499e8c29a625",
    "author": "GitHub Action",
    "timestamp": "2025-07-04T01:01:17Z",
    "message": "CI: Full Compiling Log.",
    "results": {
        "2024-DCV-7": 8.947732,
        "2024-H17-1": 6.865252,
        "2024-FVJ-15": 9.387239,
        "2024-7UJ-12": 0.009101,
        "2024-C64-14": 7.901497,
        "2024-KVV-20": 2.524072,
        "2024-FAF-19": 26.803908,
        "2024-NT1-4": 0.009223,
        "2024-CH6-24": 0.720756,
        "2024-NKK-22": 0.961701,
        "2024-LN4-9": 7.452629,
        "2024-VTF-5": 3.910714,
        "2024-I4W-2": 0.00883,
        "2024-2KM-21": 4.978724,
        "2024-MXP-16": 6.935004,
        "2024-U03-25": 123.307604,
        "2024-0ZE-13": 4.514984,
        "2024-BAV-3": 248.723444,
        "2024-931-6": 2.098102,
        "2024-PKP-8": 4.459861,
        "2024-NCY-23": 42.224138,
        "2024-JVU-10": 55.371781,
        "2024-1WO-11": 6.162113,
        "2024-K0I-17": 13.356148,
        "2024-8NL-18": 7.206688,
        "2024-VGH-20": 65.010091,
        "2024-FQX-25": 7.111312,
        "2024-5NG-2": 37.142912,
        "2024-BE3-31": 8.659608,
        "2024-FI8-9": 3.634226,
        "2024-PCT-14": 4.01267,
        "2024-IG5-12": 16.221591,
        "2024-JR2-21": 3.596574,
        "2024-LW8-7": 17.945354,
        "2024-CH1-5": 1.317849,
        "2024-84M-11": 6.772132,
        "2024-VRT-1": 25.784699,
        "2024-2D0-22": 1.872617,
        "2024-1RK-26": 6.442915,
        "2024-Y60-18": 6.909035,
        "2024-AZ7-32": 79.738031,
        "2024-TBR-19": 28.031179,
        "2024-U7D-6": 24.010174,
        "2024-QV9-34": 12.083749,
        "2024-51P-30": 45.601936,
        "2024-K22-4": 5.504553,
        "2024-OBF-29": 4.308528,
        "2024-XRB-24": 1.061782,
        "2024-T6G-27": 6.350297,
        "2024-BJV-10": 22.75635,
        "2024-X7M-3": 13.727938,
        "2024-ETJ-33": 3.114698,
        "2024-XU5-13": 3.072606,
        "2024-V6O-23": 52.609171,
        "2024-Z3A-28": 3.56658,
        "2024-I9Y-15": 2.780847,
        "2024-5HA-8": 11.621493,
        "2024-U7W-16": 6.64216,
        "2024-PAF-17": 6.121281,
        "rv_sort_search": 0.306095,
        "rv_transpose1": 0.032074,
        "rv_h-4-02": 0.000215,
        "rv_matmul1": 0.184945,
        "rv_h-9-01": 0.0098,
        "rv_crypto-3": 0.101571,
        "rv_sl2": 0.391876,
        "rv_h-8-03": 1.2e-05,
        "rv_h-9-02": 0.008397,
        "rv_h-8-01": 1.6e-05,
        "rv_h-4-03": 0.171323,
        "rv_matmul3": 0.408127,
        "rv_h-9-03": 0.006665,
        "rv_h-10-01": 0.033382,
        "rv_shuffle2": 0.238339,
        "rv_h-5-03": 1e-05,
        "rv_fft1": 6.791006,
        "rv_03_sort3": 0.168844,
        "rv_h-5-01": 2.8e-05,
        "rv_transpose0": 0.017573,
        "rv_gameoflife-oscillator": 0.097508,
        "rv_01_mm3": 0.104655,
        "rv_h-11-02": 0.001157,
        "rv_if-combine1": 0.015835,
        "rv_if-combine2": 0.283484,
        "rv_sl3": 0.021973,
        "rv_shuffle1": 0.413708,
        "rv_h-2-01": 0.173971,
        "rv_04_spmv2": 0.004938,
        "rv_gameoflife-gosper": 0.00011,
        "rv_if-combine3": 0.480325,
        "rv_matmul2": 0.311658,
        "rv_04_spmv3": 0.179218,
        "rv_h-2-02": 0.171483,
        "rv_h-11-01": 0.00117,
        "rv_shuffle0": 0.038114,
        "rv_gameoflife-p61glidergun": 0.123026,
        "rv_h-7-01": 0.006606,
        "rv_04_spmv1": 0.305976,
        "rv_03_sort2": 18.330697,
        "rv_h-10-03": 0.393186,
        "rv_01_mm2": 0.192344,
        "rv_crypto-1": 0.260016,
        "rv_fft2": 0.014057,
        "rv_transpose2": 0.352272,
        "rv_crypto-2": 0.17916,
        "rv_01_mm1": 0.045961,
        "rv_h-4-01": 0.017287,
        "rv_h-5-02": 1e-05,
        "rv_h-2-03": 0.235503,
        "rv_h-10-02": 0.071952,
        "rv_h-11-03": 0.008312,
        "rv_h-8-02": 1.1e-05,
        "rv_sl1": 0.194622,
        "h-2-03": 7.29842,
        "h-8-01": 3.386932,
        "h-8-02": 3.462842,
        "h-8-03": 3.463719,
        "h-4-02": 7.077236,
        "h-7-01": 0.641024,
        "h-2-01": 5.909283,
        "h-4-03": 13.026246,
        "h-3-02": 3.096042,
        "h-6-01": 3.260906,
        "h-5-02": 7.600959,
        "h-5-03": 7.348097,
        "h-6-02": 4.899496,
        "h-6-03": 6.490664,
        "h-5-01": 6.762083,
        "h-1-02": 4.674908,
        "h-2-02": 5.970396,
        "h-4-01": 2.10371,
        "h-1-01": 54.919157,
        "h-1-03": 25.914315,
        "h-3-03": 4.582629,
        "h-3-01": 4.492516,
        "arm_h-7-01": 0.641934,
        "arm_h-1-03": 26.145643,
        "arm_fft2": 0.013989,
        "arm_matmul1": 17.826812,
        "arm_shuffle2": 0.168905,
        "arm_h-8-02": 3.489038,
        "arm_03_sort1": 1.300907,
        "arm_shuffle0": 9.438255,
        "arm_crypto-3": 2.61025,
        "arm_h-4-03": 12.868228,
        "arm_crypto-2": 2.112893,
        "arm_transpose0": 3.387256,
        "arm_h-1-02": 4.705422,
        "arm_transpose1": 2.581022,
        "arm_h-2-03": 7.326304,
        "arm_04_spmv3": 1.78694,
        "arm_matmul2": 26.788435,
        "arm_transpose2": 12.404374,
        "arm_03_sort3": 0.171358,
        "arm_h-8-03": 4.397402,
        "arm_h-2-02": 6.03648,
        "arm_sl3": 1.064721,
        "arm_h-11-01": 200.978533,
        "arm_01_mm1": 8.774215,
        "arm_crypto-1": 2.56417,
        "arm_h-4-02": 7.090136,
        "arm_h-4-01": 2.184967,
        "arm_h-5-03": 12.205698,
        "arm_shuffle1": 20.830217,
        "arm_matmul3": 26.638267,
        "arm_03_sort2": 19.224759,
        "arm_h-8-01": 5.661774,
        "arm_04_spmv1": 9.454451,
        "arm_01_mm2": 9.820548,
        "arm_h-10-02": 48.302984,
        "arm_h-1-01": 55.112939,
        "arm_if-combine2": 79.82141,
        "arm_h-12-01": 2.258779,
        "arm_h-10-01": 0.03599,
        "arm_h-9-03": 0.007793,
        "arm_sl1": 5.908449,
        "arm_gameoflife-oscillator": 11.68412,
        "arm_h-5-02": 9.275981,
        "arm_fft1": 6.800785,
        "arm_04_spmv2": 3.209308,
        "arm_sl2": 2.113872,
        "arm_gameoflife-p61glidergun": 12.972601,
        "arm_h-13-01": 0.984095,
        "arm_h-5-01": 10.778091,
        "arm_if-combine3": 44.810243,
        "arm_if-combine1": 0.058065,
        "arm_01_mm3": 5.037723,
        "arm_gameoflife-gosper": 13.594163,
        "arm_fft0": 3.124058,
        "arm_sort_search": 0.310682,
        "arm_h-14-01": 4.001502,
        "arm_h-2-01": 6.163296,
        "arm_h-9-02": 0.010257,
        "arm_h-9-01": 0.008562,
        "04_spmv3": 1.894906,
        "03_sort3": 3.634423,
        "04_spmv1": 4.581938,
        "matmul2": 12.148315,
        "gameoflife-oscillator": 12.004171,
        "large_loop_array_3": 2.943484,
        "01_mm3": 7.926263,
        "sl3": 2.199459,
        "transpose0": 5.504168,
        "03_sort1": 1.299451,
        "03_sort2": 19.146427,
        "shuffle2": 6.740147,
        "if-combine3": 28.139533,
        "transpose2": 12.024603,
        "shuffle1": 14.531493,
        "fft1": 6.958531,
        "large_loop_array_1": 3.488991,
        "transpose1": 2.599814,
        "shuffle0": 27.23752,
        "01_mm1": 8.537676,
        "large_loop_array_2": 7.013526,
        "01_mm2": 9.765606,
        "04_spmv2": 13.33176,
        "recursive_call_3": 0.004539,
        "gameoflife-p61glidergun": 13.980671,
        "if-combine1": 11.423212,
        "matmul3": 10.692071,
        "fft0": 3.127338,
        "fft2": 6.548005,
        "recursive_call_2": 0.002677,
        "gameoflife-gosper": 13.367563,
        "sl1": 4.906914,
        "matmul1": 8.835108,
        "recursive_call_1": 0.002333,
        "if-combine2": 16.457759,
        "sl2": 1.866157
    }
}