{
    "commit": "a2624d633bd70d7321f7b3c017fb8ce64c14962d",
    "author": "GitHub Action",
    "timestamp": "2025-08-01T07:54:47Z",
    "message": "Merge backendv3.0",
    "results": {
        "2024-DCV-7": 6.199928,
        "2024-H17-1": 9.101367,
        "2024-FVJ-15": 6.205733,
        "2024-7UJ-12": 0.007855,
        "2024-C64-14": 11.408964,
        "2024-KVV-20": 2.021753,
        "2024-FAF-19": 13.841183,
        "2024-NT1-4": 0.009151,
        "2024-CH6-24": 0.314228,
        "2024-NKK-22": 0.888672,
        "2024-LN4-9": 6.109718,
        "2024-VTF-5": 3.2954,
        "2024-I4W-2": 0.009839,
        "2024-2KM-21": 2.589221,
        "2024-MXP-16": 6.895434,
        "2024-U03-25": 62.215098,
        "2024-0ZE-13": 3.28146,
        "2024-BAV-3": 179.274385,
        "2024-931-6": 2.079647,
        "2024-PKP-8": 3.634692,
        "2024-NCY-23": 15.542729,
        "2024-JVU-10": 28.85888,
        "2024-1WO-11": 9.29228,
        "2024-K0I-17": 12.761336,
        "2024-8NL-18": 3.299292,
        "2024-VGH-20": 9.668381,
        "2024-FQX-25": 8.066262,
        "2024-5NG-2": 9.755299,
        "2024-BE3-31": 2.229274,
        "2024-FI8-9": 2.243488,
        "2024-PCT-14": 1.164485,
        "2024-IG5-12": 10.103338,
        "2024-JR2-21": 3.777196,
        "2024-LW8-7": 13.209871,
        "2024-CH1-5": 0.743329,
        "2024-84M-11": 2.516683,
        "2024-VRT-1": 1.453423,
        "2024-2D0-22": 0.97,
        "2024-1RK-26": 5.676482,
        "2024-Y60-18": 1.609358,
        "2024-AZ7-32": 7.19857,
        "2024-TBR-19": 36.314866,
        "2024-U7D-6": 1.494032,
        "2024-QV9-34": 10.196339,
        "2024-51P-30": 13.554691,
        "2024-K22-4": 3.10718,
        "2024-OBF-29": 2.843245,
        "2024-XRB-24": 0.539565,
        "2024-T6G-27": 3.530605,
        "2024-BJV-10": 1.493547,
        "2024-X7M-3": 11.335823,
        "2024-ETJ-33": 2.317399,
        "2024-XU5-13": 2.707058,
        "2024-V6O-23": 4.799268,
        "2024-Z3A-28": 2.485534,
        "2024-I9Y-15": 3.01176,
        "2024-5HA-8": 9.419158,
        "2024-U7W-16": 5.857851,
        "2024-PAF-17": 3.96125,
        "rv_sort_search": 0.420965,
        "rv_transpose1": 0.023042,
        "rv_h-4-02": 4.6e-05,
        "rv_matmul1": 0.011746,
        "rv_h-9-01": 0.006098,
        "rv_crypto-3": 0.061535,
        "rv_sl2": 0.225888,
        "rv_h-8-03": 1.3e-05,
        "rv_h-9-02": 0.004898,
        "rv_h-8-01": 1.2e-05,
        "rv_h-4-03": 0.172422,
        "rv_matmul3": 0.023104,
        "rv_h-9-03": 0.004684,
        "rv_h-10-01": 0.026904,
        "rv_shuffle2": 0.139121,
        "rv_h-5-03": 1e-05,
        "rv_fft1": 5.932583,
        "rv_03_sort3": 0.106449,
        "rv_h-5-01": 2e-05,
        "rv_transpose0": 0.016474,
        "rv_gameoflife-oscillator": 0.080633,
        "rv_01_mm3": 0.062589,
        "rv_h-11-02": 0.00109,
        "rv_if-combine1": 0.000447,
        "rv_if-combine2": 0.075538,
        "rv_sl3": 0.014389,
        "rv_shuffle1": 0.328642,
        "rv_h-2-01": 0.16808,
        "rv_04_spmv2": 0.00365,
        "rv_gameoflife-gosper": 0.000171,
        "rv_if-combine3": 0.137643,
        "rv_matmul2": 0.039786,
        "rv_04_spmv3": 0.098302,
        "rv_h-2-02": 0.165458,
        "rv_h-11-01": 0.001146,
        "rv_shuffle0": 0.022815,
        "rv_gameoflife-p61glidergun": 0.105366,
        "rv_h-7-01": 0.003921,
        "rv_04_spmv1": 0.113733,
        "rv_03_sort2": 12.851954,
        "rv_h-10-03": 0.133402,
        "rv_01_mm2": 0.08058,
        "rv_crypto-1": 0.153355,
        "rv_fft2": 0.014692,
        "rv_transpose2": 0.26738,
        "rv_crypto-2": 0.113809,
        "rv_01_mm1": 0.024306,
        "rv_h-4-01": 0.013926,
        "rv_h-5-02": 1e-05,
        "rv_h-2-03": 0.237964,
        "rv_h-10-02": 0.066988,
        "rv_h-11-03": 0.006445,
        "rv_h-8-02": 1.2e-05,
        "rv_sl1": 0.11444,
        "h-2-03": 11.231786,
        "h-8-01": 3.241459,
        "h-8-02": 3.296053,
        "h-8-03": 3.242135,
        "h-4-02": 6.903361,
        "h-7-01": 0.314489,
        "h-2-01": 9.479688,
        "h-4-03": 12.762913,
        "h-3-02": 3.019507,
        "h-6-01": 3.029213,
        "h-5-02": 6.086217,
        "h-5-03": 6.08856,
        "h-6-02": 4.537998,
        "h-6-03": 6.034185,
        "h-5-01": 6.163359,
        "h-1-02": 2.590933,
        "h-2-02": 9.235454,
        "h-4-01": 2.079988,
        "h-1-01": 30.271844,
        "h-1-03": 13.814742,
        "h-3-03": 3.00472,
        "h-3-01": 3.010185,
        "arm_h-7-01": 0.311219,
        "arm_h-1-03": 13.803645,
        "arm_fft2": 0.015152,
        "arm_matmul1": 1.494636,
        "arm_shuffle2": 0.135576,
        "arm_h-8-02": 3.205331,
        "arm_03_sort1": 0.748712,
        "arm_shuffle0": 6.249685,
        "arm_crypto-3": 1.605817,
        "arm_h-4-03": 12.756867,
        "arm_crypto-2": 1.212812,
        "arm_transpose0": 2.756022,
        "arm_h-1-02": 2.474319,
        "arm_transpose1": 2.147564,
        "arm_h-2-03": 11.294739,
        "arm_04_spmv3": 0.921965,
        "arm_matmul2": 1.495643,
        "arm_transpose2": 10.102182,
        "arm_03_sort3": 0.107464,
        "arm_h-8-03": 3.353473,
        "arm_h-2-02": 9.232974,
        "arm_sl3": 0.567169,
        "arm_h-11-01": 175.366717,
        "arm_01_mm1": 3.897491,
        "arm_crypto-1": 1.481046,
        "arm_h-4-02": 6.900946,
        "arm_h-4-01": 2.082713,
        "arm_h-5-03": 6.088437,
        "arm_shuffle1": 9.770565,
        "arm_matmul3": 1.4959,
        "arm_03_sort2": 13.006767,
        "arm_h-8-01": 3.297366,
        "arm_04_spmv1": 2.2374,
        "arm_01_mm2": 3.685639,
        "arm_h-10-02": 14.937404,
        "arm_h-1-01": 30.287923,
        "arm_if-combine2": 8.123947,
        "arm_h-12-01": 2.02647,
        "arm_h-10-01": 0.028896,
        "arm_h-9-03": 0.006767,
        "arm_sl1": 3.155086,
        "arm_gameoflife-oscillator": 9.393271,
        "arm_h-5-02": 6.178074,
        "arm_fft1": 5.904708,
        "arm_04_spmv2": 1.65504,
        "arm_sl2": 1.191796,
        "arm_gameoflife-p61glidergun": 9.481383,
        "arm_h-13-01": 0.888594,
        "arm_h-5-01": 6.167908,
        "arm_if-combine3": 11.993568,
        "arm_if-combine1": 0.015949,
        "arm_01_mm3": 2.577946,
        "arm_gameoflife-gosper": 12.381043,
        "arm_fft0": 2.729715,
        "arm_sort_search": 0.39904,
        "arm_h-14-01": 3.631882,
        "arm_h-2-01": 9.457167,
        "arm_h-9-02": 0.008954,
        "arm_h-9-01": 0.007638,
        "04_spmv3": 0.979316,
        "03_sort3": 2.283706,
        "04_spmv1": 2.266813,
        "matmul2": 0.92971,
        "gameoflife-oscillator": 12.626883,
        "large_loop_array_3": 3.01057,
        "01_mm3": 2.651531,
        "sl3": 0.542096,
        "transpose0": 2.809836,
        "03_sort1": 0.73921,
        "03_sort2": 13.002671,
        "shuffle2": 2.498831,
        "if-combine3": 6.557313,
        "transpose2": 10.085747,
        "shuffle1": 8.758785,
        "fft1": 5.870261,
        "large_loop_array_1": 3.751678,
        "transpose1": 2.315616,
        "shuffle0": 5.758226,
        "01_mm1": 3.898426,
        "large_loop_array_2": 7.596389,
        "01_mm2": 3.509314,
        "04_spmv2": 1.649478,
        "recursive_call_3": 0.003069,
        "gameoflife-p61glidergun": 10.987034,
        "if-combine1": 2.623387,
        "matmul3": 0.917183,
        "fft0": 2.739494,
        "fft2": 5.655182,
        "recursive_call_2": 0.002877,
        "gameoflife-gosper": 10.43388,
        "sl1": 3.101671,
        "matmul1": 0.922776,
        "recursive_call_1": 0.003179,
        "if-combine2": 3.934287,
        "sl2": 1.191596
    }
}