{
    "commit": "b45b6a292a03a8fb657edec9e554e89576c7fb1d",
    "author": "GitHub Action",
    "timestamp": "2025-08-04T15:00:39Z",
    "message": "IR: Fix SCEV and Enhanced RangeAnalysis.",
    "results": {
        "2024-DCV-7": 6.233927,
        "2024-H17-1": 9.589225,
        "2024-FVJ-15": 6.158614,
        "2024-7UJ-12": 0.007257,
        "2024-C64-14": 11.746392,
        "2024-KVV-20": 2.027638,
        "2024-FAF-19": 13.816825,
        "2024-NT1-4": 0.009669,
        "2024-CH6-24": 0.311424,
        "2024-NKK-22": 0.889337,
        "2024-LN4-9": 6.097459,
        "2024-VTF-5": 3.348818,
        "2024-I4W-2": 0.009609,
        "2024-2KM-21": 2.475191,
        "2024-MXP-16": 6.903553,
        "2024-U03-25": 0.754843,
        "2024-0ZE-13": 3.332147,
        "2024-BAV-3": 1.672003,
        "2024-931-6": 2.080157,
        "2024-PKP-8": 3.62292,
        "2024-NCY-23": 0.247444,
        "2024-JVU-10": 28.884229,
        "2024-1WO-11": 9.910913,
        "2024-K0I-17": 12.762465,
        "2024-8NL-18": 3.311736,
        "2024-VGH-20": 5.161598,
        "2024-FQX-25": 7.88588,
        "2024-5NG-2": 8.759871,
        "2024-BE3-31": 2.343408,
        "2024-FI8-9": 2.289841,
        "2024-PCT-14": 1.179013,
        "2024-IG5-12": 9.703752,
        "2024-JR2-21": 3.970272,
        "2024-LW8-7": 13.082048,
        "2024-CH1-5": 0.741174,
        "2024-84M-11": 2.427043,
        "2024-VRT-1": 1.496293,
        "2024-2D0-22": 0.904009,
        "2024-1RK-26": 5.557207,
        "2024-Y60-18": 1.6735,
        "2024-AZ7-32": 2.171828,
        "2024-TBR-19": 36.362559,
        "2024-U7D-6": 1.516996,
        "2024-QV9-34": 7.13345,
        "2024-51P-30": 3.617931,
        "2024-K22-4": 3.112602,
        "2024-OBF-29": 2.74321,
        "2024-XRB-24": 0.537917,
        "2024-T6G-27": 3.37236,
        "2024-BJV-10": 1.516858,
        "2024-X7M-3": 7.803081,
        "2024-ETJ-33": 2.31527,
        "2024-XU5-13": 2.699149,
        "2024-V6O-23": 1.457986,
        "2024-Z3A-28": 2.974978,
        "2024-I9Y-15": 3.198011,
        "2024-5HA-8": 7.040823,
        "2024-U7W-16": 5.793588,
        "2024-PAF-17": 3.77837,
        "rv_sort_search": 0.413063,
        "rv_transpose1": 0.025829,
        "rv_h-4-02": 3.9e-05,
        "rv_matmul1": 0.012262,
        "rv_h-9-01": 0.006027,
        "rv_crypto-3": 0.06557,
        "rv_sl2": 0.228084,
        "rv_h-8-03": 1.3e-05,
        "rv_h-9-02": 0.00493,
        "rv_h-8-01": 1.3e-05,
        "rv_h-4-03": 0.170963,
        "rv_matmul3": 0.02293,
        "rv_h-9-03": 0.005165,
        "rv_h-10-01": 0.00263,
        "rv_shuffle2": 0.135732,
        "rv_h-5-03": 1e-05,
        "rv_fft1": 5.790864,
        "rv_03_sort3": 0.1056,
        "rv_h-5-01": 1.9e-05,
        "rv_transpose0": 0.014362,
        "rv_gameoflife-oscillator": 0.063621,
        "rv_01_mm3": 0.050384,
        "rv_h-11-02": 0.001095,
        "rv_if-combine1": 0.000371,
        "rv_if-combine2": 0.026104,
        "rv_sl3": 0.018524,
        "rv_shuffle1": 0.330064,
        "rv_h-2-01": 0.169284,
        "rv_04_spmv2": 0.004509,
        "rv_gameoflife-gosper": 9.2e-05,
        "rv_if-combine3": 0.039394,
        "rv_matmul2": 0.04079,
        "rv_04_spmv3": 0.096507,
        "rv_h-2-02": 0.165799,
        "rv_h-11-01": 0.00112,
        "rv_shuffle0": 0.021973,
        "rv_gameoflife-p61glidergun": 0.073845,
        "rv_h-7-01": 0.00429,
        "rv_04_spmv1": 0.112123,
        "rv_03_sort2": 12.96464,
        "rv_h-10-03": 0.007451,
        "rv_01_mm2": 0.068926,
        "rv_crypto-1": 0.16107,
        "rv_fft2": 0.014397,
        "rv_transpose2": 0.268685,
        "rv_crypto-2": 0.113979,
        "rv_01_mm1": 0.02256,
        "rv_h-4-01": 0.012422,
        "rv_h-5-02": 1.1e-05,
        "rv_h-2-03": 0.237697,
        "rv_h-10-02": 0.004427,
        "rv_h-11-03": 0.006481,
        "rv_h-8-02": 1.2e-05,
        "rv_sl1": 0.115953,
        "h-2-03": 11.779027,
        "h-8-01": 3.296878,
        "h-8-02": 3.24668,
        "h-8-03": 3.297601,
        "h-4-02": 6.895277,
        "h-7-01": 0.314651,
        "h-2-01": 9.835869,
        "h-4-03": 12.763004,
        "h-3-02": 3.004233,
        "h-6-01": 2.828481,
        "h-5-02": 6.177023,
        "h-5-03": 6.120717,
        "h-6-02": 4.235006,
        "h-6-03": 5.644919,
        "h-5-01": 6.114926,
        "h-1-02": 2.590221,
        "h-2-02": 9.618715,
        "h-4-01": 2.081268,
        "h-1-01": 28.88364,
        "h-1-03": 14.465664,
        "h-3-03": 3.015717,
        "h-3-01": 3.038951,
        "arm_h-7-01": 0.31153,
        "arm_h-1-03": 13.809186,
        "arm_fft2": 0.015843,
        "arm_matmul1": 1.487222,
        "arm_shuffle2": 0.135283,
        "arm_h-8-02": 3.295485,
        "arm_03_sort1": 0.738978,
        "arm_shuffle0": 6.428634,
        "arm_crypto-3": 1.672516,
        "arm_h-4-03": 12.762034,
        "arm_crypto-2": 1.259449,
        "arm_transpose0": 2.812158,
        "arm_h-1-02": 2.591271,
        "arm_transpose1": 2.149637,
        "arm_h-2-03": 11.776714,
        "arm_04_spmv3": 0.967793,
        "arm_matmul2": 1.493982,
        "arm_transpose2": 10.033995,
        "arm_03_sort3": 0.107722,
        "arm_h-8-03": 3.298764,
        "arm_h-2-02": 9.601524,
        "arm_sl3": 0.564088,
        "arm_h-11-01": 1.655284,
        "arm_01_mm1": 4.144368,
        "arm_crypto-1": 1.599125,
        "arm_h-4-02": 6.895981,
        "arm_h-4-01": 2.082258,
        "arm_h-5-03": 6.141546,
        "arm_shuffle1": 8.807651,
        "arm_matmul3": 1.489944,
        "arm_03_sort2": 12.962829,
        "arm_h-8-01": 3.2302,
        "arm_04_spmv1": 2.252381,
        "arm_01_mm2": 3.328325,
        "arm_h-10-02": 0.23786,
        "arm_h-1-01": 28.889273,
        "arm_if-combine2": 2.175212,
        "arm_h-12-01": 2.015257,
        "arm_h-10-01": 0.003223,
        "arm_h-9-03": 0.006937,
        "arm_sl1": 3.126639,
        "arm_gameoflife-oscillator": 7.078754,
        "arm_h-5-02": 6.188713,
        "arm_fft1": 5.777516,
        "arm_04_spmv2": 1.612145,
        "arm_sl2": 1.197121,
        "arm_gameoflife-p61glidergun": 7.23662,
        "arm_h-13-01": 0.886836,
        "arm_h-5-01": 6.164312,
        "arm_if-combine3": 3.654626,
        "arm_if-combine1": 0.008875,
        "arm_01_mm3": 2.455748,
        "arm_gameoflife-gosper": 7.844041,
        "arm_fft0": 2.691298,
        "arm_sort_search": 0.399191,
        "arm_h-14-01": 3.61075,
        "arm_h-2-01": 9.825197,
        "arm_h-9-02": 0.009195,
        "arm_h-9-01": 0.007227,
        "04_spmv3": 0.908435,
        "03_sort3": 2.29237,
        "04_spmv1": 2.295339,
        "matmul2": 0.903626,
        "gameoflife-oscillator": 7.211305,
        "large_loop_array_3": 3.198078,
        "01_mm3": 2.480967,
        "sl3": 0.537669,
        "transpose0": 2.842173,
        "03_sort1": 0.747277,
        "03_sort2": 13.216012,
        "shuffle2": 2.518577,
        "if-combine3": 3.626458,
        "transpose2": 10.092105,
        "shuffle1": 8.774394,
        "fft1": 5.843993,
        "large_loop_array_1": 3.98881,
        "transpose1": 2.163279,
        "shuffle0": 5.123641,
        "01_mm1": 3.834561,
        "large_loop_array_2": 8.128756,
        "01_mm2": 3.374568,
        "04_spmv2": 1.873433,
        "recursive_call_3": 0.002459,
        "gameoflife-p61glidergun": 7.67394,
        "if-combine1": 1.452666,
        "matmul3": 0.909079,
        "fft0": 2.682351,
        "fft2": 5.559091,
        "recursive_call_2": 0.00271,
        "gameoflife-gosper": 7.835604,
        "sl1": 3.099512,
        "matmul1": 0.924003,
        "recursive_call_1": 0.003266,
        "if-combine2": 2.177558,
        "sl2": 1.178791
    }
}