{
    "commit": "b4e920b75f39efbc209f4368357a4fac91a40240",
    "author": "GitHub Action",
    "timestamp": "2025-07-30T09:37:03Z",
    "message": "MIR pass : Machine constant folding",
    "results": {
        "2024-DCV-7": 6.212733,
        "2024-H17-1": 9.117857,
        "2024-FVJ-15": 6.16006,
        "2024-7UJ-12": 0.007161,
        "2024-C64-14": 11.345027,
        "2024-KVV-20": 2.660873,
        "2024-FAF-19": 20.960704,
        "2024-NT1-4": 0.009169,
        "2024-CH6-24": 0.311594,
        "2024-NKK-22": 1.153799,
        "2024-LN4-9": 6.121491,
        "2024-VTF-5": 3.288993,
        "2024-I4W-2": 0.008103,
        "2024-2KM-21": 3.752169,
        "2024-MXP-16": 6.895069,
        "2024-U03-25": 57.645321,
        "2024-0ZE-13": 3.249444,
        "2024-BAV-3": 142.717565,
        "2024-931-6": 2.080814,
        "2024-PKP-8": 4.675985,
        "2024-NCY-23": 14.125541,
        "2024-JVU-10": 43.805479,
        "2024-1WO-11": 9.360992,
        "2024-K0I-17": 12.760534,
        "2024-8NL-18": 3.254721,
        "2024-VGH-20": 6.4907,
        "2024-FQX-25": 7.603958,
        "2024-5NG-2": 9.715444,
        "2024-BE3-31": 2.21933,
        "2024-FI8-9": 2.297619,
        "2024-PCT-14": 1.208253,
        "2024-IG5-12": 10.349053,
        "2024-JR2-21": 3.775506,
        "2024-LW8-7": 13.355146,
        "2024-CH1-5": 0.78029,
        "2024-84M-11": 2.770548,
        "2024-VRT-1": 1.706285,
        "2024-2D0-22": 0.927925,
        "2024-1RK-26": 5.566045,
        "2024-Y60-18": 1.848367,
        "2024-AZ7-32": 10.988823,
        "2024-TBR-19": 36.648867,
        "2024-U7D-6": 1.700916,
        "2024-QV9-34": 9.868516,
        "2024-51P-30": 18.312194,
        "2024-K22-4": 3.156508,
        "2024-OBF-29": 2.914114,
        "2024-XRB-24": 0.55941,
        "2024-T6G-27": 4.305023,
        "2024-BJV-10": 1.706714,
        "2024-X7M-3": 10.815143,
        "2024-ETJ-33": 2.443834,
        "2024-XU5-13": 2.687621,
        "2024-V6O-23": 7.327186,
        "2024-Z3A-28": 2.524748,
        "2024-I9Y-15": 3.05765,
        "2024-5HA-8": 9.844645,
        "2024-U7W-16": 5.780184,
        "2024-PAF-17": 4.37347,
        "rv_sort_search": 0.439894,
        "rv_transpose1": 0.023891,
        "rv_h-4-02": 3.9e-05,
        "rv_matmul1": 0.013688,
        "rv_h-9-01": 0.006283,
        "rv_crypto-3": 0.090744,
        "rv_sl2": 0.230041,
        "rv_h-8-03": 1.3e-05,
        "rv_h-9-02": 0.004857,
        "rv_h-8-01": 1.2e-05,
        "rv_h-4-03": 0.172046,
        "rv_matmul3": 0.025996,
        "rv_h-9-03": 0.005086,
        "rv_h-10-01": 0.026915,
        "rv_shuffle2": 0.138014,
        "rv_h-5-03": 1.1e-05,
        "rv_fft1": 5.78761,
        "rv_03_sort3": 0.109876,
        "rv_h-5-01": 2e-05,
        "rv_transpose0": 0.016473,
        "rv_gameoflife-oscillator": 0.095149,
        "rv_01_mm3": 0.053778,
        "rv_h-11-02": 0.001333,
        "rv_if-combine1": 0.001137,
        "rv_if-combine2": 0.113299,
        "rv_sl3": 0.018419,
        "rv_shuffle1": 0.333471,
        "rv_h-2-01": 0.149422,
        "rv_04_spmv2": 0.003983,
        "rv_gameoflife-gosper": 0.000128,
        "rv_if-combine3": 0.186436,
        "rv_matmul2": 0.043582,
        "rv_04_spmv3": 0.090564,
        "rv_h-2-02": 0.147198,
        "rv_h-11-01": 0.001368,
        "rv_shuffle0": 0.023312,
        "rv_gameoflife-p61glidergun": 0.10564,
        "rv_h-7-01": 0.003723,
        "rv_04_spmv1": 0.112331,
        "rv_03_sort2": 13.346025,
        "rv_h-10-03": 0.135188,
        "rv_01_mm2": 0.08018,
        "rv_crypto-1": 0.251621,
        "rv_fft2": 0.0144,
        "rv_transpose2": 0.34274,
        "rv_crypto-2": 0.154846,
        "rv_01_mm1": 0.024569,
        "rv_h-4-01": 0.014538,
        "rv_h-5-02": 1.1e-05,
        "rv_h-2-03": 0.208994,
        "rv_h-10-02": 0.066152,
        "rv_h-11-03": 0.008257,
        "rv_h-8-02": 1.2e-05,
        "rv_sl1": 0.117158,
        "h-2-03": 11.208651,
        "h-8-01": 3.332195,
        "h-8-02": 3.324791,
        "h-8-03": 3.376022,
        "h-4-02": 6.894565,
        "h-7-01": 0.314732,
        "h-2-01": 9.485302,
        "h-4-03": 12.761299,
        "h-3-02": 3.007326,
        "h-6-01": 2.961386,
        "h-5-02": 6.091308,
        "h-5-03": 6.135492,
        "h-6-02": 4.436793,
        "h-6-03": 5.914425,
        "h-5-01": 6.024329,
        "h-1-02": 3.752673,
        "h-2-02": 9.324883,
        "h-4-01": 2.082112,
        "h-1-01": 43.80673,
        "h-1-03": 20.94491,
        "h-3-03": 3.001201,
        "h-3-01": 3.017017,
        "arm_h-7-01": 0.311408,
        "arm_h-1-03": 20.943887,
        "arm_fft2": 0.015119,
        "arm_matmul1": 1.700854,
        "arm_shuffle2": 0.134626,
        "arm_h-8-02": 3.295957,
        "arm_03_sort1": 0.780603,
        "arm_shuffle0": 6.678422,
        "arm_crypto-3": 2.397575,
        "arm_h-4-03": 12.759831,
        "arm_crypto-2": 1.951779,
        "arm_transpose0": 2.867765,
        "arm_h-1-02": 3.752265,
        "arm_transpose1": 2.443607,
        "arm_h-2-03": 11.281432,
        "arm_04_spmv3": 0.922594,
        "arm_matmul2": 1.701504,
        "arm_transpose2": 10.534032,
        "arm_03_sort3": 0.110017,
        "arm_h-8-03": 3.249525,
        "arm_h-2-02": 9.315952,
        "arm_sl3": 0.584869,
        "arm_h-11-01": 142.980127,
        "arm_01_mm1": 4.089743,
        "arm_crypto-1": 2.218603,
        "arm_h-4-02": 6.893844,
        "arm_h-4-01": 2.08102,
        "arm_h-5-03": 6.148946,
        "arm_shuffle1": 9.786397,
        "arm_matmul3": 1.699253,
        "arm_03_sort2": 13.361774,
        "arm_h-8-01": 3.274529,
        "arm_04_spmv1": 2.255901,
        "arm_01_mm2": 3.693496,
        "arm_h-10-02": 14.859483,
        "arm_h-1-01": 43.809099,
        "arm_if-combine2": 10.988119,
        "arm_h-12-01": 2.657343,
        "arm_h-10-01": 0.027291,
        "arm_h-9-03": 0.006699,
        "arm_sl1": 3.166323,
        "arm_gameoflife-oscillator": 10.436937,
        "arm_h-5-02": 6.102314,
        "arm_fft1": 5.782467,
        "arm_04_spmv2": 1.604745,
        "arm_sl2": 1.197449,
        "arm_gameoflife-p61glidergun": 9.52343,
        "arm_h-13-01": 1.164196,
        "arm_h-5-01": 6.159563,
        "arm_if-combine3": 18.312678,
        "arm_if-combine1": 0.072933,
        "arm_01_mm3": 2.887349,
        "arm_gameoflife-gosper": 10.645646,
        "arm_fft0": 2.684285,
        "arm_sort_search": 0.410985,
        "arm_h-14-01": 4.750997,
        "arm_h-2-01": 9.532867,
        "arm_h-9-02": 0.009488,
        "arm_h-9-01": 0.007678,
        "04_spmv3": 0.92241,
        "03_sort3": 2.279194,
        "04_spmv1": 2.283689,
        "matmul2": 0.951719,
        "gameoflife-oscillator": 9.303361,
        "large_loop_array_3": 3.041112,
        "01_mm3": 2.856941,
        "sl3": 0.554896,
        "transpose0": 2.882496,
        "03_sort1": 0.775937,
        "03_sort2": 13.352437,
        "shuffle2": 2.571127,
        "if-combine3": 35.870963,
        "transpose2": 10.363714,
        "shuffle1": 8.769091,
        "fft1": 5.78668,
        "large_loop_array_1": 3.7844,
        "transpose1": 2.432521,
        "shuffle0": 5.377064,
        "01_mm1": 4.166696,
        "large_loop_array_2": 7.62217,
        "01_mm2": 3.730291,
        "04_spmv2": 2.12444,
        "recursive_call_3": 0.003353,
        "gameoflife-p61glidergun": 9.816822,
        "if-combine1": 14.085167,
        "matmul3": 0.959549,
        "fft0": 2.684972,
        "fft2": 5.564558,
        "recursive_call_2": 0.002647,
        "gameoflife-gosper": 10.806463,
        "sl1": 3.168391,
        "matmul1": 0.955843,
        "recursive_call_1": 0.00288,
        "if-combine2": 21.199319,
        "sl2": 1.19743
    }
}