{
    "commit": "b94d0975ce5f38c9454e1295c1049d34d3419208",
    "author": "GitHub Action",
    "timestamp": "2025-08-04T11:02:11Z",
    "message": "IR: Enhanced AffineLICM.",
    "results": {
        "2024-DCV-7": 6.179378,
        "2024-H17-1": 9.243267,
        "2024-FVJ-15": 6.059477,
        "2024-7UJ-12": 0.007955,
        "2024-C64-14": 11.512383,
        "2024-KVV-20": 2.028685,
        "2024-FAF-19": 14.464758,
        "2024-NT1-4": 0.010126,
        "2024-CH6-24": 0.311488,
        "2024-NKK-22": 0.888885,
        "2024-LN4-9": 6.252498,
        "2024-VTF-5": 3.383301,
        "2024-I4W-2": 0.009116,
        "2024-2KM-21": 2.472842,
        "2024-MXP-16": 6.896923,
        "2024-U03-25": 0.73444,
        "2024-0ZE-13": 3.372721,
        "2024-BAV-3": 1.65818,
        "2024-931-6": 2.080875,
        "2024-PKP-8": 3.629352,
        "2024-NCY-23": 0.23847,
        "2024-JVU-10": 30.289276,
        "2024-1WO-11": 9.562934,
        "2024-K0I-17": 12.760636,
        "2024-8NL-18": 3.347892,
        "2024-VGH-20": 10.331862,
        "2024-FQX-25": 7.924555,
        "2024-5NG-2": 9.754377,
        "2024-BE3-31": 2.243168,
        "2024-FI8-9": 2.259216,
        "2024-PCT-14": 1.176371,
        "2024-IG5-12": 10.349937,
        "2024-JR2-21": 4.037048,
        "2024-LW8-7": 13.207387,
        "2024-CH1-5": 0.742812,
        "2024-84M-11": 2.385944,
        "2024-VRT-1": 1.51181,
        "2024-2D0-22": 0.90651,
        "2024-1RK-26": 5.645954,
        "2024-Y60-18": 1.683314,
        "2024-AZ7-32": 2.175356,
        "2024-TBR-19": 36.257144,
        "2024-U7D-6": 1.496242,
        "2024-QV9-34": 7.242002,
        "2024-51P-30": 3.623166,
        "2024-K22-4": 3.091689,
        "2024-OBF-29": 2.839311,
        "2024-XRB-24": 0.540716,
        "2024-T6G-27": 3.456516,
        "2024-BJV-10": 1.516609,
        "2024-X7M-3": 7.792537,
        "2024-ETJ-33": 2.318132,
        "2024-XU5-13": 2.712258,
        "2024-V6O-23": 1.452926,
        "2024-Z3A-28": 3.059101,
        "2024-I9Y-15": 3.200734,
        "2024-5HA-8": 7.134922,
        "2024-U7W-16": 5.885172,
        "2024-PAF-17": 3.938551,
        "rv_sort_search": 0.412545,
        "rv_transpose1": 0.025476,
        "rv_h-4-02": 4.2e-05,
        "rv_matmul1": 0.012147,
        "rv_h-9-01": 0.005686,
        "rv_crypto-3": 0.061426,
        "rv_sl2": 0.228613,
        "rv_h-8-03": 1.3e-05,
        "rv_h-9-02": 0.005652,
        "rv_h-8-01": 1.2e-05,
        "rv_h-4-03": 0.170457,
        "rv_matmul3": 0.02315,
        "rv_h-9-03": 0.004975,
        "rv_h-10-01": 0.002306,
        "rv_shuffle2": 0.137506,
        "rv_h-5-03": 1e-05,
        "rv_fft1": 5.854074,
        "rv_03_sort3": 0.107511,
        "rv_h-5-01": 2e-05,
        "rv_transpose0": 0.015233,
        "rv_gameoflife-oscillator": 0.061167,
        "rv_01_mm3": 0.045635,
        "rv_h-11-02": 0.001146,
        "rv_if-combine1": 0.000371,
        "rv_if-combine2": 0.025223,
        "rv_sl3": 0.018549,
        "rv_shuffle1": 0.329229,
        "rv_h-2-01": 0.167307,
        "rv_04_spmv2": 0.003506,
        "rv_gameoflife-gosper": 8.3e-05,
        "rv_if-combine3": 0.03992,
        "rv_matmul2": 0.040503,
        "rv_04_spmv3": 0.096327,
        "rv_h-2-02": 0.166427,
        "rv_h-11-01": 0.001148,
        "rv_shuffle0": 0.027996,
        "rv_gameoflife-p61glidergun": 0.076864,
        "rv_h-7-01": 0.004308,
        "rv_04_spmv1": 0.123262,
        "rv_03_sort2": 13.206904,
        "rv_h-10-03": 0.007446,
        "rv_01_mm2": 0.068864,
        "rv_crypto-1": 0.152398,
        "rv_fft2": 0.01492,
        "rv_transpose2": 0.268798,
        "rv_crypto-2": 0.107176,
        "rv_01_mm1": 0.022821,
        "rv_h-4-01": 0.013143,
        "rv_h-5-02": 1.1e-05,
        "rv_h-2-03": 0.240974,
        "rv_h-10-02": 0.004218,
        "rv_h-11-03": 0.006467,
        "rv_h-8-02": 1.2e-05,
        "rv_sl1": 0.11531,
        "h-2-03": 11.372731,
        "h-8-01": 3.297973,
        "h-8-02": 3.354821,
        "h-8-03": 3.33763,
        "h-4-02": 6.895848,
        "h-7-01": 0.314633,
        "h-2-01": 9.436092,
        "h-4-03": 12.774913,
        "h-3-02": 3.003021,
        "h-6-01": 2.824379,
        "h-5-02": 6.217741,
        "h-5-03": 6.129655,
        "h-6-02": 4.233728,
        "h-6-03": 5.64537,
        "h-5-01": 6.171119,
        "h-1-02": 2.476565,
        "h-2-02": 9.194416,
        "h-4-01": 2.082523,
        "h-1-01": 28.902215,
        "h-1-03": 13.81613,
        "h-3-03": 3.0083,
        "h-3-01": 2.991405,
        "arm_h-7-01": 0.311462,
        "arm_h-1-03": 13.816058,
        "arm_fft2": 0.016209,
        "arm_matmul1": 1.515834,
        "arm_shuffle2": 0.138856,
        "arm_h-8-02": 3.415877,
        "arm_03_sort1": 0.740363,
        "arm_shuffle0": 5.191892,
        "arm_crypto-3": 1.687531,
        "arm_h-4-03": 12.762031,
        "arm_crypto-2": 1.274423,
        "arm_transpose0": 2.854544,
        "arm_h-1-02": 2.47317,
        "arm_transpose1": 2.35168,
        "arm_h-2-03": 11.418015,
        "arm_04_spmv3": 0.909435,
        "arm_matmul2": 1.513508,
        "arm_transpose2": 10.181387,
        "arm_03_sort3": 0.105751,
        "arm_h-8-03": 3.302736,
        "arm_h-2-02": 9.196272,
        "arm_sl3": 0.57215,
        "arm_h-11-01": 1.672449,
        "arm_01_mm1": 3.840904,
        "arm_crypto-1": 1.472937,
        "arm_h-4-02": 6.895843,
        "arm_h-4-01": 2.081497,
        "arm_h-5-03": 6.110481,
        "arm_shuffle1": 9.607434,
        "arm_matmul3": 1.515928,
        "arm_03_sort2": 13.000943,
        "arm_h-8-01": 3.378398,
        "arm_04_spmv1": 2.272516,
        "arm_01_mm2": 3.505929,
        "arm_h-10-02": 0.23842,
        "arm_h-1-01": 30.271929,
        "arm_if-combine2": 2.175198,
        "arm_h-12-01": 2.025025,
        "arm_h-10-01": 0.002262,
        "arm_h-9-03": 0.007021,
        "arm_sl1": 3.13055,
        "arm_gameoflife-oscillator": 7.125179,
        "arm_h-5-02": 6.059402,
        "arm_fft1": 5.854699,
        "arm_04_spmv2": 1.676144,
        "arm_sl2": 1.188829,
        "arm_gameoflife-p61glidergun": 7.238499,
        "arm_h-13-01": 0.886387,
        "arm_h-5-01": 6.165457,
        "arm_if-combine3": 3.618736,
        "arm_if-combine1": 0.010438,
        "arm_01_mm3": 2.448332,
        "arm_gameoflife-gosper": 7.796838,
        "arm_fft0": 2.70712,
        "arm_sort_search": 0.396628,
        "arm_h-14-01": 3.630831,
        "arm_h-2-01": 9.595563,
        "arm_h-9-02": 0.00895,
        "arm_h-9-01": 0.007095,
        "04_spmv3": 0.919267,
        "03_sort3": 2.235044,
        "04_spmv1": 2.239957,
        "matmul2": 0.894624,
        "gameoflife-oscillator": 7.230767,
        "large_loop_array_3": 3.238718,
        "01_mm3": 2.462639,
        "sl3": 0.538285,
        "transpose0": 2.822125,
        "03_sort1": 0.736903,
        "03_sort2": 13.26212,
        "shuffle2": 2.972194,
        "if-combine3": 3.628746,
        "transpose2": 10.057876,
        "shuffle1": 8.78744,
        "fft1": 5.837281,
        "large_loop_array_1": 4.218689,
        "transpose1": 2.318033,
        "shuffle0": 5.550232,
        "01_mm1": 3.813467,
        "large_loop_array_2": 8.047207,
        "01_mm2": 3.301293,
        "04_spmv2": 1.63433,
        "recursive_call_3": 0.003077,
        "gameoflife-p61glidergun": 7.330475,
        "if-combine1": 1.453523,
        "matmul3": 0.912661,
        "fft0": 2.815034,
        "fft2": 5.630882,
        "recursive_call_2": 0.003102,
        "gameoflife-gosper": 7.818173,
        "sl1": 3.120102,
        "matmul1": 0.895632,
        "recursive_call_1": 0.003093,
        "if-combine2": 2.180673,
        "sl2": 1.195252
    }
}