{
    "commit": "bab07f0b25cb4879cce7c7c561f808a36bbf9e31",
    "author": "GitHub Action",
    "timestamp": "2025-07-28T02:52:47Z",
    "message": "MIR: fix register spill",
    "results": {
        "2024-DCV-7": 6.364882,
        "2024-H17-1": 9.106593,
        "2024-FVJ-15": 6.344003,
        "2024-7UJ-12": 0.007392,
        "2024-C64-14": 11.074628,
        "2024-KVV-20": 2.024761,
        "2024-FAF-19": 26.541532,
        "2024-NT1-4": 0.010938,
        "2024-CH6-24": 0.311573,
        "2024-NKK-22": 0.887498,
        "2024-LN4-9": 6.406575,
        "2024-VTF-5": 3.358241,
        "2024-I4W-2": 0.00949,
        "2024-2KM-21": 4.76111,
        "2024-MXP-16": 6.896997,
        "2024-U03-25": 61.819933,
        "2024-0ZE-13": 3.389652,
        "2024-BAV-3": 155.082547,
        "2024-931-6": 2.081902,
        "2024-PKP-8": 3.637071,
        "2024-NCY-23": 14.880426,
        "2024-JVU-10": 55.520181,
        "2024-1WO-11": 9.265131,
        "2024-K0I-17": 12.763541,
        "2024-8NL-18": 3.372008,
        "2024-VGH-20": 9.882037,
        "2024-FQX-25": 7.549937,
        "2024-5NG-2": 9.693066,
        "2024-BE3-31": 2.304735,
        "2024-FI8-9": 2.286096,
        "2024-PCT-14": 1.226101,
        "2024-IG5-12": 10.400278,
        "2024-JR2-21": 3.752631,
        "2024-LW8-7": 13.395951,
        "2024-CH1-5": 0.801291,
        "2024-84M-11": 2.847088,
        "2024-VRT-1": 3.576374,
        "2024-2D0-22": 0.907528,
        "2024-1RK-26": 6.017342,
        "2024-Y60-18": 1.757846,
        "2024-AZ7-32": 43.904669,
        "2024-TBR-19": 36.802414,
        "2024-U7D-6": 3.575913,
        "2024-QV9-34": 9.745083,
        "2024-51P-30": 77.996622,
        "2024-K22-4": 3.236148,
        "2024-OBF-29": 2.861205,
        "2024-XRB-24": 0.558536,
        "2024-T6G-27": 4.040073,
        "2024-BJV-10": 3.576455,
        "2024-X7M-3": 10.549306,
        "2024-ETJ-33": 2.391427,
        "2024-XU5-13": 2.892977,
        "2024-V6O-23": 30.926464,
        "2024-Z3A-28": 2.98441,
        "2024-I9Y-15": 3.001539,
        "2024-5HA-8": 9.39611,
        "2024-U7W-16": 6.266967,
        "2024-PAF-17": 4.292905,
        "rv_sort_search": 0.443585,
        "rv_transpose1": 0.025763,
        "rv_h-4-02": 4.1e-05,
        "rv_matmul1": 0.028194,
        "rv_h-9-01": 0.006187,
        "rv_crypto-3": 0.065761,
        "rv_sl2": 0.235329,
        "rv_h-8-03": 1.3e-05,
        "rv_h-9-02": 0.005343,
        "rv_h-8-01": 1.3e-05,
        "rv_h-4-03": 0.172399,
        "rv_matmul3": 0.055013,
        "rv_h-9-03": 0.004754,
        "rv_h-10-01": 0.027208,
        "rv_shuffle2": 0.13821,
        "rv_h-5-03": 2.2e-05,
        "rv_fft1": 6.270155,
        "rv_03_sort3": 0.111406,
        "rv_h-5-01": 2.1e-05,
        "rv_transpose0": 0.016372,
        "rv_gameoflife-oscillator": 0.081621,
        "rv_01_mm3": 0.053119,
        "rv_h-11-02": 0.001087,
        "rv_if-combine1": 0.002035,
        "rv_if-combine2": 0.50172,
        "rv_sl3": 0.018747,
        "rv_shuffle1": 0.329469,
        "rv_h-2-01": 0.16911,
        "rv_04_spmv2": 0.003606,
        "rv_gameoflife-gosper": 0.000103,
        "rv_if-combine3": 0.772853,
        "rv_matmul2": 0.095295,
        "rv_04_spmv3": 0.097271,
        "rv_h-2-02": 0.178047,
        "rv_h-11-01": 0.001102,
        "rv_shuffle0": 0.020423,
        "rv_gameoflife-p61glidergun": 0.09765,
        "rv_h-7-01": 0.00435,
        "rv_04_spmv1": 0.113114,
        "rv_03_sort2": 13.398365,
        "rv_h-10-03": 0.130633,
        "rv_01_mm2": 0.078875,
        "rv_crypto-1": 0.160265,
        "rv_fft2": 0.015108,
        "rv_transpose2": 0.343901,
        "rv_crypto-2": 0.112848,
        "rv_01_mm1": 0.024785,
        "rv_h-4-01": 0.014796,
        "rv_h-5-02": 1.2e-05,
        "rv_h-2-03": 0.240998,
        "rv_h-10-02": 0.063828,
        "rv_h-11-03": 0.00646,
        "rv_h-8-02": 1.2e-05,
        "rv_sl1": 0.120451,
        "h-2-03": 10.987303,
        "h-8-01": 3.359316,
        "h-8-02": 3.404845,
        "h-8-03": 3.325014,
        "h-4-02": 6.897488,
        "h-7-01": 0.314686,
        "h-2-01": 9.410647,
        "h-4-03": 12.761944,
        "h-3-02": 2.997052,
        "h-6-01": 2.968763,
        "h-5-02": 6.373685,
        "h-5-03": 6.367014,
        "h-6-02": 4.452432,
        "h-6-03": 5.914431,
        "h-5-01": 6.383645,
        "h-1-02": 4.754078,
        "h-2-02": 8.997868,
        "h-4-01": 2.081488,
        "h-1-01": 55.520991,
        "h-1-03": 26.538701,
        "h-3-03": 3.034209,
        "h-3-01": 3.023535,
        "arm_h-7-01": 0.311632,
        "arm_h-1-03": 26.536863,
        "arm_fft2": 0.017575,
        "arm_matmul1": 3.577578,
        "arm_shuffle2": 0.142964,
        "arm_h-8-02": 3.431669,
        "arm_03_sort1": 0.801158,
        "arm_shuffle0": 5.369866,
        "arm_crypto-3": 1.669493,
        "arm_h-4-03": 12.760997,
        "arm_crypto-2": 1.339325,
        "arm_transpose0": 3.015244,
        "arm_h-1-02": 4.754027,
        "arm_transpose1": 2.455619,
        "arm_h-2-03": 11.01155,
        "arm_04_spmv3": 0.896815,
        "arm_matmul2": 3.576629,
        "arm_transpose2": 10.750276,
        "arm_03_sort3": 0.111106,
        "arm_h-8-03": 3.392035,
        "arm_h-2-02": 9.034023,
        "arm_sl3": 0.587231,
        "arm_h-11-01": 173.063939,
        "arm_01_mm1": 5.536141,
        "arm_crypto-1": 1.622483,
        "arm_h-4-02": 6.900448,
        "arm_h-4-01": 2.081107,
        "arm_h-5-03": 6.384039,
        "arm_shuffle1": 8.869383,
        "arm_matmul3": 3.572029,
        "arm_03_sort2": 13.403868,
        "arm_h-8-01": 3.447667,
        "arm_04_spmv1": 2.308509,
        "arm_01_mm2": 5.230174,
        "arm_h-10-02": 17.597109,
        "arm_h-1-01": 55.523497,
        "arm_if-combine2": 46.97782,
        "arm_h-12-01": 2.027137,
        "arm_h-10-01": 0.027458,
        "arm_h-9-03": 0.00648,
        "arm_sl1": 3.249445,
        "arm_gameoflife-oscillator": 9.351548,
        "arm_h-5-02": 6.364309,
        "arm_fft1": 6.2794,
        "arm_04_spmv2": 1.710988,
        "arm_sl2": 1.227864,
        "arm_gameoflife-p61glidergun": 9.647405,
        "arm_h-13-01": 0.888218,
        "arm_h-5-01": 6.365144,
        "arm_if-combine3": 83.423091,
        "arm_if-combine1": 0.12381,
        "arm_01_mm3": 3.113732,
        "arm_gameoflife-gosper": 10.473292,
        "arm_fft0": 2.894442,
        "arm_sort_search": 0.417136,
        "arm_h-14-01": 3.627366,
        "arm_h-2-01": 9.414779,
        "arm_h-9-02": 0.008947,
        "arm_h-9-01": 0.007505,
        "04_spmv3": 0.896279,
        "03_sort3": 2.285284,
        "04_spmv1": 2.25984,
        "matmul2": 1.215552,
        "gameoflife-oscillator": 9.389362,
        "large_loop_array_3": 2.996362,
        "01_mm3": 3.046589,
        "sl3": 0.552756,
        "transpose0": 2.865436,
        "03_sort1": 0.801287,
        "03_sort2": 13.386091,
        "shuffle2": 2.982947,
        "if-combine3": 56.05278,
        "transpose2": 10.346088,
        "shuffle1": 8.797385,
        "fft1": 6.284731,
        "large_loop_array_1": 3.842899,
        "transpose1": 2.376861,
        "shuffle0": 4.98037,
        "01_mm1": 4.097898,
        "large_loop_array_2": 7.440586,
        "01_mm2": 3.914127,
        "04_spmv2": 1.611533,
        "recursive_call_3": 0.003318,
        "gameoflife-p61glidergun": 9.707207,
        "if-combine1": 24.553955,
        "matmul3": 1.231036,
        "fft0": 2.892871,
        "fft2": 6.020991,
        "recursive_call_2": 0.002603,
        "gameoflife-gosper": 10.545273,
        "sl1": 3.231768,
        "matmul1": 1.229476,
        "recursive_call_1": 0.003245,
        "if-combine2": 37.570291,
        "sl2": 1.22251
    }
}