{
    "commit": "bc90dd4a46f355cc6fca86589a0a98e049ec0e57",
    "author": "GitHub Action",
    "timestamp": "2025-07-07T04:26:00Z",
    "message": "Merge branch 'backendv3.0'",
    "results": {
        "2024-DCV-7": 7.895058,
        "2024-FVJ-15": 8.083416,
        "2024-7UJ-12": 0.007225,
        "2024-KVV-20": 2.274067,
        "2024-FAF-19": 26.299599,
        "2024-NT1-4": 0.00979,
        "2024-NKK-22": 0.956011,
        "2024-LN4-9": 7.477049,
        "2024-VTF-5": 3.831752,
        "2024-I4W-2": 0.009232,
        "2024-2KM-21": 4.946975,
        "2024-MXP-16": 7.11352,
        "2024-U03-25": 120.222379,
        "2024-0ZE-13": 4.681835,
        "2024-BAV-3": 233.727233,
        "2024-931-6": 2.105129,
        "2024-PKP-8": 4.002501,
        "2024-NCY-23": 38.53062,
        "2024-JVU-10": 54.647753,
        "2024-K0I-17": 12.980948,
        "2024-8NL-18": 7.107213,
        "2024-VGH-20": 42.381895,
        "2024-5NG-2": 31.597768,
        "2024-BE3-31": 5.75048,
        "2024-FI8-9": 3.659916,
        "2024-PCT-14": 2.688102,
        "2024-IG5-12": 14.928249,
        "2024-LW8-7": 19.060286,
        "2024-CH1-5": 1.269618,
        "2024-84M-11": 6.763602,
        "2024-VRT-1": 23.255528,
        "2024-2D0-22": 1.96791,
        "2024-1RK-26": 6.432351,
        "2024-Y60-18": 3.833478,
        "2024-AZ7-32": 40.315752,
        "2024-TBR-19": 27.302702,
        "2024-U7D-6": 23.541337,
        "2024-QV9-34": 14.285763,
        "2024-51P-30": 69.495442,
        "2024-K22-4": 7.533019,
        "2024-OBF-29": 4.775226,
        "2024-XRB-24": 1.57461,
        "2024-T6G-27": 7.006274,
        "2024-BJV-10": 25.667323,
        "2024-X7M-3": 13.791653,
        "2024-ETJ-33": 3.057529,
        "2024-XU5-13": 3.122084,
        "2024-V6O-23": 27.083658,
        "2024-Z3A-28": 5.509294,
        "2024-5HA-8": 11.705725,
        "2024-U7W-16": 6.70826,
        "2024-PAF-17": 5.772421,
        "rv_sort_search": 0.308913,
        "rv_transpose1": 0.030848,
        "rv_h-4-02": 8.6e-05,
        "rv_matmul1": 0.133409,
        "rv_h-9-01": 0.008206,
        "rv_crypto-3": 0.107104,
        "rv_sl2": 0.44792,
        "rv_h-8-03": 1.2e-05,
        "rv_h-9-02": 0.006718,
        "rv_h-8-01": 1.1e-05,
        "rv_h-4-03": 0.176504,
        "rv_matmul3": 0.210341,
        "rv_h-9-03": 0.004582,
        "rv_h-10-01": 0.028398,
        "rv_shuffle2": 0.165365,
        "rv_h-5-03": 9e-06,
        "rv_fft1": 6.730775,
        "rv_03_sort3": 0.174758,
        "rv_h-5-01": 1.9e-05,
        "rv_transpose0": 0.014481,
        "rv_gameoflife-oscillator": 0.100678,
        "rv_01_mm3": 0.110356,
        "rv_h-11-02": 0.001149,
        "rv_if-combine1": 0.003658,
        "rv_if-combine2": 0.437437,
        "rv_sl3": 0.022084,
        "rv_shuffle1": 0.433231,
        "rv_04_spmv2": 0.004989,
        "rv_gameoflife-gosper": 0.00011,
        "rv_if-combine3": 0.680059,
        "rv_matmul2": 0.270673,
        "rv_04_spmv3": 0.175135,
        "rv_h-11-01": 0.001246,
        "rv_shuffle0": 0.040304,
        "rv_gameoflife-p61glidergun": 0.122278,
        "rv_04_spmv1": 0.175508,
        "rv_03_sort2": 18.502394,
        "rv_h-10-03": 0.178012,
        "rv_01_mm2": 0.160762,
        "rv_crypto-1": 0.253609,
        "rv_fft2": 0.014023,
        "rv_transpose2": 0.37846,
        "rv_crypto-2": 0.186131,
        "rv_01_mm1": 0.057986,
        "rv_h-4-01": 0.011759,
        "rv_h-5-02": 9e-06,
        "rv_h-10-02": 0.06509,
        "rv_h-11-03": 0.006848,
        "rv_h-8-02": 1.1e-05,
        "rv_sl1": 0.188115,
        "h-8-01": 3.974993,
        "h-8-02": 4.056137,
        "h-8-03": 3.512205,
        "h-4-02": 6.996604,
        "h-4-03": 13.034002,
        "h-3-02": 3.242036,
        "h-5-02": 7.319587,
        "h-5-03": 7.325812,
        "h-5-01": 6.543855,
        "h-1-02": 4.735268,
        "h-4-01": 2.08642,
        "h-1-01": 54.918722,
        "h-1-03": 26.237054,
        "h-3-03": 3.879561,
        "h-3-01": 3.947875,
        "arm_h-1-03": 26.21515,
        "arm_fft2": 0.015105,
        "arm_matmul1": 17.852629,
        "arm_shuffle2": 0.164042,
        "arm_h-8-02": 3.523401,
        "arm_03_sort1": 1.239532,
        "arm_shuffle0": 9.749417,
        "arm_crypto-3": 2.697711,
        "arm_h-4-03": 13.160045,
        "arm_crypto-2": 2.052288,
        "arm_transpose0": 3.67023,
        "arm_h-1-02": 4.731166,
        "arm_transpose1": 2.583689,
        "arm_04_spmv3": 1.707198,
        "arm_matmul2": 27.188605,
        "arm_transpose2": 13.26567,
        "arm_03_sort3": 0.16639,
        "arm_h-8-03": 4.921891,
        "arm_sl3": 0.980925,
        "arm_h-11-01": 200.736759,
        "arm_01_mm1": 8.891384,
        "arm_crypto-1": 2.770065,
        "arm_h-4-02": 7.033079,
        "arm_h-4-01": 2.21235,
        "arm_h-5-03": 11.953054,
        "arm_shuffle1": 20.742303,
        "arm_matmul3": 25.987669,
        "arm_03_sort2": 18.792623,
        "arm_h-8-01": 5.56422,
        "arm_04_spmv1": 8.747664,
        "arm_01_mm2": 9.331379,
        "arm_h-10-02": 27.312031,
        "arm_h-1-01": 55.143997,
        "arm_if-combine2": 40.61463,
        "arm_h-12-01": 2.229802,
        "arm_h-10-01": 0.035658,
        "arm_h-9-03": 0.007474,
        "arm_sl1": 5.667295,
        "arm_gameoflife-oscillator": 11.902318,
        "arm_h-5-02": 9.222444,
        "arm_fft1": 6.826096,
        "arm_04_spmv2": 5.005687,
        "arm_sl2": 2.865983,
        "arm_gameoflife-p61glidergun": 13.361951,
        "arm_h-13-01": 1.020662,
        "arm_h-5-01": 10.682538,
        "arm_if-combine3": 68.334362,
        "arm_if-combine1": 0.057358,
        "arm_01_mm3": 5.249067,
        "arm_gameoflife-gosper": 13.723133,
        "arm_fft0": 3.105795,
        "arm_sort_search": 0.293522,
        "arm_h-14-01": 3.952934,
        "arm_h-9-02": 0.00993,
        "arm_h-9-01": 0.007979,
        "04_spmv3": 1.920458,
        "03_sort3": 3.605054,
        "04_spmv1": 4.21891,
        "matmul2": 11.709575,
        "gameoflife-oscillator": 11.806073,
        "01_mm3": 6.686462,
        "sl3": 1.83374,
        "transpose0": 4.757458,
        "03_sort1": 1.297366,
        "03_sort2": 18.448398,
        "shuffle2": 5.668557,
        "if-combine3": 27.476383,
        "transpose2": 13.370247,
        "shuffle1": 21.133819,
        "fft1": 6.773234,
        "transpose1": 3.078539,
        "shuffle0": 27.657714,
        "01_mm1": 7.595293,
        "01_mm2": 8.308906,
        "04_spmv2": 10.872523,
        "recursive_call_3": 0.007828,
        "gameoflife-p61glidergun": 13.534915,
        "if-combine1": 11.660916,
        "matmul3": 10.567618,
        "fft0": 3.087063,
        "fft2": 6.475111,
        "recursive_call_2": 0.002345,
        "gameoflife-gosper": 13.435973,
        "sl1": 4.954177,
        "matmul1": 9.476121,
        "recursive_call_1": 0.002665,
        "if-combine2": 16.262659,
        "sl2": 1.928823
    }
}