{
    "commit": "c60b7c55d4af4c5d4d9cc252fc3250aa38c3a274",
    "author": "GitHub Action",
    "timestamp": "2025-07-20T09:13:02Z",
    "message": "CI: Fix ghaction",
    "results": {
        "aarch64/final/h_performance/2024-DCV-7": 8.311015,
        "aarch64/final/h_performance/2024-H17-1": 6.064313,
        "aarch64/final/h_performance/2024-FVJ-15": 8.139638,
        "aarch64/final/h_performance/2024-7UJ-12": 0.007166,
        "aarch64/final/h_performance/2024-C64-14": 7.289378,
        "aarch64/final/h_performance/2024-KVV-20": 2.34158,
        "aarch64/final/h_performance/2024-FAF-19": 27.83963,
        "aarch64/final/h_performance/2024-NT1-4": 0.017205,
        "aarch64/final/h_performance/2024-CH6-24": 0.39637,
        "aarch64/final/h_performance/2024-NKK-22": 1.132437,
        "aarch64/final/h_performance/2024-LN4-9": 7.875716,
        "aarch64/final/h_performance/2024-VTF-5": 3.912842,
        "aarch64/final/h_performance/2024-I4W-2": 0.008387,
        "aarch64/final/h_performance/2024-2KM-21": 5.309317,
        "aarch64/final/h_performance/2024-MXP-16": 7.104528,
        "aarch64/final/h_performance/2024-U03-25": 126.191837,
        "aarch64/final/h_performance/2024-0ZE-13": 5.096256,
        "aarch64/final/h_performance/2024-BAV-3": 264.338118,
        "aarch64/final/h_performance/2024-931-6": 2.15308,
        "aarch64/final/h_performance/2024-PKP-8": 4.429604,
        "aarch64/final/h_performance/2024-NCY-23": 41.400351,
        "aarch64/final/h_performance/2024-JVU-10": 57.112082,
        "aarch64/final/h_performance/2024-1WO-11": 6.131125,
        "aarch64/final/h_performance/2024-K0I-17": 13.145322,
        "aarch64/final/h_performance/2024-8NL-18": 7.344723,
        "aarch64/final/performance/2024-VGH-20": 43.244146,
        "aarch64/final/performance/2024-FQX-25": 7.107378,
        "aarch64/final/performance/2024-5NG-2": 36.388783,
        "aarch64/final/performance/2024-BE3-31": 6.497995,
        "aarch64/final/performance/2024-FI8-9": 4.660854,
        "aarch64/final/performance/2024-PCT-14": 3.266046,
        "aarch64/final/performance/2024-IG5-12": 20.197907,
        "aarch64/final/performance/2024-JR2-21": 4.7227,
        "aarch64/final/performance/2024-LW8-7": 22.516007,
        "aarch64/final/performance/2024-CH1-5": 1.713244,
        "aarch64/final/performance/2024-84M-11": 6.144598,
        "aarch64/final/performance/2024-VRT-1": 17.204699,
        "aarch64/final/performance/2024-2D0-22": 2.850219,
        "aarch64/final/performance/2024-1RK-26": 8.053014,
        "aarch64/final/performance/2024-Y60-18": 4.729571,
        "aarch64/final/performance/2024-AZ7-32": 26.442438,
        "aarch64/final/performance/2024-TBR-19": 50.688927,
        "aarch64/final/performance/2024-U7D-6": 15.788603,
        "aarch64/final/performance/2024-QV9-34": 13.198959,
        "aarch64/final/performance/2024-51P-30": 43.821267,
        "aarch64/final/performance/2024-K22-4": 4.954642,
        "aarch64/final/performance/2024-OBF-29": 4.303107,
        "aarch64/final/performance/2024-XRB-24": 0.897754,
        "aarch64/final/performance/2024-T6G-27": 7.150099,
        "aarch64/final/performance/2024-BJV-10": 15.750124,
        "aarch64/final/performance/2024-X7M-3": 18.942686,
        "aarch64/final/performance/2024-ETJ-33": 3.482479,
        "aarch64/final/performance/2024-XU5-13": 3.498855,
        "aarch64/final/performance/2024-V6O-23": 15.136761,
        "aarch64/final/performance/2024-Z3A-28": 5.527469,
        "aarch64/final/performance/2024-I9Y-15": 2.907769,
        "aarch64/final/performance/2024-5HA-8": 12.247476,
        "aarch64/final/performance/2024-U7W-16": 6.647375,
        "aarch64/final/performance/2024-PAF-17": 7.180599,
        "aarch64/performance_rv_25/rv_sort_search": 0.473291,
        "aarch64/performance_rv_25/rv_transpose1": 0.02531,
        "aarch64/performance_rv_25/rv_h-4-02": 8.8e-05,
        "aarch64/performance_rv_25/rv_matmul1": 0.068458,
        "aarch64/performance_rv_25/rv_h-9-01": 0.010683,
        "aarch64/performance_rv_25/rv_crypto-3": 0.097544,
        "aarch64/performance_rv_25/rv_sl2": 0.372914,
        "aarch64/performance_rv_25/rv_h-8-03": 2.2e-05,
        "aarch64/performance_rv_25/rv_h-9-02": 0.00828,
        "aarch64/performance_rv_25/rv_h-8-01": 2.1e-05,
        "aarch64/performance_rv_25/rv_h-4-03": 0.170906,
        "aarch64/performance_rv_25/rv_matmul3": 0.301274,
        "aarch64/performance_rv_25/rv_h-9-03": 0.006727,
        "aarch64/performance_rv_25/rv_h-10-01": 0.045157,
        "aarch64/performance_rv_25/rv_shuffle2": 0.322006,
        "aarch64/performance_rv_25/rv_h-5-03": 1.8e-05,
        "aarch64/performance_rv_25/rv_fft1": 6.841711,
        "aarch64/performance_rv_25/rv_03_sort3": 0.159385,
        "aarch64/performance_rv_25/rv_h-5-01": 2.1e-05,
        "aarch64/performance_rv_25/rv_transpose0": 0.014946,
        "aarch64/performance_rv_25/rv_gameoflife-oscillator": 0.101333,
        "aarch64/performance_rv_25/rv_01_mm3": 0.106016,
        "aarch64/performance_rv_25/rv_h-11-02": 0.001205,
        "aarch64/performance_rv_25/rv_if-combine1": 0.001346,
        "aarch64/performance_rv_25/rv_if-combine2": 0.219353,
        "aarch64/performance_rv_25/rv_sl3": 0.022925,
        "aarch64/performance_rv_25/rv_shuffle1": 0.678058,
        "aarch64/performance_rv_25/rv_h-2-01": 0.141538,
        "aarch64/performance_rv_25/rv_04_spmv2": 0.01011,
        "aarch64/performance_rv_25/rv_gameoflife-gosper": 0.00011,
        "aarch64/performance_rv_25/rv_if-combine3": 0.363217,
        "aarch64/performance_rv_25/rv_matmul2": 0.254706,
        "aarch64/performance_rv_25/rv_04_spmv3": 0.187888,
        "aarch64/performance_rv_25/rv_h-2-02": 0.137821,
        "aarch64/performance_rv_25/rv_h-11-01": 0.001215,
        "aarch64/performance_rv_25/rv_shuffle0": 0.04195,
        "aarch64/performance_rv_25/rv_gameoflife-p61glidergun": 0.130696,
        "aarch64/performance_rv_25/rv_h-7-01": 0.004196,
        "aarch64/performance_rv_25/rv_04_spmv1": 0.227675,
        "aarch64/performance_rv_25/rv_03_sort2": 18.068235,
        "aarch64/performance_rv_25/rv_h-10-03": 0.219739,
        "aarch64/performance_rv_25/rv_01_mm2": 0.248461,
        "aarch64/performance_rv_25/rv_crypto-1": 0.249593,
        "aarch64/performance_rv_25/rv_fft2": 0.013561,
        "aarch64/performance_rv_25/rv_transpose2": 0.486321,
        "aarch64/performance_rv_25/rv_crypto-2": 0.166208,
        "aarch64/performance_rv_25/rv_01_mm1": 0.048189,
        "aarch64/performance_rv_25/rv_h-4-01": 0.011815,
        "aarch64/performance_rv_25/rv_h-5-02": 1.1e-05,
        "aarch64/performance_rv_25/rv_h-2-03": 0.195759,
        "aarch64/performance_rv_25/rv_h-10-02": 0.094954,
        "aarch64/performance_rv_25/rv_h-11-03": 0.00699,
        "aarch64/performance_rv_25/rv_h-8-02": 1.1e-05,
        "aarch64/performance_rv_25/rv_sl1": 0.183951,
        "aarch64/h_performance/h-2-03": 7.292063,
        "aarch64/h_performance/h-8-01": 4.490847,
        "aarch64/h_performance/h-8-02": 3.859397,
        "aarch64/h_performance/h-8-03": 3.693278,
        "aarch64/h_performance/h-4-02": 7.380429,
        "aarch64/h_performance/h-7-01": 0.418937,
        "aarch64/h_performance/h-2-01": 5.85196,
        "aarch64/h_performance/h-4-03": 13.051754,
        "aarch64/h_performance/h-3-02": 3.181638,
        "aarch64/h_performance/h-6-01": 3.357634,
        "aarch64/h_performance/h-5-02": 7.386078,
        "aarch64/h_performance/h-5-03": 7.13146,
        "aarch64/h_performance/h-6-02": 5.041439,
        "aarch64/h_performance/h-6-03": 6.706231,
        "aarch64/h_performance/h-5-01": 6.796797,
        "aarch64/h_performance/h-1-02": 4.983505,
        "aarch64/h_performance/h-2-02": 5.762239,
        "aarch64/h_performance/h-4-01": 2.199845,
        "aarch64/h_performance/h-1-01": 61.2407,
        "aarch64/h_performance/h-1-03": 30.669746,
        "aarch64/h_performance/h-3-03": 4.500475,
        "aarch64/h_performance/h-3-01": 5.018129,