{
    "commit": "c60b7c55d4af4c5d4d9cc252fc3250aa38c3a274",
    "author": "GitHub Action",
    "timestamp": "2025-07-20T09:13:02Z",
    "message": "CI: Fix ghaction",
    "results": {
        "2024-DCV-7": 8.311015,
        "2024-H17-1": 6.064313,
        "2024-FVJ-15": 8.139638,
        "2024-7UJ-12": 0.007166,
        "2024-C64-14": 7.289378,
        "2024-KVV-20": 2.34158,
        "2024-FAF-19": 27.83963,
        "2024-NT1-4": 0.017205,
        "2024-CH6-24": 0.39637,
        "2024-NKK-22": 1.132437,
        "2024-LN4-9": 7.875716,
        "2024-VTF-5": 3.912842,
        "2024-I4W-2": 0.008387,
        "2024-2KM-21": 5.309317,
        "2024-MXP-16": 7.104528,
        "2024-U03-25": 126.191837,
        "2024-0ZE-13": 5.096256,
        "2024-BAV-3": 264.338118,
        "2024-931-6": 2.15308,
        "2024-PKP-8": 4.429604,
        "2024-NCY-23": 41.400351,
        "2024-JVU-10": 57.112082,
        "2024-1WO-11": 6.131125,
        "2024-K0I-17": 13.145322,
        "2024-8NL-18": 7.344723,
        "2024-VGH-20": 43.244146,
        "2024-FQX-25": 7.107378,
        "2024-5NG-2": 36.388783,
        "2024-BE3-31": 6.497995,
        "2024-FI8-9": 4.660854,
        "2024-PCT-14": 3.266046,
        "2024-IG5-12": 20.197907,
        "2024-JR2-21": 4.7227,
        "2024-LW8-7": 22.516007,
        "2024-CH1-5": 1.713244,
        "2024-84M-11": 6.144598,
        "2024-VRT-1": 17.204699,
        "2024-2D0-22": 2.850219,
        "2024-1RK-26": 8.053014,
        "2024-Y60-18": 4.729571,
        "2024-AZ7-32": 26.442438,
        "2024-TBR-19": 50.688927,
        "2024-U7D-6": 15.788603,
        "2024-QV9-34": 13.198959,
        "2024-51P-30": 43.821267,
        "2024-K22-4": 4.954642,
        "2024-OBF-29": 4.303107,
        "2024-XRB-24": 0.897754,
        "2024-T6G-27": 7.150099,
        "2024-BJV-10": 15.750124,
        "2024-X7M-3": 18.942686,
        "2024-ETJ-33": 3.482479,
        "2024-XU5-13": 3.498855,
        "2024-V6O-23": 15.136761,
        "2024-Z3A-28": 5.527469,
        "2024-I9Y-15": 2.907769,
        "2024-5HA-8": 12.247476,
        "2024-U7W-16": 6.647375,
        "2024-PAF-17": 7.180599,
        "rv_sort_search": 0.473291,
        "rv_transpose1": 0.02531,
        "rv_h-4-02": 8.8e-05,
        "rv_matmul1": 0.068458,
        "rv_h-9-01": 0.010683,
        "rv_crypto-3": 0.097544,
        "rv_sl2": 0.372914,
        "rv_h-8-03": 2.2e-05,
        "rv_h-9-02": 0.00828,
        "rv_h-8-01": 2.1e-05,
        "rv_h-4-03": 0.170906,
        "rv_matmul3": 0.301274,
        "rv_h-9-03": 0.006727,
        "rv_h-10-01": 0.045157,
        "rv_shuffle2": 0.322006,
        "rv_h-5-03": 1.8e-05,
        "rv_fft1": 6.841711,
        "rv_03_sort3": 0.159385,
        "rv_h-5-01": 2.1e-05,
        "rv_transpose0": 0.014946,
        "rv_gameoflife-oscillator": 0.101333,
        "rv_01_mm3": 0.106016,
        "rv_h-11-02": 0.001205,
        "rv_if-combine1": 0.001346,
        "rv_if-combine2": 0.219353,
        "rv_sl3": 0.022925,
        "rv_shuffle1": 0.678058,
        "rv_h-2-01": 0.141538,
        "rv_04_spmv2": 0.01011,
        "rv_gameoflife-gosper": 0.00011,
        "rv_if-combine3": 0.363217,
        "rv_matmul2": 0.254706,
        "rv_04_spmv3": 0.187888,
        "rv_h-2-02": 0.137821,
        "rv_h-11-01": 0.001215,
        "rv_shuffle0": 0.04195,
        "rv_gameoflife-p61glidergun": 0.130696,
        "rv_h-7-01": 0.004196,
        "rv_04_spmv1": 0.227675,
        "rv_03_sort2": 18.068235,
        "rv_h-10-03": 0.219739,
        "rv_01_mm2": 0.248461,
        "rv_crypto-1": 0.249593,
        "rv_fft2": 0.013561,
        "rv_transpose2": 0.486321,
        "rv_crypto-2": 0.166208,
        "rv_01_mm1": 0.048189,
        "rv_h-4-01": 0.011815,
        "rv_h-5-02": 1.1e-05,
        "rv_h-2-03": 0.195759,
        "rv_h-10-02": 0.094954,
        "rv_h-11-03": 0.00699,
        "rv_h-8-02": 1.1e-05,
        "rv_sl1": 0.183951,
        "h-2-03": 7.292063,
        "h-8-01": 4.490847,
        "h-8-02": 3.859397,
        "h-8-03": 3.693278,
        "h-4-02": 7.380429,
        "h-7-01": 0.418937,
        "h-2-01": 5.85196,
        "h-4-03": 13.051754,
        "h-3-02": 3.181638,
        "h-6-01": 3.357634,
        "h-5-02": 7.386078,
        "h-5-03": 7.13146,
        "h-6-02": 5.041439,
        "h-6-03": 6.706231,
        "h-5-01": 6.796797,
        "h-1-02": 4.983505,
        "h-2-02": 5.762239,
        "h-4-01": 2.199845,
        "h-1-01": 61.2407,
        "h-1-03": 30.669746,
        "h-3-03": 4.500475,
        "h-3-01": 5.018129,
        "arm_h-7-01": 0.442216,
        "arm_h-1-03": 30.899543,
        "arm_fft2": 0.013467,
        "arm_matmul1": 12.965625,
        "arm_shuffle2": 0.164464,
        "arm_h-8-02": 3.47265,
        "arm_03_sort1": 1.344609,
        "arm_shuffle0": 7.366768,
        "arm_crypto-3": 2.602384,
        "arm_h-4-03": 14.970141,
        "arm_crypto-2": 1.825417,
        "arm_transpose0": 3.710665,
        "arm_h-1-02": 6.589023,
        "arm_transpose1": 2.923083,
        "arm_h-2-03": 7.901214,
        "arm_04_spmv3": 1.690239,
        "arm_matmul2": 27.873198,
        "arm_transpose2": 27.791771,
        "arm_03_sort3": 0.168015,
        "arm_h-8-03": 4.167453,
        "arm_h-2-02": 5.913355,
        "arm_sl3": 1.761607,
        "arm_h-11-01": 208.013845,
        "arm_01_mm1": 9.177148,
        "arm_crypto-1": 2.560213,
        "arm_h-4-02": 7.376909,
        "arm_h-4-01": 2.409992,
        "arm_h-5-03": 12.071434,
        "arm_shuffle1": 21.825082,
        "arm_matmul3": 18.198187,
        "arm_03_sort2": 19.077796,
        "arm_h-8-01": 6.016637,
        "arm_04_spmv1": 4.967948,
        "arm_01_mm2": 9.741163,
        "arm_h-10-02": 27.339457,
        "arm_h-1-01": 58.758571,
        "arm_if-combine2": 23.776173,
        "arm_h-12-01": 2.278593,
        "arm_h-10-01": 0.060412,
        "arm_h-9-03": 0.006891,
        "arm_sl1": 4.780856,
        "arm_gameoflife-oscillator": 11.749191,
        "arm_h-5-02": 9.560551,
        "arm_fft1": 6.735093,
        "arm_04_spmv2": 3.547247,
        "arm_sl2": 1.977695,
        "arm_gameoflife-p61glidergun": 13.140843,
        "arm_h-13-01": 1.002104,
        "arm_h-5-01": 11.056445,
        "arm_if-combine3": 38.968372,
        "arm_if-combine1": 0.106479,
        "arm_01_mm3": 5.162881,
        "arm_gameoflife-gosper": 14.310345,
        "arm_fft0": 3.003589,
        "arm_sort_search": 0.445077,
        "arm_h-14-01": 3.97746,
        "arm_h-2-01": 5.953397,
        "arm_h-9-02": 0.009985,
        "arm_h-9-01": 0.007494,
        "04_spmv3": 1.896897,
        "03_sort3": 3.568361,
        "04_spmv1": 5.814355,
        "matmul2": 8.668179,
        "gameoflife-oscillator": 14.282032,
        "large_loop_array_3": 3.003722,
        "01_mm3": 7.26607,
        "sl3": 1.102217,
        "transpose0": 5.189418,
        "03_sort1": 1.303458,
        "03_sort2": 22.094864,
        "shuffle2": 5.994418,
        "if-combine3": 50.564249,
        "transpose2": 15.078856,
        "shuffle1": 18.87933,
        "fft1": 6.447936,
        "large_loop_array_1": 3.662058,
        "transpose1": 3.617818,
        "shuffle0": 24.186085,
        "01_mm1": 8.781542,
        "large_loop_array_2": 7.286239,
        "01_mm2": 8.647235,
        "04_spmv2": 8.119772,
        "recursive_call_3": 0.004115,
        "gameoflife-p61glidergun": 14.967539,
        "if-combine1": 24.425185,
        "matmul3": 7.659474,
        "fft0": 3.86425,
        "fft2": 7.566574,
        "recursive_call_2": 0.002067,
        "gameoflife-gosper": 16.106593,
        "sl1": 4.309311,
        "matmul1": 7.957237,
        "recursive_call_1": 0.006348,
        "if-combine2": 27.261791,
        "sl2": 2.600317
    }
}