{
    "commit": "ce0f1e19ea52255b0c1d566586ec95cfcccb8ff5",
    "author": "GitHub Action",
    "timestamp": "2025-07-25T06:29:47Z",
    "message": "Merge branch 'iropt'",
    "results": {
        "2024-DCV-7": 8.292059,
        "2024-H17-1": 6.014331,
        "2024-FVJ-15": 8.247274,
        "2024-7UJ-12": 0.006476,
        "2024-C64-14": 7.12814,
        "2024-KVV-20": 2.225887,
        "2024-FAF-19": 27.501868,
        "2024-NT1-4": 0.014453,
        "2024-CH6-24": 0.368814,
        "2024-NKK-22": 1.30112,
        "2024-LN4-9": 7.164731,
        "2024-VTF-5": 3.831146,
        "2024-I4W-2": 0.009058,
        "2024-2KM-21": 4.895056,
        "2024-MXP-16": 6.962774,
        "2024-U03-25": 119.572764,
        "2024-0ZE-13": 4.558953,
        "2024-BAV-3": 246.597879,
        "2024-931-6": 2.167824,
        "2024-PKP-8": 4.343903,
        "2024-NCY-23": 37.536797,
        "2024-JVU-10": 57.640454,
        "2024-1WO-11": 5.733187,
        "2024-K0I-17": 13.001332,
        "2024-8NL-18": 6.63292,
        "2024-VGH-20": 44.170368,
        "2024-FQX-25": 5.653871,
        "2024-5NG-2": 39.099665,
        "2024-BE3-31": 6.203818,
        "2024-FI8-9": 3.2565,
        "2024-PCT-14": 2.79066,
        "2024-IG5-12": 20.029147,
        "2024-JR2-21": 2.298278,
        "2024-LW8-7": 16.62372,
        "2024-CH1-5": 1.132004,
        "2024-84M-11": 8.316099,
        "2024-VRT-1": 6.727899,
        "2024-2D0-22": 0.897258,
        "2024-1RK-26": 7.375343,
        "2024-Y60-18": 2.651231,
        "2024-AZ7-32": 31.945399,
        "2024-TBR-19": 48.557904,
        "2024-U7D-6": 7.341951,
        "2024-QV9-34": 25.127879,
        "2024-51P-30": 81.643466,
        "2024-K22-4": 7.358416,
        "2024-OBF-29": 8.994251,
        "2024-XRB-24": 1.953674,
        "2024-T6G-27": 7.106841,
        "2024-BJV-10": 7.527619,
        "2024-X7M-3": 21.197699,
        "2024-ETJ-33": 5.832317,
        "2024-XU5-13": 4.641904,
        "2024-V6O-23": 40.035918,
        "2024-Z3A-28": 8.946445,
        "2024-I9Y-15": 1.786038,
        "2024-5HA-8": 18.621292,
        "2024-U7W-16": 7.426701,
        "2024-PAF-17": 6.235104,
        "rv_sort_search": 0.461525,
        "rv_transpose1": 0.02885,
        "rv_h-4-02": 0.000116,
        "rv_matmul1": 0.060706,
        "rv_h-9-01": 0.018927,
        "rv_crypto-3": 0.074368,
        "rv_sl2": 0.504582,
        "rv_h-8-03": 2.4e-05,
        "rv_h-9-02": 0.007579,
        "rv_h-8-01": 1.4e-05,
        "rv_h-4-03": 0.170104,
        "rv_matmul3": 0.087795,
        "rv_h-9-03": 0.004063,
        "rv_h-10-01": 0.027655,
        "rv_shuffle2": 0.205505,
        "rv_h-5-03": 1.1e-05,
        "rv_fft1": 7.047638,
        "rv_03_sort3": 0.134982,
        "rv_h-5-01": 2.1e-05,
        "rv_transpose0": 0.015959,
        "rv_gameoflife-oscillator": 0.147353,
        "rv_01_mm3": 0.055661,
        "rv_h-11-02": 0.001106,
        "rv_if-combine1": 0.002058,
        "rv_if-combine2": 0.245356,
        "rv_sl3": 0.032636,
        "rv_shuffle1": 0.412304,
        "rv_h-2-01": 0.135198,
        "rv_04_spmv2": 0.003004,
        "rv_gameoflife-gosper": 0.000159,
        "rv_if-combine3": 0.936586,
        "rv_matmul2": 0.289538,
        "rv_04_spmv3": 0.084539,
        "rv_h-2-02": 0.173967,
        "rv_h-11-01": 0.001114,
        "rv_shuffle0": 0.041252,
        "rv_gameoflife-p61glidergun": 0.274621,
        "rv_h-7-01": 0.007921,
        "rv_04_spmv1": 0.137114,
        "rv_03_sort2": 14.381425,
        "rv_h-10-03": 0.155121,
        "rv_01_mm2": 0.086631,
        "rv_crypto-1": 0.171469,
        "rv_fft2": 0.013771,
        "rv_transpose2": 0.433729,
        "rv_crypto-2": 0.131408,
        "rv_01_mm1": 0.028516,
        "rv_h-4-01": 0.0117,
        "rv_h-5-02": 1.2e-05,
        "rv_h-2-03": 0.189615,
        "rv_h-10-02": 0.072922,
        "rv_h-11-03": 0.006752,
        "rv_h-8-02": 1.3e-05,
        "rv_sl1": 0.14009,
        "h-2-03": 6.857665,
        "h-8-01": 4.024438,
        "h-8-02": 4.216894,
        "h-8-03": 3.978206,
        "h-4-02": 7.091847,
        "h-7-01": 0.374469,
        "h-2-01": 5.723776,
        "h-4-03": 12.961623,
        "h-3-02": 3.213041,
        "h-6-01": 3.083393,
        "h-5-02": 7.348675,
        "h-5-03": 7.239235,
        "h-6-02": 4.505229,
        "h-6-03": 6.018037,
        "h-5-01": 6.462818,
        "h-1-02": 4.770959,
        "h-2-02": 5.962039,
        "h-4-01": 2.085688,
        "h-1-01": 64.647526,
        "h-1-03": 29.863801,
        "h-3-03": 4.58028,
        "h-3-01": 4.651724,
        "arm_h-7-01": 0.425396,
        "arm_h-1-03": 30.4378,
        "arm_fft2": 0.01389,
        "arm_matmul1": 4.461615,
        "arm_shuffle2": 0.176506,
        "arm_h-8-02": 3.391311,
        "arm_03_sort1": 0.860534,
        "arm_shuffle0": 6.459048,
        "arm_crypto-3": 1.889813,
        "arm_h-4-03": 13.802012,
        "arm_crypto-2": 1.413196,
        "arm_transpose0": 3.579035,
        "arm_h-1-02": 5.302073,
        "arm_transpose1": 3.059784,
        "arm_h-2-03": 6.765036,
        "arm_04_spmv3": 1.212393,
        "arm_matmul2": 7.070464,
        "arm_transpose2": 17.414313,
        "arm_03_sort3": 0.117904,
        "arm_h-8-03": 4.883895,
        "arm_h-2-02": 7.309999,
        "arm_sl3": 1.097351,
        "arm_h-11-01": 249.047846,
        "arm_01_mm1": 7.12815,
        "arm_crypto-1": 1.701966,
        "arm_h-4-02": 7.488101,
        "arm_h-4-01": 2.119081,
        "arm_h-5-03": 10.051604,
        "arm_shuffle1": 20.636114,
        "arm_matmul3": 7.355462,
        "arm_03_sort2": 14.503367,
        "arm_h-8-01": 5.299216,
        "arm_04_spmv1": 5.864328,
        "arm_01_mm2": 9.082643,
        "arm_h-10-02": 31.606403,
        "arm_h-1-01": 64.6855,
        "arm_if-combine2": 29.978105,
        "arm_h-12-01": 2.801272,
        "arm_h-10-01": 0.063751,
        "arm_h-9-03": 0.012413,
        "arm_sl1": 5.715002,
        "arm_gameoflife-oscillator": 17.891111,
        "arm_h-5-02": 9.152422,
        "arm_fft1": 6.820257,
        "arm_04_spmv2": 3.730189,
        "arm_sl2": 1.822861,
        "arm_gameoflife-p61glidergun": 21.944101,
        "arm_h-13-01": 0.948718,
        "arm_h-5-01": 10.312329,
        "arm_if-combine3": 50.012883,
        "arm_if-combine1": 0.159135,
        "arm_01_mm3": 5.857816,
        "arm_gameoflife-gosper": 24.364506,
        "arm_fft0": 3.604394,
        "arm_sort_search": 0.510821,
        "arm_h-14-01": 5.596934,
        "arm_h-2-01": 8.46683,
        "arm_h-9-02": 0.008685,
        "arm_h-9-01": 0.006994,
        "04_spmv3": 1.281193,
        "03_sort3": 3.060873,
        "04_spmv1": 4.626036,
        "matmul2": 2.917476,
        "gameoflife-oscillator": 21.361738,
        "large_loop_array_3": 2.856923,
        "01_mm3": 7.0115,
        "sl3": 1.071971,
        "transpose0": 5.112949,
        "03_sort1": 0.87821,
        "03_sort2": 18.355143,
        "shuffle2": 5.298522,
        "if-combine3": 48.705011,
        "transpose2": 14.759603,
        "shuffle1": 18.29157,
        "fft1": 9.604638,
        "large_loop_array_1": 3.186734,
        "transpose1": 5.462847,
        "shuffle0": 22.445055,
        "01_mm1": 9.24867,
        "large_loop_array_2": 5.988136,
        "01_mm2": 11.530044,
        "04_spmv2": 10.677284,
        "recursive_call_3": 0.006919,
        "gameoflife-p61glidergun": 20.19495,
        "if-combine1": 22.682131,
        "matmul3": 1.799371,
        "fft0": 3.038844,
        "fft2": 6.563059,
        "recursive_call_2": 0.003067,
        "gameoflife-gosper": 20.293407,
        "sl1": 4.001283,
        "matmul1": 1.686525,
        "recursive_call_1": 0.005392,
        "if-combine2": 23.693603,
        "sl2": 1.497512
    }
}