{
    "commit": "ce0f1e19ea52255b0c1d566586ec95cfcccb8ff5",
    "author": "GitHub Action",
    "timestamp": "2025-07-25T06:29:47Z",
    "message": "Merge branch 'iropt'",
    "results": {
        "2024-DCV-7": 8.085404,
        "2024-H17-1": 5.954163,
        "2024-FVJ-15": 8.310275,
        "2024-7UJ-12": 0.006521,
        "2024-C64-14": 7.005636,
        "2024-KVV-20": 2.271568,
        "2024-FAF-19": 27.862963,
        "2024-NT1-4": 0.008978,
        "2024-CH6-24": 0.443383,
        "2024-NKK-22": 0.97215,
        "2024-LN4-9": 7.454913,
        "2024-VTF-5": 4.032121,
        "2024-I4W-2": 0.008412,
        "2024-2KM-21": 4.982728,
        "2024-MXP-16": 6.947647,
        "2024-U03-25": 130.933474,
        "2024-0ZE-13": 4.800868,
        "2024-BAV-3": 272.873603,
        "2024-931-6": 2.098101,
        "2024-PKP-8": 4.612042,
        "2024-NCY-23": 41.400935,
        "2024-JVU-10": 57.611917,
        "2024-1WO-11": 5.726492,
        "2024-K0I-17": 12.93424,
        "2024-8NL-18": 7.696757,
        "2024-VGH-20": 14.33612,
        "2024-FQX-25": 6.58318,
        "2024-5NG-2": 35.548098,
        "2024-BE3-31": 5.900943,
        "2024-FI8-9": 2.749532,
        "2024-PCT-14": 4.125911,
        "2024-IG5-12": 25.274072,
        "2024-JR2-21": 3.487071,
        "2024-LW8-7": 18.5501,
        "2024-CH1-5": 0.90655,
        "2024-84M-11": 6.59999,
        "2024-VRT-1": 4.718165,
        "2024-2D0-22": 0.925525,
        "2024-1RK-26": 6.841512,
        "2024-Y60-18": 3.002461,
        "2024-AZ7-32": 32.202725,
        "2024-TBR-19": 52.021808,
        "2024-U7D-6": 7.421568,
        "2024-QV9-34": 25.952773,
        "2024-51P-30": 71.090454,
        "2024-K22-4": 9.119854,
        "2024-OBF-29": 10.77374,
        "2024-XRB-24": 1.979148,
        "2024-T6G-27": 6.937299,
        "2024-BJV-10": 7.725379,
        "2024-X7M-3": 21.636842,
        "2024-ETJ-33": 5.842313,
        "2024-XU5-13": 4.424045,
        "2024-V6O-23": 35.298528,
        "2024-Z3A-28": 8.203865,
        "2024-I9Y-15": 1.993399,
        "2024-5HA-8": 18.889099,
        "2024-U7W-16": 6.959549,
        "2024-PAF-17": 6.378268,
        "rv_sort_search": 0.508166,
        "rv_transpose1": 0.032164,
        "rv_h-4-02": 0.000178,
        "rv_matmul1": 0.060525,
        "rv_h-9-01": 0.009997,
        "rv_crypto-3": 0.073674,
        "rv_sl2": 0.413059,
        "rv_h-8-03": 2.5e-05,
        "rv_h-9-02": 0.00846,
        "rv_h-8-01": 1.6e-05,
        "rv_h-4-03": 0.172893,
        "rv_matmul3": 0.058437,
        "rv_h-9-03": 0.006664,
        "rv_h-10-01": 0.053648,
        "rv_shuffle2": 0.250632,
        "rv_h-5-03": 1.3e-05,
        "rv_fft1": 7.159936,
        "rv_03_sort3": 0.116953,
        "rv_h-5-01": 3.3e-05,
        "rv_transpose0": 0.023056,
        "rv_gameoflife-oscillator": 0.153845,
        "rv_01_mm3": 0.065403,
        "rv_h-11-02": 0.001138,
        "rv_if-combine1": 0.001248,
        "rv_if-combine2": 0.286167,
        "rv_sl3": 0.01727,
        "rv_shuffle1": 0.665751,
        "rv_h-2-01": 0.134159,
        "rv_04_spmv2": 0.005069,
        "rv_gameoflife-gosper": 0.000156,
        "rv_if-combine3": 0.77195,
        "rv_matmul2": 0.197271,
        "rv_04_spmv3": 0.093963,
        "rv_h-2-02": 0.143385,
        "rv_h-11-01": 0.00117,
        "rv_shuffle0": 0.035975,
        "rv_gameoflife-p61glidergun": 0.185021,
        "rv_h-7-01": 0.006164,
        "rv_04_spmv1": 0.188033,
        "rv_03_sort2": 14.232371,
        "rv_h-10-03": 0.536903,
        "rv_01_mm2": 0.13078,
        "rv_crypto-1": 0.17282,
        "rv_fft2": 0.014211,
        "rv_transpose2": 0.40929,
        "rv_crypto-2": 0.148953,
        "rv_01_mm1": 0.038508,
        "rv_h-4-01": 0.014267,
        "rv_h-5-02": 1.2e-05,
        "rv_h-2-03": 0.186806,
        "rv_h-10-02": 0.077155,
        "rv_h-11-03": 0.007468,
        "rv_h-8-02": 1.2e-05,
        "rv_sl1": 0.141323,
        "h-2-03": 6.938857,
        "h-8-01": 4.212852,
        "h-8-02": 4.056873,
        "h-8-03": 3.771655,
        "h-4-02": 7.388197,
        "h-7-01": 0.395683,
        "h-2-01": 5.677569,
        "h-4-03": 13.396891,
        "h-3-02": 3.197698,
        "h-6-01": 2.979659,
        "h-5-02": 7.44675,
        "h-5-03": 7.272715,
        "h-6-02": 4.466955,
        "h-6-03": 6.131106,
        "h-5-01": 6.432885,
        "h-1-02": 4.829678,
        "h-2-02": 5.667919,
        "h-4-01": 2.081026,
        "h-1-01": 64.147753,
        "h-1-03": 29.761653,
        "h-3-03": 4.6114,
        "h-3-01": 4.605733,
        "arm_h-7-01": 0.395418,
        "arm_h-1-03": 31.047956,
        "arm_fft2": 0.013937,
        "arm_matmul1": 4.385221,
        "arm_shuffle2": 0.14848,
        "arm_h-8-02": 3.467194,
        "arm_03_sort1": 0.824375,
        "arm_shuffle0": 6.171573,
        "arm_crypto-3": 1.749375,
        "arm_h-4-03": 14.164191,
        "arm_crypto-2": 1.451112,
        "arm_transpose0": 3.454414,
        "arm_h-1-02": 5.704873,
        "arm_transpose1": 2.726981,
        "arm_h-2-03": 6.931135,
        "arm_04_spmv3": 0.856677,
        "arm_matmul2": 7.214728,
        "arm_transpose2": 17.728522,
        "arm_03_sort3": 0.120693,
        "arm_h-8-03": 5.304388,
        "arm_h-2-02": 6.589968,
        "arm_sl3": 1.09904,
        "arm_h-11-01": 232.38603,
        "arm_01_mm1": 6.74795,
        "arm_crypto-1": 1.801893,
        "arm_h-4-02": 8.398354,
        "arm_h-4-01": 2.084296,
        "arm_h-5-03": 10.542504,
        "arm_shuffle1": 20.149593,
        "arm_matmul3": 7.362625,
        "arm_03_sort2": 14.030309,
        "arm_h-8-01": 6.592878,
        "arm_04_spmv1": 7.643969,
        "arm_01_mm2": 7.08877,
        "arm_h-10-02": 27.266614,
        "arm_h-1-01": 63.841788,
        "arm_if-combine2": 30.612069,
        "arm_h-12-01": 2.949322,
        "arm_h-10-01": 0.064413,
        "arm_h-9-03": 0.012714,
        "arm_sl1": 6.37177,
        "arm_gameoflife-oscillator": 17.290832,
        "arm_h-5-02": 9.132323,
        "arm_fft1": 6.538928,
        "arm_04_spmv2": 4.173014,
        "arm_sl2": 1.669969,
        "arm_gameoflife-p61glidergun": 22.712198,
        "arm_h-13-01": 0.968594,
        "arm_h-5-01": 11.129055,
        "arm_if-combine3": 48.19959,
        "arm_if-combine1": 0.179513,
        "arm_01_mm3": 6.174547,
        "arm_gameoflife-gosper": 24.109294,
        "arm_fft0": 4.351871,
        "arm_sort_search": 0.62845,
        "arm_h-14-01": 5.169276,
        "arm_h-2-01": 7.011614,
        "arm_h-9-02": 0.018796,
        "arm_h-9-01": 0.012536,
        "04_spmv3": 1.143662,
        "03_sort3": 3.299293,
        "04_spmv1": 5.321186,
        "matmul2": 1.833936,
        "gameoflife-oscillator": 21.679151,
        "large_loop_array_3": 2.382517,
        "01_mm3": 6.555058,
        "sl3": 1.032787,
        "transpose0": 5.080481,
        "03_sort1": 0.842328,
        "03_sort2": 18.405807,
        "shuffle2": 5.050929,
        "if-combine3": 47.955485,
        "transpose2": 14.983312,
        "shuffle1": 16.928469,
        "fft1": 8.032595,
        "large_loop_array_1": 3.939623,
        "transpose1": 5.393438,
        "shuffle0": 24.519793,
        "01_mm1": 9.644648,
        "large_loop_array_2": 7.300281,
        "01_mm2": 8.944219,
        "04_spmv2": 7.68349,
        "recursive_call_3": 0.00303,
        "gameoflife-p61glidergun": 20.859617,
        "if-combine1": 23.03775,
        "matmul3": 1.944691,
        "fft0": 3.025152,
        "fft2": 6.333908,
        "recursive_call_2": 0.002105,
        "gameoflife-gosper": 20.673408,
        "sl1": 4.117048,
        "matmul1": 1.889473,
        "recursive_call_1": 0.002827,
        "if-combine2": 25.669037,
        "sl2": 1.532504
    }
}