{
    "commit": "dab7ee53e048bc8f15e843a1df7854a56a8ceb2d",
    "author": "GitHub Action",
    "timestamp": "2025-08-19T19:25:01Z",
    "message": "OJ: Fix InstSim and disable Sink in LICM.",
    "results": {
        "2024-DCV-7": 6.443096,
        "2024-H17-1": 5.679101,
        "2024-FVJ-15": 6.438663,
        "2024-7UJ-12": 0.49179,
        "2024-C64-14": 6.856205,
        "2024-KVV-20": 2.035872,
        "2024-FAF-19": 19.308136,
        "2024-NT1-4": 14.170274,
        "2024-CH6-24": 0.311462,
        "2024-NKK-22": 0.888138,
        "2024-LN4-9": 6.412777,
        "2024-VTF-5": 3.445669,
        "2024-I4W-2": 5.41445,
        "2024-2KM-21": 3.394322,
        "2024-MXP-16": 6.889191,
        "2024-U03-25": 13.21573,
        "2024-0ZE-13": 3.422515,
        "2024-BAV-3": 29.819944,
        "2024-931-6": 2.079516,
        "2024-PKP-8": 3.649093,
        "2024-NCY-23": 2.996205,
        "2024-JVU-10": 40.385124,
        "2024-1WO-11": 5.713322,
        "2024-K0I-17": 12.751313,
        "2024-8NL-18": 3.358934,
        "2024-VGH-20": 10.029832,
        "2024-FQX-25": 5.600859,
        "2024-5NG-2": 9.809386,
        "2024-BE3-31": 2.942038,
        "2024-FI8-9": 2.768638,
        "2024-PCT-14": 1.288724,
        "2024-IG5-12": 9.929558,
        "2024-JR2-21": 3.108264,
        "2024-LW8-7": 14.698309,
        "2024-CH1-5": 0.959772,
        "2024-84M-11": 3.508183,
        "2024-VRT-1": 6.959986,
        "2024-2D0-22": 1.59501,
        "2024-1RK-26": 5.69348,
        "2024-Y60-18": 1.921522,
        "2024-AZ7-32": 6.671679,
        "2024-TBR-19": 36.372203,
        "2024-U7D-6": 7.05722,
        "2024-QV9-34": 11.563643,
        "2024-51P-30": 10.867865,
        "2024-K22-4": 3.354783,
        "2024-OBF-29": 2.850654,
        "2024-XRB-24": 0.596199,
        "2024-T6G-27": 4.82647,
        "2024-BJV-10": 7.043205,
        "2024-X7M-3": 12.830604,
        "2024-ETJ-33": 2.316034,
        "2024-XU5-13": 2.747267,
        "2024-V6O-23": 4.44436,
        "2024-Z3A-28": 2.520037,
        "2024-I9Y-15": 2.50106,
        "2024-5HA-8": 11.208922,
        "2024-U7W-16": 5.920393,
        "2024-PAF-17": 4.991325,
        "rv_sort_search": 0.412133,
        "rv_transpose1": 0.024125,
        "rv_h-4-02": 4.7e-05,
        "rv_matmul1": 0.028333,
        "rv_h-9-01": 0.046898,
        "rv_crypto-3": 0.050406,
        "rv_sl2": 0.239044,
        "rv_h-8-03": 1.1e-05,
        "rv_h-9-02": 0.005602,
        "rv_h-8-01": 1.1e-05,
        "rv_h-4-03": 0.172123,
        "rv_matmul3": 0.055617,
        "rv_h-9-03": 0.000465,
        "rv_h-10-01": 0.005806,
        "rv_shuffle2": 0.147494,
        "rv_h-5-03": 9e-06,
        "rv_fft1": 5.919245,
        "rv_03_sort3": 0.129161,
        "rv_h-5-01": 1.9e-05,
        "rv_transpose0": 0.017723,
        "rv_gameoflife-oscillator": 0.101778,
        "rv_01_mm3": 0.09215,
        "rv_h-11-02": 0.001159,
        "rv_if-combine1": 0.000528,
        "rv_if-combine2": 0.068106,
        "rv_sl3": 0.020244,
        "rv_shuffle1": 0.362815,
        "rv_h-2-01": 0.137525,
        "rv_04_spmv2": 0.006352,
        "rv_gameoflife-gosper": 0.000429,
        "rv_if-combine3": 0.110393,
        "rv_matmul2": 0.101767,
        "rv_04_spmv3": 0.158343,
        "rv_h-2-02": 0.146518,
        "rv_h-11-01": 0.001181,
        "rv_shuffle0": 0.020077,
        "rv_gameoflife-p61glidergun": 0.118816,
        "rv_h-7-01": 0.004309,
        "rv_04_spmv1": 0.147224,
        "rv_03_sort2": 14.543735,
        "rv_h-10-03": 0.026273,
        "rv_01_mm2": 0.120863,
        "rv_crypto-1": 0.122212,
        "rv_fft2": 0.015479,
        "rv_transpose2": 0.273,
        "rv_crypto-2": 0.086498,
        "rv_01_mm1": 0.039305,
        "rv_h-4-01": 0.014581,
        "rv_h-5-02": 1e-05,
        "rv_h-2-03": 0.204157,
        "rv_h-10-02": 0.013469,
        "rv_h-11-03": 0.006566,
        "rv_h-8-02": 1.1e-05,
        "rv_sl1": 0.123517,
        "h-2-03": 6.899886,
        "h-8-01": 3.525909,
        "h-8-02": 3.615796,
        "h-8-03": 3.407595,
        "h-4-02": 6.891296,
        "h-7-01": 0.314543,
        "h-2-01": 5.726696,
        "h-4-03": 12.764656,
        "h-3-02": 3.020475,
        "h-6-01": 3.0487,
        "h-5-02": 6.406647,
        "h-5-03": 6.342355,
        "h-6-02": 4.505958,
        "h-6-03": 6.005548,
        "h-5-01": 6.29122,
        "h-1-02": 3.4615,
        "h-2-02": 5.824637,
        "h-4-01": 2.081599,
        "h-1-01": 39.539204,
        "h-1-03": 18.911751,
        "h-3-03": 3.000041,
        "h-3-01": 3.010007,
        "arm_h-7-01": 0.31214,
        "arm_h-1-03": 18.909736,
        "arm_fft2": 0.01625,
        "arm_matmul1": 7.232485,
        "arm_shuffle2": 0.149517,
        "arm_h-8-02": 3.577814,
        "arm_03_sort1": 0.973163,
        "arm_shuffle0": 6.036089,
        "arm_crypto-3": 1.264358,
        "arm_h-4-03": 12.749785,
        "arm_crypto-2": 0.959119,
        "arm_transpose0": 2.905204,
        "arm_h-1-02": 3.464904,
        "arm_transpose1": 2.335567,
        "arm_h-2-03": 7.216741,
        "arm_04_spmv3": 1.602342,
        "arm_matmul2": 6.944282,
        "arm_transpose2": 10.111104,
        "arm_03_sort3": 0.131926,
        "arm_h-8-03": 3.427269,
        "arm_h-2-02": 5.676751,
        "arm_sl3": 0.600982,
        "arm_h-11-01": 30.241586,
        "arm_01_mm1": 5.222985,
        "arm_crypto-1": 1.164299,
        "arm_h-4-02": 6.89846,
        "arm_h-4-01": 2.079659,
        "arm_h-5-03": 6.367407,
        "arm_shuffle1": 9.714594,
        "arm_matmul3": 6.980331,
        "arm_03_sort2": 14.689208,
        "arm_h-8-01": 3.394506,
        "arm_04_spmv1": 2.916732,
        "arm_01_mm2": 4.248134,
        "arm_h-10-02": 2.701123,
        "arm_h-1-01": 39.536513,
        "arm_if-combine2": 6.492996,
        "arm_h-12-01": 2.038007,
        "arm_h-10-01": 0.00551,
        "arm_h-9-03": 0.11724,
        "arm_sl1": 3.348931,
        "arm_gameoflife-oscillator": 11.334162,
        "arm_h-5-02": 6.276717,
        "arm_fft1": 5.918004,
        "arm_04_spmv2": 1.975079,
        "arm_sl2": 1.296018,
        "arm_gameoflife-p61glidergun": 11.559289,
        "arm_h-13-01": 0.889212,
        "arm_h-5-01": 6.462133,
        "arm_if-combine3": 10.866489,
        "arm_if-combine1": 0.023129,
        "arm_01_mm3": 3.289315,
        "arm_gameoflife-gosper": 12.837024,
        "arm_fft0": 2.747933,
        "arm_sort_search": 0.392944,
        "arm_h-14-01": 3.650636,
        "arm_h-2-01": 5.745614,
        "arm_h-9-02": 5.413937,
        "arm_h-9-01": 0.490498,
        "04_spmv3": 1.630653,
        "03_sort3": 2.808992,
        "04_spmv1": 2.986761,
        "matmul2": 5.336941,
        "gameoflife-oscillator": 11.342591,
        "large_loop_array_3": 2.501283,
        "01_mm3": 3.425285,
        "sl3": 0.59208,
        "transpose0": 2.813963,
        "03_sort1": 0.958285,
        "03_sort2": 14.689045,
        "shuffle2": 2.614143,
        "if-combine3": 10.891774,
        "transpose2": 10.147294,
        "shuffle1": 8.991959,
        "fft1": 5.930039,
        "large_loop_array_1": 3.255443,
        "transpose1": 2.411923,
        "shuffle0": 10.258116,
        "01_mm1": 4.591996,
        "large_loop_array_2": 5.683127,
        "01_mm2": 4.582033,
        "04_spmv2": 2.037302,
        "recursive_call_3": 8.274994,
        "gameoflife-p61glidergun": 11.616801,
        "if-combine1": 4.400819,
        "matmul3": 5.623054,
        "fft0": 2.75495,
        "fft2": 5.701596,
        "recursive_call_2": 4.143344,
        "gameoflife-gosper": 12.674644,
        "sl1": 3.386985,
        "matmul1": 5.298909,
        "recursive_call_1": 16.550462,
        "if-combine2": 6.476814,
        "sl2": 1.300423
    }
}