{
    "commit": "dc3d7d67dbc2086c8992070a8e07c627307aaf57",
    "author": "GitHub Action",
    "timestamp": "2025-08-08T12:25:01Z",
    "message": "Merge branch 'backendv3.0'",
    "results": {
        "2024-DCV-7": 6.169508,
        "2024-H17-1": 9.614371,
        "2024-FVJ-15": 6.181668,
        "2024-7UJ-12": 0.008058,
        "2024-C64-14": 11.800721,
        "2024-KVV-20": 2.02519,
        "2024-FAF-19": 13.81052,
        "2024-NT1-4": 0.00919,
        "2024-CH6-24": 0.311588,
        "2024-NKK-22": 0.886057,
        "2024-LN4-9": 6.146539,
        "2024-VTF-5": 3.252118,
        "2024-I4W-2": 0.008233,
        "2024-2KM-21": 2.591412,
        "2024-MXP-16": 6.896611,
        "2024-U03-25": 0.749007,
        "2024-0ZE-13": 3.296783,
        "2024-BAV-3": 1.657473,
        "2024-931-6": 2.081554,
        "2024-PKP-8": 3.625727,
        "2024-NCY-23": 0.251956,
        "2024-JVU-10": 30.267617,
        "2024-1WO-11": 9.917842,
        "2024-K0I-17": 12.762182,
        "2024-8NL-18": 3.271591,
        "2024-VGH-20": 7.327082,
        "2024-FQX-25": 8.029137,
        "2024-5NG-2": 8.919973,
        "2024-BE3-31": 2.289329,
        "2024-FI8-9": 2.275515,
        "2024-PCT-14": 1.204587,
        "2024-IG5-12": 10.039176,
        "2024-JR2-21": 3.971992,
        "2024-LW8-7": 13.142519,
        "2024-CH1-5": 0.748865,
        "2024-84M-11": 2.421499,
        "2024-VRT-1": 1.513989,
        "2024-2D0-22": 0.963915,
        "2024-1RK-26": 5.610948,
        "2024-Y60-18": 1.6899,
        "2024-AZ7-32": 2.172902,
        "2024-TBR-19": 35.740034,
        "2024-U7D-6": 1.517261,
        "2024-QV9-34": 7.081531,
        "2024-51P-30": 3.623712,
        "2024-K22-4": 3.196012,
        "2024-OBF-29": 2.834221,
        "2024-XRB-24": 0.549656,
        "2024-T6G-27": 3.665106,
        "2024-BJV-10": 1.515021,
        "2024-X7M-3": 7.436656,
        "2024-ETJ-33": 2.33589,
        "2024-XU5-13": 2.700729,
        "2024-V6O-23": 1.452478,
        "2024-Z3A-28": 3.018681,
        "2024-I9Y-15": 3.202728,
        "2024-5HA-8": 6.677243,
        "2024-U7W-16": 5.832924,
        "2024-PAF-17": 4.119096,
        "rv_sort_search": 0.421541,
        "rv_transpose1": 0.026318,
        "rv_h-4-02": 3.9e-05,
        "rv_matmul1": 0.011701,
        "rv_h-9-01": 0.005719,
        "rv_crypto-3": 0.068967,
        "rv_sl2": 0.228211,
        "rv_h-8-03": 1.3e-05,
        "rv_h-9-02": 0.004965,
        "rv_h-8-01": 1.2e-05,
        "rv_h-4-03": 0.170905,
        "rv_matmul3": 0.023305,
        "rv_h-9-03": 0.004731,
        "rv_h-10-01": 0.002356,
        "rv_shuffle2": 0.138634,
        "rv_h-5-03": 1.1e-05,
        "rv_fft1": 5.814429,
        "rv_03_sort3": 0.106274,
        "rv_h-5-01": 1.8e-05,
        "rv_transpose0": 0.015899,
        "rv_gameoflife-oscillator": 0.059937,
        "rv_01_mm3": 0.046923,
        "rv_h-11-02": 0.001094,
        "rv_if-combine1": 0.000482,
        "rv_if-combine2": 0.024237,
        "rv_sl3": 0.019143,
        "rv_shuffle1": 0.334881,
        "rv_h-2-01": 0.170208,
        "rv_04_spmv2": 0.003986,
        "rv_gameoflife-gosper": 8.4e-05,
        "rv_if-combine3": 0.038609,
        "rv_matmul2": 0.039963,
        "rv_04_spmv3": 0.090127,
        "rv_h-2-02": 0.164826,
        "rv_h-11-01": 0.00112,
        "rv_shuffle0": 0.027507,
        "rv_gameoflife-p61glidergun": 0.073367,
        "rv_h-7-01": 0.003941,
        "rv_04_spmv1": 0.129769,
        "rv_03_sort2": 12.989333,
        "rv_h-10-03": 0.007666,
        "rv_01_mm2": 0.073176,
        "rv_crypto-1": 0.164277,
        "rv_fft2": 0.016398,
        "rv_transpose2": 0.309672,
        "rv_crypto-2": 0.112483,
        "rv_01_mm1": 0.022177,
        "rv_h-4-01": 0.015261,
        "rv_h-5-02": 1e-05,
        "rv_h-2-03": 0.240503,
        "rv_h-10-02": 0.004399,
        "rv_h-11-03": 0.006516,
        "rv_h-8-02": 1.2e-05,
        "rv_sl1": 0.113439,
        "h-2-03": 11.69455,
        "h-8-01": 3.330987,
        "h-8-02": 3.231908,
        "h-8-03": 3.21856,
        "h-4-02": 6.902163,
        "h-7-01": 0.314338,
        "h-2-01": 9.911782,
        "h-4-03": 12.762742,
        "h-3-02": 3.008925,
        "h-6-01": 2.827615,
        "h-5-02": 6.176542,
        "h-5-03": 6.128639,
        "h-6-02": 4.233842,
        "h-6-03": 5.646008,
        "h-5-01": 6.221852,
        "h-1-02": 2.476536,
        "h-2-02": 9.584328,
        "h-4-01": 2.080601,
        "h-1-01": 28.898304,
        "h-1-03": 13.812867,
        "h-3-03": 3.004339,
        "h-3-01": 3.004323,
        "arm_h-7-01": 0.311316,
        "arm_h-1-03": 14.472137,
        "arm_fft2": 0.015209,
        "arm_matmul1": 1.516177,
        "arm_shuffle2": 0.136211,
        "arm_h-8-02": 3.229436,
        "arm_03_sort1": 0.749381,
        "arm_shuffle0": 5.212956,
        "arm_crypto-3": 1.68108,
        "arm_h-4-03": 12.761116,
        "arm_crypto-2": 1.30001,
        "arm_transpose0": 2.825043,
        "arm_h-1-02": 2.474488,
        "arm_transpose1": 2.156052,
        "arm_h-2-03": 11.797822,
        "arm_04_spmv3": 0.966736,
        "arm_matmul2": 1.495352,
        "arm_transpose2": 10.043621,
        "arm_03_sort3": 0.10562,
        "arm_h-8-03": 3.338702,
        "arm_h-2-02": 9.616135,
        "arm_sl3": 0.557208,
        "arm_h-11-01": 1.68036,
        "arm_01_mm1": 4.872805,
        "arm_crypto-1": 1.589033,
        "arm_h-4-02": 6.903088,
        "arm_h-4-01": 2.083096,
        "arm_h-5-03": 6.180597,
        "arm_shuffle1": 9.342966,
        "arm_matmul3": 1.512692,
        "arm_03_sort2": 13.312757,
        "arm_h-8-01": 3.285555,
        "arm_04_spmv1": 2.244102,
        "arm_01_mm2": 3.28442,
        "arm_h-10-02": 0.246321,
        "arm_h-1-01": 28.895565,
        "arm_if-combine2": 2.172355,
        "arm_h-12-01": 2.018345,
        "arm_h-10-01": 0.002629,
        "arm_h-9-03": 0.006986,
        "arm_sl1": 3.137356,
        "arm_gameoflife-oscillator": 6.821685,
        "arm_h-5-02": 6.119871,
        "arm_fft1": 5.834144,
        "arm_04_spmv2": 1.608029,
        "arm_sl2": 1.205976,
        "arm_gameoflife-p61glidergun": 6.963061,
        "arm_h-13-01": 0.888348,
        "arm_h-5-01": 6.157653,
        "arm_if-combine3": 3.618728,
        "arm_if-combine1": 0.008555,
        "arm_01_mm3": 2.605145,
        "arm_gameoflife-gosper": 7.498323,
        "arm_fft0": 2.713911,
        "arm_sort_search": 0.398188,
        "arm_h-14-01": 3.637551,
        "arm_h-2-01": 9.845904,
        "arm_h-9-02": 0.010499,
        "arm_h-9-01": 0.007674,
        "04_spmv3": 0.912623,
        "03_sort3": 2.267933,
        "04_spmv1": 2.235391,
        "matmul2": 0.908395,
        "gameoflife-oscillator": 6.675793,
        "large_loop_array_3": 3.195293,
        "01_mm3": 2.546619,
        "sl3": 0.546187,
        "transpose0": 2.855895,
        "03_sort1": 0.739863,
        "03_sort2": 13.327356,
        "shuffle2": 2.482574,
        "if-combine3": 3.630371,
        "transpose2": 10.120102,
        "shuffle1": 8.83969,
        "fft1": 5.817756,
        "large_loop_array_1": 3.975039,
        "transpose1": 2.180891,
        "shuffle0": 5.611009,
        "01_mm1": 3.985696,
        "large_loop_array_2": 8.009653,
        "01_mm2": 3.389424,
        "04_spmv2": 1.596591,
        "recursive_call_3": 0.002711,
        "gameoflife-p61glidergun": 7.271576,
        "if-combine1": 1.453498,
        "matmul3": 0.90876,
        "fft0": 2.712697,
        "fft2": 5.602408,
        "recursive_call_2": 0.00264,
        "gameoflife-gosper": 7.487747,
        "sl1": 3.131561,
        "matmul1": 0.900866,
        "recursive_call_1": 0.003244,
        "if-combine2": 2.180245,
        "sl2": 1.196549
    }
}