{
    "commit": "ef2f9715f2318bfc954d3fcacad03f5475c81165",
    "author": "GitHub Action",
    "timestamp": "2025-08-19T08:39:05Z",
    "message": "MIR: cancel modify on vector fma",
    "results": {
        "2024-DCV-7": 6.135519,
        "2024-H17-1": 6.030154,
        "2024-FVJ-15": 6.147596,
        "2024-7UJ-12": 0.00716,
        "2024-C64-14": 7.097783,
        "2024-KVV-20": 2.038912,
        "2024-FAF-19": 13.811494,
        "2024-NT1-4": 0.009923,
        "2024-CH6-24": 0.311703,
        "2024-NKK-22": 0.888599,
        "2024-LN4-9": 6.158156,
        "2024-VTF-5": 3.431115,
        "2024-I4W-2": 0.008139,
        "2024-2KM-21": 2.473128,
        "2024-MXP-16": 7.121765,
        "2024-U03-25": 0.389904,
        "2024-0ZE-13": 3.492835,
        "2024-BAV-3": 0.856843,
        "2024-931-6": 2.151396,
        "2024-PKP-8": 3.644925,
        "2024-NCY-23": 0.132406,
        "2024-JVU-10": 30.268111,
        "2024-1WO-11": 5.927874,
        "2024-K0I-17": 13.174988,
        "2024-8NL-18": 3.385337,
        "2024-VGH-20": 5.428925,
        "2024-FQX-25": 4.51925,
        "2024-5NG-2": 8.817636,
        "2024-BE3-31": 2.081315,
        "2024-FI8-9": 1.153461,
        "2024-PCT-14": 1.225063,
        "2024-IG5-12": 9.909775,
        "2024-JR2-21": 2.252989,
        "2024-LW8-7": 6.314926,
        "2024-CH1-5": 0.53919,
        "2024-84M-11": 2.872937,
        "2024-VRT-1": 1.490028,
        "2024-2D0-22": 0.673026,
        "2024-1RK-26": 5.588682,
        "2024-Y60-18": 1.444983,
        "2024-AZ7-32": 2.198074,
        "2024-TBR-19": 35.732265,
        "2024-U7D-6": 1.481447,
        "2024-QV9-34": 7.075327,
        "2024-51P-30": 3.653431,
        "2024-K22-4": 3.164162,
        "2024-OBF-29": 2.781273,
        "2024-XRB-24": 0.560939,
        "2024-T6G-27": 3.969417,
        "2024-BJV-10": 1.529792,
        "2024-X7M-3": 7.477225,
        "2024-ETJ-33": 2.409393,
        "2024-XU5-13": 2.698142,
        "2024-V6O-23": 1.450266,
        "2024-Z3A-28": 2.510949,
        "2024-I9Y-15": 1.814837,
        "2024-5HA-8": 6.661196,
        "2024-U7W-16": 5.811923,
        "2024-PAF-17": 4.227629,
        "rv_sort_search": 0.424298,
        "rv_transpose1": 0.023767,
        "rv_h-4-02": 4.3e-05,
        "rv_matmul1": 0.012706,
        "rv_h-9-01": 0.005883,
        "rv_crypto-3": 0.052975,
        "rv_sl2": 0.23172,
        "rv_h-8-03": 1.3e-05,
        "rv_h-9-02": 0.006181,
        "rv_h-8-01": 1.2e-05,
        "rv_h-4-03": 0.178254,
        "rv_matmul3": 0.023277,
        "rv_h-9-03": 0.005455,
        "rv_h-10-01": 0.001924,
        "rv_shuffle2": 0.146476,
        "rv_h-5-03": 1e-05,
        "rv_fft1": 5.849199,
        "rv_03_sort3": 0.06332,
        "rv_h-5-01": 1.9e-05,
        "rv_transpose0": 0.016032,
        "rv_gameoflife-oscillator": 0.061587,
        "rv_01_mm3": 0.046719,
        "rv_h-11-02": 0.00114,
        "rv_if-combine1": 0.000943,
        "rv_if-combine2": 0.02426,
        "rv_sl3": 0.017883,
        "rv_shuffle1": 0.355758,
        "rv_h-2-01": 0.108299,
        "rv_04_spmv2": 0.003987,
        "rv_gameoflife-gosper": 0.000202,
        "rv_if-combine3": 0.039862,
        "rv_matmul2": 0.040346,
        "rv_04_spmv3": 0.067648,
        "rv_h-2-02": 0.097629,
        "rv_h-11-01": 0.001175,
        "rv_shuffle0": 0.026569,
        "rv_gameoflife-p61glidergun": 0.075918,
        "rv_h-7-01": 0.0044,
        "rv_04_spmv1": 0.104546,
        "rv_03_sort2": 6.227438,
        "rv_h-10-03": 0.00457,
        "rv_01_mm2": 0.070658,
        "rv_crypto-1": 0.126106,
        "rv_fft2": 0.014288,
        "rv_transpose2": 0.270588,
        "rv_crypto-2": 0.088042,
        "rv_01_mm1": 0.022021,
        "rv_h-4-01": 0.012924,
        "rv_h-5-02": 1.1e-05,
        "rv_h-2-03": 0.153248,
        "rv_h-10-02": 0.002728,
        "rv_h-11-03": 0.00661,
        "rv_h-8-02": 1.3e-05,
        "rv_sl1": 0.117586,
        "h-2-03": 7.106974,
        "h-8-01": 3.469792,
        "h-8-02": 3.292461,
        "h-8-03": 3.325199,
        "h-4-02": 7.121727,
        "h-7-01": 0.314744,
        "h-2-01": 5.92049,
        "h-4-03": 13.172424,
        "h-3-02": 3.003935,
        "h-6-01": 2.823903,
        "h-5-02": 6.226683,
        "h-5-03": 6.053863,
        "h-6-02": 4.235125,
        "h-6-03": 5.644629,
        "h-5-01": 6.051334,
        "h-1-02": 2.590384,
        "h-2-02": 5.899945,
        "h-4-01": 2.147966,
        "h-1-01": 30.272285,
        "h-1-03": 13.806164,
        "h-3-03": 3.003541,
        "h-3-01": 3.009251,
        "arm_h-7-01": 0.311314,
        "arm_h-1-03": 14.479708,
        "arm_fft2": 0.016088,
        "arm_matmul1": 1.532406,
        "arm_shuffle2": 0.144098,
        "arm_h-8-02": 3.326872,
        "arm_03_sort1": 0.5389,
        "arm_shuffle0": 5.357572,
        "arm_crypto-3": 1.307424,
        "arm_h-4-03": 13.17284,
        "arm_crypto-2": 0.984154,
        "arm_transpose0": 2.762509,
        "arm_h-1-02": 2.587815,
        "arm_transpose1": 2.146794,
        "arm_h-2-03": 7.096971,
        "arm_04_spmv3": 0.676382,
        "arm_matmul2": 1.532698,
        "arm_transpose2": 10.161667,
        "arm_03_sort3": 0.063857,
        "arm_h-8-03": 3.376489,
        "arm_h-2-02": 6.027144,
        "arm_sl3": 0.574281,
        "arm_h-11-01": 0.861561,
        "arm_01_mm1": 4.388083,
        "arm_crypto-1": 1.20012,
        "arm_h-4-02": 7.130451,
        "arm_h-4-01": 2.147193,
        "arm_h-5-03": 6.068283,
        "arm_shuffle1": 9.745917,
        "arm_matmul3": 1.489489,
        "arm_03_sort2": 6.241235,
        "arm_h-8-01": 3.366147,
        "arm_04_spmv1": 2.097848,
        "arm_01_mm2": 4.261961,
        "arm_h-10-02": 0.129104,
        "arm_h-1-01": 28.878263,
        "arm_if-combine2": 2.173312,
        "arm_h-12-01": 2.03133,
        "arm_h-10-01": 0.001862,
        "arm_h-9-03": 0.006934,
        "arm_sl1": 3.188673,
        "arm_gameoflife-oscillator": 6.748733,
        "arm_h-5-02": 6.157674,
        "arm_fft1": 5.814253,
        "arm_04_spmv2": 1.477488,
        "arm_sl2": 1.235676,
        "arm_gameoflife-p61glidergun": 7.009407,
        "arm_h-13-01": 0.886781,
        "arm_h-5-01": 6.102129,
        "arm_if-combine3": 3.62218,
        "arm_if-combine1": 0.009329,
        "arm_01_mm3": 2.592311,
        "arm_gameoflife-gosper": 7.547549,
        "arm_fft0": 2.704157,
        "arm_sort_search": 0.393652,
        "arm_h-14-01": 3.642961,
        "arm_h-2-01": 5.909253,
        "arm_h-9-02": 0.009848,
        "arm_h-9-01": 0.00791,
        "04_spmv3": 0.674131,
        "03_sort3": 1.153091,
        "04_spmv1": 2.075124,
        "matmul2": 0.903444,
        "gameoflife-oscillator": 6.807565,
        "large_loop_array_3": 1.807568,
        "01_mm3": 2.785461,
        "sl3": 0.569791,
        "transpose0": 2.780658,
        "03_sort1": 0.537373,
        "03_sort2": 6.24249,
        "shuffle2": 2.596754,
        "if-combine3": 3.625871,
        "transpose2": 10.339933,
        "shuffle1": 9.778617,
        "fft1": 5.820845,
        "large_loop_array_1": 2.249329,
        "transpose1": 2.305407,
        "shuffle0": 9.763008,
        "01_mm1": 4.749347,
        "large_loop_array_2": 4.513245,
        "01_mm2": 4.178471,
        "04_spmv2": 1.401881,
        "recursive_call_3": 0.002581,
        "gameoflife-p61glidergun": 6.918172,
        "if-combine1": 1.453682,
        "matmul3": 0.901661,
        "fft0": 2.693389,
        "fft2": 5.59434,
        "recursive_call_2": 0.002093,
        "gameoflife-gosper": 7.343975,
        "sl1": 3.194011,
        "matmul1": 0.909615,
        "recursive_call_1": 0.002968,
        "if-combine2": 2.177419,
        "sl2": 1.234956
    }
}