{
    "commit": "efc936dbb6bdf87a9c013418b623c2b5bb678e3f",
    "author": "GitHub Action",
    "timestamp": "2025-07-25T07:49:28Z",
    "message": "CI: Disable multi-thread testing.",
    "results": {
        "2024-DCV-7": 6.453523,
        "2024-H17-1": 5.561615,
        "2024-FVJ-15": 6.416654,
        "2024-7UJ-12": 0.007456,
        "2024-C64-14": 6.64077,
        "2024-KVV-20": 2.063573,
        "2024-FAF-19": 26.650866,
        "2024-NT1-4": 0.008989,
        "2024-CH6-24": 0.311857,
        "2024-NKK-22": 0.970667,
        "2024-LN4-9": 6.446054,
        "2024-VTF-5": 3.467216,
        "2024-I4W-2": 0.009193,
        "2024-2KM-21": 4.753447,
        "2024-MXP-16": 6.896228,
        "2024-U03-25": 67.336602,
        "2024-0ZE-13": 3.413368,
        "2024-BAV-3": 159.053262,
        "2024-931-6": 2.081118,
        "2024-PKP-8": 3.686156,
        "2024-NCY-23": 16.344006,
        "2024-JVU-10": 55.527758,
        "2024-1WO-11": 5.566053,
        "2024-K0I-17": 12.762026,
        "2024-8NL-18": 3.469699,
        "2024-VGH-20": 5.279204,
        "2024-FQX-25": 4.483834,
        "2024-5NG-2": 8.784203,
        "2024-BE3-31": 2.71259,
        "2024-FI8-9": 2.322744,
        "2024-PCT-14": 1.222127,
        "2024-IG5-12": 10.451492,
        "2024-JR2-21": 2.198459,
        "2024-LW8-7": 13.849672,
        "2024-CH1-5": 0.826024,
        "2024-84M-11": 2.991189,
        "2024-VRT-1": 3.56902,
        "2024-2D0-22": 0.845261,
        "2024-1RK-26": 6.22848,
        "2024-Y60-18": 1.690955,
        "2024-AZ7-32": 24.14357,
        "2024-TBR-19": 38.111015,
        "2024-U7D-6": 3.568651,
        "2024-QV9-34": 17.305389,
        "2024-51P-30": 40.011803,
        "2024-K22-4": 3.229042,
        "2024-OBF-29": 2.89087,
        "2024-XRB-24": 0.552552,
        "2024-T6G-27": 4.540909,
        "2024-BJV-10": 3.570639,
        "2024-X7M-3": 18.781705,
        "2024-ETJ-33": 2.411375,
        "2024-XU5-13": 3.006747,
        "2024-V6O-23": 16.020953,
        "2024-Z3A-28": 3.038295,
        "2024-I9Y-15": 1.76895,
        "2024-5HA-8": 16.529823,
        "2024-U7W-16": 6.488633,
        "2024-PAF-17": 4.321335,
        "rv_sort_search": 0.457608,
        "rv_transpose1": 0.026238,
        "rv_h-4-02": 3.9e-05,
        "rv_matmul1": 0.028975,
        "rv_h-9-01": 0.006573,
        "rv_crypto-3": 0.068985,
        "rv_sl2": 0.233508,
        "rv_h-8-03": 1.3e-05,
        "rv_h-9-02": 0.006328,
        "rv_h-8-01": 1.3e-05,
        "rv_h-4-03": 0.170638,
        "rv_matmul3": 0.055635,
        "rv_h-9-03": 0.005322,
        "rv_h-10-01": 0.026904,
        "rv_shuffle2": 0.136465,
        "rv_h-5-03": 1.1e-05,
        "rv_fft1": 6.483234,
        "rv_03_sort3": 0.115278,
        "rv_h-5-01": 2e-05,
        "rv_transpose0": 0.014652,
        "rv_gameoflife-oscillator": 0.142691,
        "rv_01_mm3": 0.057289,
        "rv_h-11-02": 0.001108,
        "rv_if-combine1": 0.001229,
        "rv_if-combine2": 0.244559,
        "rv_sl3": 0.018973,
        "rv_shuffle1": 0.330792,
        "rv_h-2-01": 0.135925,
        "rv_04_spmv2": 0.003838,
        "rv_gameoflife-gosper": 0.000184,
        "rv_if-combine3": 0.404308,
        "rv_matmul2": 0.096427,
        "rv_04_spmv3": 0.084389,
        "rv_h-2-02": 0.14257,
        "rv_h-11-01": 0.001128,
        "rv_shuffle0": 0.025809,
        "rv_gameoflife-p61glidergun": 0.177554,
        "rv_h-7-01": 0.004307,
        "rv_04_spmv1": 0.136356,
        "rv_03_sort2": 13.853917,
        "rv_h-10-03": 0.668155,
        "rv_01_mm2": 0.101692,
        "rv_crypto-1": 0.179986,
        "rv_fft2": 0.016,
        "rv_transpose2": 0.344962,
        "rv_crypto-2": 0.116083,
        "rv_01_mm1": 0.026219,
        "rv_h-4-01": 0.013979,
        "rv_h-5-02": 1.1e-05,
        "rv_h-2-03": 0.185155,
        "rv_h-10-02": 0.151576,
        "rv_h-11-03": 0.00656,
        "rv_h-8-02": 1.3e-05,
        "rv_sl1": 0.120217,
        "h-2-03": 6.645198,
        "h-8-01": 3.476852,
        "h-8-02": 3.369932,
        "h-8-03": 3.390263,
        "h-4-02": 6.897201,
        "h-7-01": 0.314783,
        "h-2-01": 5.568135,
        "h-4-03": 12.762188,
        "h-3-02": 2.995499,
        "h-6-01": 2.969651,
        "h-5-02": 6.325727,
        "h-5-03": 6.319524,
        "h-6-02": 4.454197,
        "h-6-03": 5.916023,
        "h-5-01": 6.377885,
        "h-1-02": 4.756008,
        "h-2-02": 5.546387,
        "h-4-01": 2.080374,
        "h-1-01": 55.531478,
        "h-1-03": 26.544362,
        "h-3-03": 2.994081,
        "h-3-01": 3.010449,
        "arm_h-7-01": 0.311506,
        "arm_h-1-03": 26.539141,
        "arm_fft2": 0.017246,
        "arm_matmul1": 3.573158,
        "arm_shuffle2": 0.135502,
        "arm_h-8-02": 3.453484,
        "arm_03_sort1": 0.831365,
        "arm_shuffle0": 6.712347,
        "arm_crypto-3": 1.780223,
        "arm_h-4-03": 12.76368,
        "arm_crypto-2": 1.422734,
        "arm_transpose0": 2.851677,
        "arm_h-1-02": 4.754331,
        "arm_transpose1": 2.377471,
        "arm_h-2-03": 6.625861,
        "arm_04_spmv3": 0.845699,
        "arm_matmul2": 3.574374,
        "arm_transpose2": 10.372652,
        "arm_03_sort3": 0.115167,
        "arm_h-8-03": 3.440081,
        "arm_h-2-02": 5.573003,
        "arm_sl3": 0.563572,
        "arm_h-11-01": 151.635444,
        "arm_01_mm1": 4.243799,
        "arm_crypto-1": 1.718328,
        "arm_h-4-02": 6.895999,
        "arm_h-4-01": 2.081076,
        "arm_h-5-03": 6.421466,
        "arm_shuffle1": 8.815535,
        "arm_matmul3": 3.569129,
        "arm_03_sort2": 13.70822,
        "arm_h-8-01": 3.422765,
        "arm_04_spmv1": 2.723753,
        "arm_01_mm2": 3.882351,
        "arm_h-10-02": 15.657759,
        "arm_h-1-01": 55.581262,
        "arm_if-combine2": 24.13585,
        "arm_h-12-01": 2.065806,
        "arm_h-10-01": 0.025137,
        "arm_h-9-03": 0.007033,
        "arm_sl1": 3.28591,
        "arm_gameoflife-oscillator": 16.966503,
        "arm_h-5-02": 6.427534,
        "arm_fft1": 6.523785,
        "arm_04_spmv2": 1.68508,
        "arm_sl2": 1.227766,
        "arm_gameoflife-p61glidergun": 17.18846,
        "arm_h-13-01": 0.898917,
        "arm_h-5-01": 6.439552,
        "arm_if-combine3": 40.020883,
        "arm_if-combine1": 0.089386,
        "arm_01_mm3": 3.069318,
        "arm_gameoflife-gosper": 18.944603,
        "arm_fft0": 2.990446,
        "arm_sort_search": 0.426175,
        "arm_h-14-01": 3.667534,
        "arm_h-2-01": 5.581596,
        "arm_h-9-02": 0.008576,
        "arm_h-9-01": 0.00771,
        "04_spmv3": 0.844863,
        "03_sort3": 2.331574,
        "04_spmv1": 2.685051,
        "matmul2": 1.260903,
        "gameoflife-oscillator": 17.232353,
        "large_loop_array_3": 1.770368,
        "01_mm3": 3.063334,
        "sl3": 0.554105,
        "transpose0": 2.833004,
        "03_sort1": 0.830718,
        "03_sort2": 13.857201,
        "shuffle2": 2.8855,
        "if-combine3": 39.027474,
        "transpose2": 10.364867,
        "shuffle1": 9.236873,
        "fft1": 6.540859,
        "large_loop_array_1": 2.226588,
        "transpose1": 2.370219,
        "shuffle0": 9.333197,
        "01_mm1": 4.299308,
        "large_loop_array_2": 4.488401,
        "01_mm2": 4.169447,
        "04_spmv2": 1.652276,
        "recursive_call_3": 0.002215,
        "gameoflife-p61glidergun": 17.852899,
        "if-combine1": 21.209256,
        "matmul3": 1.256074,
        "fft0": 3.010459,
        "fft2": 6.27038,
        "recursive_call_2": 0.002863,
        "gameoflife-gosper": 18.677271,
        "sl1": 3.2798,
        "matmul1": 1.270848,
        "recursive_call_1": 0.003214,
        "if-combine2": 23.511398,
        "sl2": 1.223362
    }
}