{
    "commit": "efc936cbb6bdf87a9c013418b623c2b5bb678e3f",
    "author": "SH ZHAO",
    "timestamp": "2025-07-25T07:00:00Z",
    "message": "Test data.",
    "results": {
        "2024-DCV-7": 6.446615,
        "2024-H17-1": 5.541133,
        "2024-FVJ-15": 6.462882,
        "2024-7UJ-12": 0.007473,
        "2024-C64-14": 6.627127,
        "2024-KVV-20": 2.068277,
        "2024-FAF-19": 26.538825,
        "2024-NT1-4": 0.009649,
        "2024-CH6-24": 0.311706,
        "2024-NKK-22": 0.901671,
        "2024-LN4-9": 6.446688,
        "2024-VTF-5": 3.431262,
        "2024-I4W-2": 0.008762,
        "2024-2KM-21": 4.754747,
        "2024-MXP-16": 6.896792,
        "2024-U03-25": 63.295646,
        "2024-0ZE-13": 3.415618,
        "2024-BAV-3": 156.122284,
        "2024-931-6": 2.081736,
        "2024-PKP-8": 3.675536,
        "2024-NCY-23": 15.224942,
        "2024-JVU-10": 55.524311,
        "2024-1WO-11": 5.576413,
        "2024-K0I-17": 12.762861,
        "2024-8NL-18": 3.442576,
        "2024-VGH-20": 5.106266,
        "2024-FQX-25": 4.476698,
        "2024-5NG-2": 8.816382,
        "2024-BE3-31": 2.717156,
        "2024-FI8-9": 2.317418,
        "2024-PCT-14": 1.221104,
        "2024-IG5-12": 10.394032,
        "2024-JR2-21": 2.197039,
        "2024-LW8-7": 13.863916,
        "2024-CH1-5": 0.825916,
        "2024-84M-11": 3.016603,
        "2024-VRT-1": 3.568125,
        "2024-2D0-22": 0.844388,
        "2024-1RK-26": 6.22045,
        "2024-Y60-18": 1.676215,
        "2024-AZ7-32": 24.146475,
        "2024-TBR-19": 38.039335,
        "2024-U7D-6": 3.566764,
        "2024-QV9-34": 17.329007,
        "2024-51P-30": 39.861625,
        "2024-K22-4": 3.262536,
        "2024-OBF-29": 2.850287,
        "2024-XRB-24": 0.554054,
        "2024-T6G-27": 3.945592,
        "2024-BJV-10": 3.56336,
        "2024-X7M-3": 18.717153,
        "2024-ETJ-33": 2.376502,
        "2024-XU5-13": 3.009942,
        "2024-V6O-23": 16.022271,
        "2024-Z3A-28": 2.982001,
        "2024-I9Y-15": 1.766102,
        "2024-5HA-8": 16.531095,
        "2024-U7W-16": 6.487842,
        "2024-PAF-17": 4.289506,
        "rv_sort_search": 0.455631,
        "rv_transpose1": 0.024821,
        "rv_h-4-02": 3.9e-05,
        "rv_matmul1": 0.028563,
        "rv_h-9-01": 0.005631,
        "rv_crypto-3": 0.067091,
        "rv_sl2": 0.236267,
        "rv_h-8-03": 1.3e-05,
        "rv_h-9-02": 0.00561,
        "rv_h-8-01": 1.4e-05,
        "rv_h-4-03": 0.170963,
        "rv_matmul3": 0.055639,
        "rv_h-9-03": 0.005654,
        "rv_h-10-01": 0.026465,
        "rv_shuffle2": 0.136269,
        "rv_h-5-03": 1.1e-05,
        "rv_fft1": 6.481846,
        "rv_03_sort3": 0.115238,
        "rv_h-5-01": 2.1e-05,
        "rv_transpose0": 0.018069,
        "rv_gameoflife-oscillator": 0.142583,
        "rv_01_mm3": 0.056343,
        "rv_h-11-02": 0.001113,
        "rv_if-combine1": 0.001143,
        "rv_if-combine2": 0.245794,
        "rv_sl3": 0.01996,
        "rv_shuffle1": 0.335893,
        "rv_h-2-01": 0.136664,
        "rv_04_spmv2": 0.003616,
        "rv_gameoflife-gosper": 0.00023,
        "rv_if-combine3": 0.405972,
        "rv_matmul2": 0.096553,
        "rv_04_spmv3": 0.084503,
        "rv_h-2-02": 0.141841,
        "rv_h-11-01": 0.001137,
        "rv_shuffle0": 0.02012,
        "rv_gameoflife-p61glidergun": 0.177468,
        "rv_h-7-01": 0.003995,
        "rv_04_spmv1": 0.138152,
        "rv_03_sort2": 13.85326,
        "rv_h-10-03": 0.799782,
        "rv_01_mm2": 0.121602,
        "rv_crypto-1": 0.178657,
        "rv_fft2": 0.015534,
        "rv_transpose2": 0.346233,
        "rv_crypto-2": 0.117259,
        "rv_01_mm1": 0.024435,
        "rv_h-4-01": 0.013147,
        "rv_h-5-02": 1.2e-05,
        "rv_h-2-03": 0.186163,
        "rv_h-10-02": 0.086463,
        "rv_h-11-03": 0.006553,
        "rv_h-8-02": 1.3e-05,
        "rv_sl1": 0.121993,
        "h-2-03": 6.662069,
        "h-8-01": 3.391544,
        "h-8-02": 3.415997,
        "h-8-03": 3.414092,
        "h-4-02": 6.902759,
        "h-7-01": 0.314774,
        "h-2-01": 5.583006,
        "h-4-03": 12.761971,
        "h-3-02": 3.000064,
        "h-6-01": 2.971246,
        "h-5-02": 6.446639,
        "h-5-03": 6.290072,
        "h-6-02": 4.45423,
        "h-6-03": 5.914613,
        "h-5-01": 6.398462,
        "h-1-02": 4.754912,
        "h-2-02": 5.549359,
        "h-4-01": 2.083378,
        "h-1-01": 55.512375,
        "h-1-03": 26.535753,
        "h-3-03": 2.998405,
        "h-3-01": 3.002122,
        "arm_h-7-01": 0.311413,
        "arm_h-1-03": 26.544549,
        "arm_fft2": 0.017293,
        "arm_matmul1": 3.573687,
        "arm_shuffle2": 0.135619,
        "arm_h-8-02": 3.449151,
        "arm_03_sort1": 0.825265,
        "arm_shuffle0": 5.169483,
        "arm_crypto-3": 1.782512,
        "arm_h-4-03": 12.76114,
        "arm_crypto-2": 1.420356,
        "arm_transpose0": 2.851355,
        "arm_h-1-02": 4.754139,
        "arm_transpose1": 2.385459,
        "arm_h-2-03": 6.619052,
        "arm_04_spmv3": 0.845983,
        "arm_matmul2": 3.571954,
        "arm_transpose2": 10.412725,
        "arm_03_sort3": 0.115139,
        "arm_h-8-03": 3.448113,
        "arm_h-2-02": 5.543353,
        "arm_sl3": 0.555127,
        "arm_h-11-01": 141.094637,
        "arm_01_mm1": 4.256692,
        "arm_crypto-1": 1.718927,
        "arm_h-4-02": 6.896836,
        "arm_h-4-01": 2.081363,
        "arm_h-5-03": 6.431811,
        "arm_shuffle1": 9.743588,
        "arm_matmul3": 3.569178,
        "arm_03_sort2": 13.748075,
        "arm_h-8-01": 3.391238,
        "arm_04_spmv1": 2.72494,
        "arm_01_mm2": 3.965621,
        "arm_h-10-02": 14.80448,
        "arm_h-1-01": 55.519424,
        "arm_if-combine2": 24.156534,
        "arm_h-12-01": 2.063227,
        "arm_h-10-01": 0.026363,
        "arm_h-9-03": 0.006594,
        "arm_sl1": 3.27306,
        "arm_gameoflife-oscillator": 16.92614,
        "arm_h-5-02": 6.349743,
        "arm_fft1": 6.51246,
        "arm_04_spmv2": 1.702702,
        "arm_sl2": 1.216929,
        "arm_gameoflife-p61glidergun": 17.294418,
        "arm_h-13-01": 0.903857,
        "arm_h-5-01": 6.429954,
        "arm_if-combine3": 40.06561,
        "arm_if-combine1": 0.087948,
        "arm_01_mm3": 2.912719,
        "arm_gameoflife-gosper": 19.132326,
        "arm_fft0": 2.990672,
        "arm_sort_search": 0.424492,
        "arm_h-14-01": 3.676254,
        "arm_h-2-01": 5.595378,
        "arm_h-9-02": 0.009739,
        "arm_h-9-01": 0.007444,
        "04_spmv3": 0.856176,
        "03_sort3": 2.33016,
        "04_spmv1": 2.67757,
        "matmul2": 1.277223,
        "gameoflife-oscillator": 17.368888,
        "large_loop_array_3": 1.768661,
        "01_mm3": 2.847862,
        "sl3": 0.551408,
        "transpose0": 2.836285,
        "03_sort1": 0.830192,
        "03_sort2": 13.858416,
        "shuffle2": 2.949365,
        "if-combine3": 38.988472,
        "transpose2": 10.37328,
        "shuffle1": 9.80877,
        "fft1": 6.542704,
        "large_loop_array_1": 2.197048,
        "transpose1": 2.370383,
        "shuffle0": 9.597619,
        "01_mm1": 4.320429,
        "large_loop_array_2": 4.493355,
        "01_mm2": 4.152273,
        "04_spmv2": 1.693159,
        "recursive_call_3": 0.003025,
        "gameoflife-p61glidergun": 17.771417,
        "if-combine1": 20.247235,
        "matmul3": 1.271086,
        "fft0": 3.011765,
        "fft2": 6.275904,
        "recursive_call_2": 0.002512,
        "gameoflife-gosper": 18.696953,
        "sl1": 3.277331,
        "matmul1": 1.257116,
        "recursive_call_1": 0.002739,
        "if-combine2": 23.428281,
        "sl2": 1.217255
    }
}