{
    "commit": "efde8dff54607bb0fa54e7adc78a260db3fbaf0e",
    "author": "GitHub Action",
    "timestamp": "2025-08-11T01:50:42Z",
    "message": "MIR : fix fft",
    "results": {
        "2024-DCV-7": 6.156186,
        "2024-H17-1": 6.026653,
        "2024-FVJ-15": 6.140215,
        "2024-7UJ-12": 0.008209,
        "2024-C64-14": 7.079414,
        "2024-KVV-20": 2.031689,
        "2024-FAF-19": 13.437586,
        "2024-NT1-4": 0.009322,
        "2024-CH6-24": 0.311628,
        "2024-NKK-22": 0.885224,
        "2024-LN4-9": 6.084652,
        "2024-VTF-5": 3.294747,
        "2024-I4W-2": 0.009226,
        "2024-2KM-21": 2.435956,
        "2024-MXP-16": 6.896877,
        "2024-U03-25": 0.738057,
        "2024-0ZE-13": 3.316268,
        "2024-BAV-3": 1.683973,
        "2024-931-6": 2.081861,
        "2024-PKP-8": 3.640281,
        "2024-NCY-23": 0.241994,
        "2024-JVU-10": 28.446505,
        "2024-1WO-11": 5.924549,
        "2024-K0I-17": 12.761051,
        "2024-8NL-18": 3.356015,
        "2024-VGH-20": 5.870599,
        "2024-FQX-25": 4.513343,
        "2024-5NG-2": 9.750581,
        "2024-BE3-31": 2.147933,
        "2024-FI8-9": 2.741429,
        "2024-PCT-14": 1.221177,
        "2024-IG5-12": 10.489624,
        "2024-JR2-21": 2.249699,
        "2024-LW8-7": 15.887861,
        "2024-CH1-5": 0.83012,
        "2024-84M-11": 2.950117,
        "2024-VRT-1": 1.518394,
        "2024-2D0-22": 0.677938,
        "2024-1RK-26": 5.593767,
        "2024-Y60-18": 1.480946,
        "2024-AZ7-32": 2.17221,
        "2024-TBR-19": 36.45309,
        "2024-U7D-6": 1.493175,
        "2024-QV9-34": 7.099273,
        "2024-51P-30": 3.622133,
        "2024-K22-4": 3.162779,
        "2024-OBF-29": 2.850393,
        "2024-XRB-24": 0.553647,
        "2024-T6G-27": 3.720383,
        "2024-BJV-10": 1.517491,
        "2024-X7M-3": 7.489291,
        "2024-ETJ-33": 2.187082,
        "2024-XU5-13": 2.695479,
        "2024-V6O-23": 1.457206,
        "2024-Z3A-28": 3.035724,
        "2024-I9Y-15": 1.81428,
        "2024-5HA-8": 6.764016,
        "2024-U7W-16": 5.810955,
        "2024-PAF-17": 4.325373,
        "rv_sort_search": 0.412316,
        "rv_transpose1": 0.023605,
        "rv_h-4-02": 4.4e-05,
        "rv_matmul1": 0.012091,
        "rv_h-9-01": 0.005323,
        "rv_crypto-3": 0.050651,
        "rv_sl2": 0.230198,
        "rv_h-8-03": 1.3e-05,
        "rv_h-9-02": 0.005709,
        "rv_h-8-01": 1.3e-05,
        "rv_h-4-03": 0.172073,
        "rv_matmul3": 0.023798,
        "rv_h-9-03": 0.00485,
        "rv_h-10-01": 0.00229,
        "rv_shuffle2": 0.140022,
        "rv_h-5-03": 1.1e-05,
        "rv_fft1": 5.838699,
        "rv_03_sort3": 0.129497,
        "rv_h-5-01": 1.9e-05,
        "rv_transpose0": 0.016259,
        "rv_gameoflife-oscillator": 0.059927,
        "rv_01_mm3": 0.045295,
        "rv_h-11-02": 0.001139,
        "rv_if-combine1": 0.000393,
        "rv_if-combine2": 0.024808,
        "rv_sl3": 0.016896,
        "rv_shuffle1": 0.341657,
        "rv_h-2-01": 0.131349,
        "rv_04_spmv2": 0.003563,
        "rv_gameoflife-gosper": 0.00019,
        "rv_if-combine3": 0.039558,
        "rv_matmul2": 0.040776,
        "rv_04_spmv3": 0.067917,
        "rv_h-2-02": 0.126897,
        "rv_h-11-01": 0.00113,
        "rv_shuffle0": 0.040343,
        "rv_gameoflife-p61glidergun": 0.071488,
        "rv_h-7-01": 0.003653,
        "rv_04_spmv1": 0.108557,
        "rv_03_sort2": 15.685606,
        "rv_h-10-03": 0.007425,
        "rv_01_mm2": 0.067994,
        "rv_crypto-1": 0.124767,
        "rv_fft2": 0.016989,
        "rv_transpose2": 0.31212,
        "rv_crypto-2": 0.088833,
        "rv_01_mm1": 0.022214,
        "rv_h-4-01": 0.013567,
        "rv_h-5-02": 1e-05,
        "rv_h-2-03": 0.184191,
        "rv_h-10-02": 0.004245,
        "rv_h-11-03": 0.00659,
        "rv_h-8-02": 1.2e-05,
        "rv_sl1": 0.118477,
        "h-2-03": 7.103042,
        "h-8-01": 3.354311,
        "h-8-02": 3.378314,
        "h-8-03": 3.399339,
        "h-4-02": 6.896531,
        "h-7-01": 0.314634,
        "h-2-01": 5.930212,
        "h-4-03": 12.763925,
        "h-3-02": 2.997479,
        "h-6-01": 2.825196,
        "h-5-02": 6.102783,
        "h-5-03": 6.226073,
        "h-6-02": 4.234224,
        "h-6-03": 5.645988,
        "h-5-01": 6.090739,
        "h-1-02": 2.436843,
        "h-2-02": 5.857939,
        "h-4-01": 2.081934,
        "h-1-01": 28.110724,
        "h-1-03": 13.598306,
        "h-3-03": 3.020249,
        "h-3-01": 3.004867,
        "arm_h-7-01": 0.31159,
        "arm_h-1-03": 13.600439,
        "arm_fft2": 0.015687,
        "arm_matmul1": 1.51517,
        "arm_shuffle2": 0.141102,
        "arm_h-8-02": 3.384068,
        "arm_03_sort1": 0.830902,
        "arm_shuffle0": 6.215235,
        "arm_crypto-3": 1.302653,
        "arm_h-4-03": 12.76113,
        "arm_crypto-2": 0.985923,
        "arm_transpose0": 3.03333,
        "arm_h-1-02": 2.434545,
        "arm_transpose1": 2.385512,
        "arm_h-2-03": 7.091351,
        "arm_04_spmv3": 0.678526,
        "arm_matmul2": 1.518845,
        "arm_transpose2": 10.423399,
        "arm_03_sort3": 0.12695,
        "arm_h-8-03": 3.431508,
        "arm_h-2-02": 6.035505,
        "arm_sl3": 0.574686,
        "arm_h-11-01": 1.688456,
        "arm_01_mm1": 4.829165,
        "arm_crypto-1": 1.200923,
        "arm_h-4-02": 6.896219,
        "arm_h-4-01": 2.080421,
        "arm_h-5-03": 6.112829,
        "arm_shuffle1": 8.808963,
        "arm_matmul3": 1.500549,
        "arm_03_sort2": 16.39829,
        "arm_h-8-01": 3.427701,
        "arm_04_spmv1": 2.134921,
        "arm_01_mm2": 4.043168,
        "arm_h-10-02": 0.252356,
        "arm_h-1-01": 28.113424,
        "arm_if-combine2": 2.175296,
        "arm_h-12-01": 2.03291,
        "arm_h-10-01": 0.003163,
        "arm_h-9-03": 0.006079,
        "arm_sl1": 3.144056,
        "arm_gameoflife-oscillator": 6.646496,
        "arm_h-5-02": 6.17628,
        "arm_fft1": 5.796892,
        "arm_04_spmv2": 1.505151,
        "arm_sl2": 1.223132,
        "arm_gameoflife-p61glidergun": 6.983146,
        "arm_h-13-01": 0.886962,
        "arm_h-5-01": 6.084798,
        "arm_if-combine3": 3.623663,
        "arm_if-combine1": 0.0099,
        "arm_01_mm3": 2.646091,
        "arm_gameoflife-gosper": 7.420562,
        "arm_fft0": 2.700642,
        "arm_sort_search": 0.397615,
        "arm_h-14-01": 3.642415,
        "arm_h-2-01": 5.916966,
        "arm_h-9-02": 0.009571,
        "arm_h-9-01": 0.007529,
        "04_spmv3": 0.679536,
        "03_sort3": 2.711798,
        "04_spmv1": 2.147548,
        "matmul2": 0.894929,
        "gameoflife-oscillator": 6.820228,
        "large_loop_array_3": 1.808658,
        "01_mm3": 3.026613,
        "sl3": 0.5601,
        "transpose0": 2.758684,
        "03_sort1": 0.832145,
        "03_sort2": 15.790877,
        "shuffle2": 3.289018,
        "if-combine3": 3.62983,
        "transpose2": 10.249849,
        "shuffle1": 9.68571,
        "fft1": 5.836756,
        "large_loop_array_1": 2.404138,
        "transpose1": 2.113644,
        "shuffle0": 9.708572,
        "01_mm1": 3.801192,
        "large_loop_array_2": 4.541268,
        "01_mm2": 3.424516,
        "04_spmv2": 1.411712,
        "recursive_call_3": 0.003077,
        "gameoflife-p61glidergun": 7.23454,
        "if-combine1": 1.45291,
        "matmul3": 0.90424,
        "fft0": 2.6877,
        "fft2": 5.682821,
        "recursive_call_2": 0.002613,
        "gameoflife-gosper": 7.387881,
        "sl1": 3.149409,
        "matmul1": 0.888153,
        "recursive_call_1": 0.002966,
        "if-combine2": 2.178374,
        "sl2": 1.205519
    }
}