{
    "commit": "f03ac512464a7331d5f2b1897e022f5f12cbe4ff",
    "author": "GitHub Action",
    "timestamp": "2025-07-31T15:51:32Z",
    "message": "MIR: Fix `computeOH` in branch frequency analysis.",
    "results": {
        "2024-DCV-7": 6.19879,
        "2024-H17-1": 9.148251,
        "2024-FVJ-15": 6.163816,
        "2024-7UJ-12": 0.007121,
        "2024-C64-14": 11.338629,
        "2024-KVV-20": 2.025781,
        "2024-FAF-19": 18.716068,
        "2024-NT1-4": 0.009402,
        "2024-CH6-24": 0.311613,
        "2024-NKK-22": 0.887505,
        "2024-LN4-9": 6.162681,
        "2024-VTF-5": 3.241276,
        "2024-I4W-2": 0.008793,
        "2024-2KM-21": 3.512301,
        "2024-MXP-16": 6.894848,
        "2024-U03-25": 68.368498,
        "2024-0ZE-13": 3.259097,
        "2024-BAV-3": 143.980759,
        "2024-931-6": 2.080226,
        "2024-PKP-8": 3.635729,
        "2024-NCY-23": 14.703472,
        "2024-JVU-10": 41.021072,
        "2024-1WO-11": 9.29836,
        "2024-K0I-17": 12.775978,
        "2024-8NL-18": 3.33019,
        "2024-VGH-20": 6.030896,
        "2024-FQX-25": 7.853093,
        "2024-5NG-2": 9.708762,
        "2024-BE3-31": 2.262516,
        "2024-FI8-9": 2.047459,
        "2024-PCT-14": 1.201532,
        "2024-IG5-12": 10.142221,
        "2024-JR2-21": 3.759677,
        "2024-LW8-7": 11.827931,
        "2024-CH1-5": 0.709658,
        "2024-84M-11": 2.715481,
        "2024-VRT-1": 1.496926,
        "2024-2D0-22": 0.89692,
        "2024-1RK-26": 5.672014,
        "2024-Y60-18": 1.650519,
        "2024-AZ7-32": 7.188524,
        "2024-TBR-19": 36.42534,
        "2024-U7D-6": 1.495651,
        "2024-QV9-34": 17.34516,
        "2024-51P-30": 11.963665,
        "2024-K22-4": 3.138185,
        "2024-OBF-29": 2.787442,
        "2024-XRB-24": 0.542319,
        "2024-T6G-27": 4.239853,
        "2024-BJV-10": 1.493178,
        "2024-X7M-3": 19.394243,
        "2024-ETJ-33": 2.183395,
        "2024-XU5-13": 2.728316,
        "2024-V6O-23": 4.788271,
        "2024-Z3A-28": 2.412265,
        "2024-I9Y-15": 3.018201,
        "2024-5HA-8": 17.128224,
        "2024-U7W-16": 5.869397,
        "2024-PAF-17": 4.609994,
        "rv_sort_search": 0.425622,
        "rv_transpose1": 0.024144,
        "rv_h-4-02": 5e-05,
        "rv_matmul1": 0.011597,
        "rv_h-9-01": 0.005313,
        "rv_crypto-3": 0.065888,
        "rv_sl2": 0.229275,
        "rv_h-8-03": 1.3e-05,
        "rv_h-9-02": 0.005388,
        "rv_h-8-01": 1.4e-05,
        "rv_h-4-03": 0.173196,
        "rv_matmul3": 0.02311,
        "rv_h-9-03": 0.004884,
        "rv_h-10-01": 0.027962,
        "rv_shuffle2": 0.138175,
        "rv_h-5-03": 1.1e-05,
        "rv_fft1": 5.860071,
        "rv_03_sort3": 0.100543,
        "rv_h-5-01": 2e-05,
        "rv_transpose0": 0.014577,
        "rv_gameoflife-oscillator": 0.149538,
        "rv_01_mm3": 0.057207,
        "rv_h-11-02": 0.001099,
        "rv_if-combine1": 0.000439,
        "rv_if-combine2": 0.074278,
        "rv_sl3": 0.018948,
        "rv_shuffle1": 0.337877,
        "rv_h-2-01": 0.167908,
        "rv_04_spmv2": 0.004056,
        "rv_gameoflife-gosper": 0.000195,
        "rv_if-combine3": 0.123111,
        "rv_matmul2": 0.039813,
        "rv_04_spmv3": 0.089793,
        "rv_h-2-02": 0.167208,
        "rv_h-11-01": 0.001111,
        "rv_shuffle0": 0.019554,
        "rv_gameoflife-p61glidergun": 0.179228,
        "rv_h-7-01": 0.003942,
        "rv_04_spmv1": 0.112346,
        "rv_03_sort2": 12.036293,
        "rv_h-10-03": 0.124363,
        "rv_01_mm2": 0.083851,
        "rv_crypto-1": 0.165217,
        "rv_fft2": 0.015752,
        "rv_transpose2": 0.315947,
        "rv_crypto-2": 0.11434,
        "rv_01_mm1": 0.023508,
        "rv_h-4-01": 0.013296,
        "rv_h-5-02": 1.1e-05,
        "rv_h-2-03": 0.239534,
        "rv_h-10-02": 0.068559,
        "rv_h-11-03": 0.00645,
        "rv_h-8-02": 1.3e-05,
        "rv_sl1": 0.11349,
        "h-2-03": 11.238434,
        "h-8-01": 3.345884,
        "h-8-02": 3.240582,
        "h-8-03": 3.289815,
        "h-4-02": 6.894055,
        "h-7-01": 0.314304,
        "h-2-01": 9.402312,
        "h-4-03": 12.763089,
        "h-3-02": 2.996135,
        "h-6-01": 2.96002,
        "h-5-02": 6.182307,
        "h-5-03": 6.120704,
        "h-6-02": 4.542495,
        "h-6-03": 5.919728,
        "h-5-01": 6.124684,
        "h-1-02": 3.363914,
        "h-2-02": 9.341325,
        "h-4-01": 2.083834,
        "h-1-01": 41.016043,
        "h-1-03": 18.735329,
        "h-3-03": 3.006397,
        "h-3-01": 3.003536,
        "arm_h-7-01": 0.312037,
        "arm_h-1-03": 19.594167,
        "arm_fft2": 0.013645,
        "arm_matmul1": 1.49343,
        "arm_shuffle2": 0.140096,
        "arm_h-8-02": 3.337852,
        "arm_03_sort1": 0.707117,
        "arm_shuffle0": 4.965471,
        "arm_crypto-3": 1.713261,
        "arm_h-4-03": 12.760357,
        "arm_crypto-2": 1.293581,
        "arm_transpose0": 2.903751,
        "arm_h-1-02": 3.364819,
        "arm_transpose1": 2.261892,
        "arm_h-2-03": 11.282608,
        "arm_04_spmv3": 0.89905,
        "arm_matmul2": 1.495172,
        "arm_transpose2": 10.190356,
        "arm_03_sort3": 0.100223,
        "arm_h-8-03": 3.29617,
        "arm_h-2-02": 9.351583,
        "arm_sl3": 0.571183,
        "arm_h-11-01": 169.856006,
        "arm_01_mm1": 6.035421,
        "arm_crypto-1": 1.509021,
        "arm_h-4-02": 6.901661,
        "arm_h-4-01": 2.081992,
        "arm_h-5-03": 6.236953,
        "arm_shuffle1": 8.972975,
        "arm_matmul3": 1.473832,
        "arm_03_sort2": 11.827146,
        "arm_h-8-01": 3.392518,
        "arm_04_spmv1": 2.264238,
        "arm_01_mm2": 5.497308,
        "arm_h-10-02": 28.593292,
        "arm_h-1-01": 39.125047,
        "arm_if-combine2": 9.014292,
        "arm_h-12-01": 2.01835,
        "arm_h-10-01": 0.025282,
        "arm_h-9-03": 0.007013,
        "arm_sl1": 3.130192,
        "arm_gameoflife-oscillator": 17.459513,
        "arm_h-5-02": 6.213976,
        "arm_fft1": 5.905217,
        "arm_04_spmv2": 1.628374,
        "arm_sl2": 1.193043,
        "arm_gameoflife-p61glidergun": 17.143179,
        "arm_h-13-01": 0.889576,
        "arm_h-5-01": 6.073208,
        "arm_if-combine3": 11.965464,
        "arm_if-combine1": 0.016399,
        "arm_01_mm3": 3.019972,
        "arm_gameoflife-gosper": 18.927715,
        "arm_fft0": 2.729918,
        "arm_sort_search": 0.399195,
        "arm_h-14-01": 3.613856,
        "arm_h-2-01": 9.417381,
        "arm_h-9-02": 0.009656,
        "arm_h-9-01": 0.008077,
        "04_spmv3": 0.899369,
        "03_sort3": 2.047956,
        "04_spmv1": 2.290963,
        "matmul2": 0.935997,
        "gameoflife-oscillator": 17.061116,
        "large_loop_array_3": 3.023331,
        "01_mm3": 2.950774,
        "sl3": 0.541647,
        "transpose0": 2.777724,
        "03_sort1": 0.701743,
        "03_sort2": 11.834566,
        "shuffle2": 2.39493,
        "if-combine3": 6.622789,
        "transpose2": 10.06307,
        "shuffle1": 8.791224,
        "fft1": 5.868303,
        "large_loop_array_1": 3.924174,
        "transpose1": 2.250993,
        "shuffle0": 5.494452,
        "01_mm1": 4.572493,
        "large_loop_array_2": 7.558466,
        "01_mm2": 4.190066,
        "04_spmv2": 1.606683,
        "recursive_call_3": 0.002678,
        "gameoflife-p61glidergun": 17.679095,
        "if-combine1": 2.624267,
        "matmul3": 0.914907,
        "fft0": 2.713313,
        "fft2": 5.651134,
        "recursive_call_2": 0.002671,
        "gameoflife-gosper": 19.511052,
        "sl1": 3.101531,
        "matmul1": 0.925189,
        "recursive_call_1": 0.003199,
        "if-combine2": 3.976988,
        "sl2": 1.189533
    }
}