{
    "commit": "f5dd4ea6233cec9dc1dfae67a5c5d43e4cb3b3aa",
    "author": "GitHub Action",
    "timestamp": "2025-07-28T10:33:08Z",
    "message": "MIR(RV): Fix CFGSimplify in RISCV.",
    "results": {
        "2024-DCV-7": 6.337904,
        "2024-H17-1": 9.081875,
        "2024-FVJ-15": 6.417803,
        "2024-7UJ-12": 0.00721,
        "2024-C64-14": 11.103237,
        "2024-KVV-20": 2.021914,
        "2024-FAF-19": 20.963825,
        "2024-NT1-4": 0.009358,
        "2024-CH6-24": 0.311557,
        "2024-NKK-22": 0.888073,
        "2024-LN4-9": 6.303017,
        "2024-VTF-5": 3.491426,
        "2024-I4W-2": 0.008348,
        "2024-2KM-21": 3.755755,
        "2024-MXP-16": 6.896542,
        "2024-U03-25": 68.63849,
        "2024-0ZE-13": 3.438618,
        "2024-BAV-3": 156.552993,
        "2024-931-6": 2.081249,
        "2024-PKP-8": 3.612833,
        "2024-NCY-23": 15.510609,
        "2024-JVU-10": 43.811982,
        "2024-1WO-11": 9.26989,
        "2024-K0I-17": 12.760944,
        "2024-8NL-18": 3.386002,
        "2024-VGH-20": 5.541017,
        "2024-FQX-25": 7.538527,
        "2024-5NG-2": 9.78784,
        "2024-BE3-31": 2.304404,
        "2024-FI8-9": 2.284068,
        "2024-PCT-14": 1.217833,
        "2024-IG5-12": 10.390313,
        "2024-JR2-21": 3.748423,
        "2024-LW8-7": 13.400439,
        "2024-CH1-5": 0.80116,
        "2024-84M-11": 2.88864,
        "2024-VRT-1": 2.105958,
        "2024-2D0-22": 0.909034,
        "2024-1RK-26": 5.592028,
        "2024-Y60-18": 1.679742,
        "2024-AZ7-32": 43.965882,
        "2024-TBR-19": 36.79966,
        "2024-U7D-6": 2.10535,
        "2024-QV9-34": 9.552144,
        "2024-51P-30": 79.266575,
        "2024-K22-4": 3.227795,
        "2024-OBF-29": 2.83212,
        "2024-XRB-24": 0.551445,
        "2024-T6G-27": 3.577167,
        "2024-BJV-10": 2.11045,
        "2024-X7M-3": 10.395829,
        "2024-ETJ-33": 2.378401,
        "2024-XU5-13": 2.696852,
        "2024-V6O-23": 31.112645,
        "2024-Z3A-28": 2.881221,
        "2024-I9Y-15": 3.011609,
        "2024-5HA-8": 9.467019,
        "2024-U7W-16": 5.797953,
        "2024-PAF-17": 3.871722,
        "rv_sort_search": 0.447007,
        "rv_transpose1": 0.023952,
        "rv_h-4-02": 4.8e-05,
        "rv_matmul1": 0.016599,
        "rv_h-9-01": 0.006277,
        "rv_crypto-3": 0.067349,
        "rv_sl2": 0.231537,
        "rv_h-8-03": 1.3e-05,
        "rv_h-9-02": 0.004883,
        "rv_h-8-01": 1.2e-05,
        "rv_h-4-03": 0.172108,
        "rv_matmul3": 0.032357,
        "rv_h-9-03": 0.004882,
        "rv_h-10-01": 0.026925,
        "rv_shuffle2": 0.13651,
        "rv_h-5-03": 1.1e-05,
        "rv_fft1": 5.791467,
        "rv_03_sort3": 0.111392,
        "rv_h-5-01": 2.1e-05,
        "rv_transpose0": 0.01571,
        "rv_gameoflife-oscillator": 0.079344,
        "rv_01_mm3": 0.05553,
        "rv_h-11-02": 0.001101,
        "rv_if-combine1": 0.001996,
        "rv_if-combine2": 0.462429,
        "rv_sl3": 0.019073,
        "rv_shuffle1": 0.332946,
        "rv_h-2-01": 0.169263,
        "rv_04_spmv2": 0.004108,
        "rv_gameoflife-gosper": 0.000121,
        "rv_if-combine3": 0.735927,
        "rv_matmul2": 0.056184,
        "rv_04_spmv3": 0.089798,
        "rv_h-2-02": 0.176382,
        "rv_h-11-01": 0.001152,
        "rv_shuffle0": 0.02372,
        "rv_gameoflife-p61glidergun": 0.098287,
        "rv_h-7-01": 0.004721,
        "rv_04_spmv1": 0.115597,
        "rv_03_sort2": 13.386169,
        "rv_h-10-03": 0.131973,
        "rv_01_mm2": 0.080184,
        "rv_crypto-1": 0.162749,
        "rv_fft2": 0.014685,
        "rv_transpose2": 0.3449,
        "rv_crypto-2": 0.119435,
        "rv_01_mm1": 0.02414,
        "rv_h-4-01": 0.014012,
        "rv_h-5-02": 1.1e-05,
        "rv_h-2-03": 0.241336,
        "rv_h-10-02": 0.065436,
        "rv_h-11-03": 0.006483,
        "rv_h-8-02": 1.2e-05,
        "rv_sl1": 0.119927,
        "h-2-03": 10.978045,
        "h-8-01": 3.438751,
        "h-8-02": 3.433338,
        "h-8-03": 3.462496,
        "h-4-02": 6.895007,
        "h-7-01": 0.314632,
        "h-2-01": 9.418523,
        "h-4-03": 12.763348,
        "h-3-02": 3.02276,
        "h-6-01": 2.959416,
        "h-5-02": 6.371742,
        "h-5-03": 6.475909,
        "h-6-02": 4.442444,
        "h-6-03": 5.945407,
        "h-5-01": 6.403539,
        "h-1-02": 3.757091,
        "h-2-02": 9.079058,
        "h-4-01": 2.081671,
        "h-1-01": 43.868503,
        "h-1-03": 21.101975,
        "h-3-03": 3.019329,
        "h-3-01": 3.005209,
        "arm_h-7-01": 0.311687,
        "arm_h-1-03": 20.969407,
        "arm_fft2": 0.015832,
        "arm_matmul1": 2.105064,
        "arm_shuffle2": 0.142921,
        "arm_h-8-02": 3.469031,
        "arm_03_sort1": 0.801008,
        "arm_shuffle0": 5.213276,
        "arm_crypto-3": 1.758535,
        "arm_h-4-03": 12.760275,
        "arm_crypto-2": 1.337758,
        "arm_transpose0": 3.025381,
        "arm_h-1-02": 3.753926,
        "arm_transpose1": 2.439064,
        "arm_h-2-03": 11.038148,
        "arm_04_spmv3": 0.90644,
        "arm_matmul2": 2.104824,
        "arm_transpose2": 10.808394,
        "arm_03_sort3": 0.111306,
        "arm_h-8-03": 3.404781,
        "arm_h-2-02": 9.011347,
        "arm_sl3": 0.587351,
        "arm_h-11-01": 148.974491,
        "arm_01_mm1": 5.377584,
        "arm_crypto-1": 1.541621,
        "arm_h-4-02": 6.89651,
        "arm_h-4-01": 2.081281,
        "arm_h-5-03": 6.41265,
        "arm_shuffle1": 9.524609,
        "arm_matmul3": 2.105095,
        "arm_03_sort2": 13.440577,
        "arm_h-8-01": 3.500047,
        "arm_04_spmv1": 2.491106,
        "arm_01_mm2": 5.295057,
        "arm_h-10-02": 15.772013,
        "arm_h-1-01": 43.861129,
        "arm_if-combine2": 50.049882,
        "arm_h-12-01": 2.022539,
        "arm_h-10-01": 0.02557,
        "arm_h-9-03": 0.006888,
        "arm_sl1": 3.251718,
        "arm_gameoflife-oscillator": 9.366521,
        "arm_h-5-02": 6.322952,
        "arm_fft1": 5.798495,
        "arm_04_spmv2": 3.300813,
        "arm_sl2": 1.235346,
        "arm_gameoflife-p61glidergun": 9.689397,
        "arm_h-13-01": 0.8903,
        "arm_h-5-01": 6.302671,
        "arm_if-combine3": 83.836474,
        "arm_if-combine1": 0.129485,
        "arm_01_mm3": 2.978823,
        "arm_gameoflife-gosper": 10.476204,
        "arm_fft0": 2.690894,
        "arm_sort_search": 0.414722,
        "arm_h-14-01": 3.649036,
        "arm_h-2-01": 9.406975,
        "arm_h-9-02": 0.009079,
        "arm_h-9-01": 0.007321,
        "04_spmv3": 0.896995,
        "03_sort3": 2.287546,
        "04_spmv1": 2.266169,
        "matmul2": 1.232937,
        "gameoflife-oscillator": 9.416063,
        "large_loop_array_3": 3.001495,
        "01_mm3": 2.962143,
        "sl3": 0.553677,
        "transpose0": 2.877606,
        "03_sort1": 0.801116,
        "03_sort2": 13.400211,
        "shuffle2": 2.992644,
        "if-combine3": 63.936897,
        "transpose2": 10.299681,
        "shuffle1": 8.76763,
        "fft1": 5.795556,
        "large_loop_array_1": 3.966946,
        "transpose1": 2.384073,
        "shuffle0": 4.900684,
        "01_mm1": 4.381004,
        "large_loop_array_2": 7.604049,
        "01_mm2": 4.004754,
        "04_spmv2": 1.670971,
        "recursive_call_3": 0.002761,
        "gameoflife-p61glidergun": 9.61259,
        "if-combine1": 24.34535,
        "matmul3": 1.215669,
        "fft0": 2.695152,
        "fft2": 5.598741,
        "recursive_call_2": 0.003145,
        "gameoflife-gosper": 10.50515,
        "sl1": 3.236225,
        "matmul1": 1.217537,
        "recursive_call_1": 0.003271,
        "if-combine2": 37.04945,
        "sl2": 1.221156
    }
}