{
    "commit": "fe1fe0751f321c8d95a1d941bcd39ec75d4754bd",
    "author": "GitHub Action",
    "timestamp": "2025-07-24T13:07:30Z",
    "message": "Merge branch 'main' into backendv3.0",
    "results": {
        "2024-DCV-7": 8.260426,
        "2024-H17-1": 5.756956,
        "2024-FVJ-15": 8.335303,
        "2024-7UJ-12": 0.011216,
        "2024-C64-14": 6.951369,
        "2024-KVV-20": 2.394219,
        "2024-FAF-19": 27.502382,
        "2024-NT1-4": 0.009512,
        "2024-CH6-24": 0.374933,
        "2024-NKK-22": 1.09793,
        "2024-LN4-9": 7.719491,
        "2024-VTF-5": 4.348192,
        "2024-I4W-2": 0.009106,
        "2024-2KM-21": 5.222373,
        "2024-MXP-16": 7.14759,
        "2024-U03-25": 138.019601,
        "2024-0ZE-13": 4.968114,
        "2024-BAV-3": 266.155019,
        "2024-931-6": 2.090192,
        "2024-PKP-8": 4.519584,
        "2024-NCY-23": 40.734691,
        "2024-JVU-10": 57.259724,
        "2024-1WO-11": 5.850467,
        "2024-K0I-17": 12.967217,
        "2024-8NL-18": 8.018726,
        "2024-VGH-20": 23.304152,
        "2024-FQX-25": 6.69856,
        "2024-5NG-2": 40.41996,
        "2024-BE3-31": 6.903319,
        "2024-FI8-9": 3.232067,
        "2024-PCT-14": 4.279312,
        "2024-IG5-12": 24.199136,
        "2024-JR2-21": 3.011822,
        "2024-LW8-7": 16.59638,
        "2024-CH1-5": 1.059659,
        "2024-84M-11": 7.264682,
        "2024-VRT-1": 4.524357,
        "2024-2D0-22": 1.086554,
        "2024-1RK-26": 7.050623,
        "2024-Y60-18": 2.9942,
        "2024-AZ7-32": 32.131115,
        "2024-TBR-19": 51.364272,
        "2024-U7D-6": 7.415556,
        "2024-QV9-34": 15.256899,
        "2024-51P-30": 85.83992,
        "2024-K22-4": 7.850037,
        "2024-OBF-29": 8.272713,
        "2024-XRB-24": 1.825544,
        "2024-T6G-27": 6.82931,
        "2024-BJV-10": 7.604118,
        "2024-X7M-3": 12.006335,
        "2024-ETJ-33": 5.68291,
        "2024-XU5-13": 4.395591,
        "2024-V6O-23": 43.564549,
        "2024-Z3A-28": 12.749005,
        "2024-I9Y-15": 1.894253,
        "2024-5HA-8": 10.020962,
        "2024-U7W-16": 7.147785,
        "2024-PAF-17": 6.071902,
        "rv_sort_search": 0.493993,
        "rv_transpose1": 0.031425,
        "rv_h-4-02": 4.8e-05,
        "rv_matmul1": 0.044132,
        "rv_h-9-01": 0.015875,
        "rv_crypto-3": 0.139553,
        "rv_sl2": 0.503065,
        "rv_h-8-03": 2.2e-05,
        "rv_h-9-02": 0.007413,
        "rv_h-8-01": 2.2e-05,
        "rv_h-4-03": 0.174064,
        "rv_matmul3": 0.123595,
        "rv_h-9-03": 0.006124,
        "rv_h-10-01": 0.040899,
        "rv_shuffle2": 0.207523,
        "rv_h-5-03": 2.2e-05,
        "rv_fft1": 6.820245,
        "rv_03_sort3": 0.116497,
        "rv_h-5-01": 2.3e-05,
        "rv_transpose0": 0.015015,
        "rv_gameoflife-oscillator": 0.078799,
        "rv_01_mm3": 0.052343,
        "rv_h-11-02": 0.001095,
        "rv_if-combine1": 0.001155,
        "rv_if-combine2": 0.464852,
        "rv_sl3": 0.026079,
        "rv_shuffle1": 0.449374,
        "rv_h-2-01": 0.135097,
        "rv_04_spmv2": 0.006097,
        "rv_gameoflife-gosper": 8.8e-05,
        "rv_if-combine3": 0.937597,
        "rv_matmul2": 0.2887,
        "rv_04_spmv3": 0.08266,
        "rv_h-2-02": 0.288679,
        "rv_h-11-01": 0.001136,
        "rv_shuffle0": 0.041229,
        "rv_gameoflife-p61glidergun": 0.09863,
        "rv_h-7-01": 0.004181,
        "rv_04_spmv1": 0.154185,
        "rv_03_sort2": 14.481798,
        "rv_h-10-03": 0.133967,
        "rv_01_mm2": 0.102575,
        "rv_crypto-1": 0.252372,
        "rv_fft2": 0.013872,
        "rv_transpose2": 0.381153,
        "rv_crypto-2": 0.216143,
        "rv_01_mm1": 0.025929,
        "rv_h-4-01": 0.01167,
        "rv_h-5-02": 1.2e-05,
        "rv_h-2-03": 0.197846,
        "rv_h-10-02": 0.062683,
        "rv_h-11-03": 0.006601,
        "rv_h-8-02": 1.3e-05,
        "rv_sl1": 0.154084,
        "h-2-03": 6.79396,
        "h-8-01": 4.096125,
        "h-8-02": 4.076534,
        "h-8-03": 3.692471,
        "h-4-02": 7.347873,
        "h-7-01": 0.440877,
        "h-2-01": 5.679424,
        "h-4-03": 12.838244,
        "h-3-02": 3.264371,
        "h-6-01": 3.020857,
        "h-5-02": 7.509675,
        "h-5-03": 7.137034,
        "h-6-02": 4.551653,
        "h-6-03": 6.055106,
        "h-5-01": 6.471676,
        "h-1-02": 4.861293,
        "h-2-02": 5.652569,
        "h-4-01": 2.108698,
        "h-1-01": 63.966612,
        "h-1-03": 29.950682,
        "h-3-03": 4.697473,
        "h-3-01": 4.755474,
        "arm_h-7-01": 0.374567,
        "arm_h-1-03": 30.048248,
        "arm_fft2": 0.013957,
        "arm_matmul1": 4.471285,
        "arm_shuffle2": 0.15323,
        "arm_h-8-02": 3.351559,
        "arm_03_sort1": 0.813441,
        "arm_shuffle0": 6.677701,
        "arm_crypto-3": 1.818704,
        "arm_h-4-03": 14.123718,
        "arm_crypto-2": 1.326402,
        "arm_transpose0": 3.45943,
        "arm_h-1-02": 5.319944,
        "arm_transpose1": 2.95471,
        "arm_h-2-03": 6.986948,
        "arm_04_spmv3": 0.892533,
        "arm_matmul2": 7.197243,
        "arm_transpose2": 18.022487,
        "arm_03_sort3": 0.128926,
        "arm_h-8-03": 4.585556,
        "arm_h-2-02": 7.529549,
        "arm_sl3": 1.100601,
        "arm_h-11-01": 258.393708,
        "arm_01_mm1": 7.520448,
        "arm_crypto-1": 1.848314,
        "arm_h-4-02": 8.879808,
        "arm_h-4-01": 2.197777,
        "arm_h-5-03": 10.949431,
        "arm_shuffle1": 23.004139,
        "arm_matmul3": 7.37071,
        "arm_03_sort2": 14.31806,
        "arm_h-8-01": 6.372827,
        "arm_04_spmv1": 7.10957,
        "arm_01_mm2": 8.531522,
        "arm_h-10-02": 32.172338,
        "arm_h-1-01": 66.784087,
        "arm_if-combine2": 29.370778,
        "arm_h-12-01": 2.573852,
        "arm_h-10-01": 0.036524,
        "arm_h-9-03": 0.006946,
        "arm_sl1": 4.228163,
        "arm_gameoflife-oscillator": 10.407785,
        "arm_h-5-02": 9.247676,
        "arm_fft1": 6.8162,
        "arm_04_spmv2": 2.973233,
        "arm_sl2": 1.917048,
        "arm_gameoflife-p61glidergun": 11.28788,
        "arm_h-13-01": 0.982438,
        "arm_h-5-01": 11.437851,
        "arm_if-combine3": 53.166645,
        "arm_if-combine1": 0.209152,
        "arm_01_mm3": 5.096737,
        "arm_gameoflife-gosper": 14.022527,
        "arm_fft0": 4.276191,
        "arm_sort_search": 0.485069,
        "arm_h-14-01": 4.999021,
        "arm_h-2-01": 7.760775,
        "arm_h-9-02": 0.017628,
        "arm_h-9-01": 0.01571,
        "04_spmv3": 1.143372,
        "03_sort3": 3.085017,
        "04_spmv1": 4.121114,
        "matmul2": 2.992742,
        "gameoflife-oscillator": 11.566495,
        "large_loop_array_3": 2.418307,
        "01_mm3": 5.148111,
        "sl3": 1.655648,
        "transpose0": 7.83226,
        "03_sort1": 0.882899,
        "03_sort2": 17.879308,
        "shuffle2": 4.616381,
        "if-combine3": 64.03026,
        "transpose2": 19.137979,
        "shuffle1": 19.752659,
        "fft1": 9.232697,
        "large_loop_array_1": 2.912606,
        "transpose1": 5.126783,
        "shuffle0": 21.22221,
        "01_mm1": 9.358164,
        "large_loop_array_2": 6.695816,
        "01_mm2": 11.496148,
        "04_spmv2": 8.299885,
        "recursive_call_3": 0.003983,
        "gameoflife-p61glidergun": 12.913877,
        "if-combine1": 23.070939,
        "matmul3": 2.053908,
        "fft0": 3.10131,
        "fft2": 6.528721,
        "recursive_call_2": 0.002301,
        "gameoflife-gosper": 12.999332,
        "sl1": 4.328915,
        "matmul1": 1.928674,
        "recursive_call_1": 0.003105,
        "if-combine2": 26.675717,
        "sl2": 1.74493
    }
}