{
    "commit": "fe64a91901df2ca0c6c9ca08475a031e7c237c7d",
    "author": "GitHub Action",
    "timestamp": "2025-08-03T13:04:07Z",
    "message": "IR: Implement RelayoutPass.",
    "results": {
        "2024-DCV-7": 6.198996,
        "2024-H17-1": 9.360243,
        "2024-FVJ-15": 6.120795,
        "2024-7UJ-12": 0.00846,
        "2024-C64-14": 11.307996,
        "2024-KVV-20": 2.025795,
        "2024-FAF-19": 14.468999,
        "2024-NT1-4": 0.009852,
        "2024-CH6-24": 0.311652,
        "2024-NKK-22": 0.889252,
        "2024-LN4-9": 6.228718,
        "2024-VTF-5": 3.3411,
        "2024-I4W-2": 0.009686,
        "2024-2KM-21": 2.590774,
        "2024-MXP-16": 6.899011,
        "2024-U03-25": 0.749558,
        "2024-0ZE-13": 3.309804,
        "2024-BAV-3": 1.672021,
        "2024-931-6": 2.085572,
        "2024-PKP-8": 3.640884,
        "2024-NCY-23": 0.24568,
        "2024-JVU-10": 30.271422,
        "2024-1WO-11": 9.722533,
        "2024-K0I-17": 12.762603,
        "2024-8NL-18": 3.292459,
        "2024-VGH-20": 9.72747,
        "2024-FQX-25": 8.090883,
        "2024-5NG-2": 9.790013,
        "2024-BE3-31": 2.2789,
        "2024-FI8-9": 2.294802,
        "2024-PCT-14": 1.176103,
        "2024-IG5-12": 9.743774,
        "2024-JR2-21": 3.972122,
        "2024-LW8-7": 13.003075,
        "2024-CH1-5": 0.744151,
        "2024-84M-11": 2.305118,
        "2024-VRT-1": 1.49397,
        "2024-2D0-22": 0.902618,
        "2024-1RK-26": 5.624233,
        "2024-Y60-18": 1.604169,
        "2024-AZ7-32": 7.199296,
        "2024-TBR-19": 35.758849,
        "2024-U7D-6": 1.514733,
        "2024-QV9-34": 7.491187,
        "2024-51P-30": 11.994081,
        "2024-K22-4": 3.101942,
        "2024-OBF-29": 2.839903,
        "2024-XRB-24": 0.542246,
        "2024-T6G-27": 3.322812,
        "2024-BJV-10": 1.516739,
        "2024-X7M-3": 7.800093,
        "2024-ETJ-33": 2.167174,
        "2024-XU5-13": 2.71547,
        "2024-V6O-23": 5.419492,
        "2024-Z3A-28": 2.462847,
        "2024-I9Y-15": 3.192297,
        "2024-5HA-8": 6.995755,
        "2024-U7W-16": 5.88251,
        "2024-PAF-17": 3.909823,
        "rv_sort_search": 0.412235,
        "rv_transpose1": 0.023231,
        "rv_h-4-02": 4.1e-05,
        "rv_matmul1": 0.011716,
        "rv_h-9-01": 0.006553,
        "rv_crypto-3": 0.066243,
        "rv_sl2": 0.229264,
        "rv_h-8-03": 2.1e-05,
        "rv_h-9-02": 0.00502,
        "rv_h-8-01": 1.3e-05,
        "rv_h-4-03": 0.172338,
        "rv_matmul3": 0.022994,
        "rv_h-9-03": 0.004864,
        "rv_h-10-01": 0.002171,
        "rv_shuffle2": 0.1379,
        "rv_h-5-03": 1.1e-05,
        "rv_fft1": 5.859501,
        "rv_03_sort3": 0.106115,
        "rv_h-5-01": 2e-05,
        "rv_transpose0": 0.015345,
        "rv_gameoflife-oscillator": 0.063548,
        "rv_01_mm3": 0.048767,
        "rv_h-11-02": 0.001129,
        "rv_if-combine1": 0.000449,
        "rv_if-combine2": 0.08462,
        "rv_sl3": 0.017129,
        "rv_shuffle1": 0.333836,
        "rv_h-2-01": 0.169089,
        "rv_04_spmv2": 0.004895,
        "rv_gameoflife-gosper": 9.9e-05,
        "rv_if-combine3": 0.138604,
        "rv_matmul2": 0.040906,
        "rv_04_spmv3": 0.098153,
        "rv_h-2-02": 0.166387,
        "rv_h-11-01": 0.001179,
        "rv_shuffle0": 0.026445,
        "rv_gameoflife-p61glidergun": 0.075712,
        "rv_h-7-01": 0.003613,
        "rv_04_spmv1": 0.110719,
        "rv_03_sort2": 13.316955,
        "rv_h-10-03": 0.007457,
        "rv_01_mm2": 0.070284,
        "rv_crypto-1": 0.16006,
        "rv_fft2": 0.014185,
        "rv_transpose2": 0.266804,
        "rv_crypto-2": 0.113943,
        "rv_01_mm1": 0.022735,
        "rv_h-4-01": 0.012363,
        "rv_h-5-02": 1.1e-05,
        "rv_h-2-03": 0.239458,
        "rv_h-10-02": 0.004399,
        "rv_h-11-03": 0.00648,
        "rv_h-8-02": 1.2e-05,
        "rv_sl1": 0.114526,
        "h-2-03": 11.471348,
        "h-8-01": 3.313686,
        "h-8-02": 3.375219,
        "h-8-03": 3.375638,
        "h-4-02": 6.895325,
        "h-7-01": 0.314627,
        "h-2-01": 9.525861,
        "h-4-03": 12.762216,
        "h-3-02": 2.99495,
        "h-6-01": 2.823776,
        "h-5-02": 6.074408,
        "h-5-03": 6.062631,
        "h-6-02": 4.235879,
        "h-6-03": 5.646003,
        "h-5-01": 6.123769,
        "h-1-02": 2.590684,
        "h-2-02": 9.392848,
        "h-4-01": 2.081081,
        "h-1-01": 28.883042,
        "h-1-03": 13.806794,
        "h-3-03": 3.006473,
        "h-3-01": 2.999643,
        "arm_h-7-01": 0.311374,
        "arm_h-1-03": 13.808047,
        "arm_fft2": 0.01409,
        "arm_matmul1": 1.497777,
        "arm_shuffle2": 0.134934,
        "arm_h-8-02": 3.294435,
        "arm_03_sort1": 0.742704,
        "arm_shuffle0": 6.227169,
        "arm_crypto-3": 1.598843,
        "arm_h-4-03": 12.761927,
        "arm_crypto-2": 1.214221,
        "arm_transpose0": 2.80978,
        "arm_h-1-02": 2.593003,
        "arm_transpose1": 2.303885,
        "arm_h-2-03": 11.564059,
        "arm_04_spmv3": 0.974333,
        "arm_matmul2": 1.515556,
        "arm_transpose2": 10.105984,
        "arm_03_sort3": 0.107461,
        "arm_h-8-03": 3.315003,
        "arm_h-2-02": 9.388946,
        "arm_sl3": 0.566617,
        "arm_h-11-01": 1.684713,
        "arm_01_mm1": 3.746938,
        "arm_crypto-1": 1.479031,
        "arm_h-4-02": 6.902785,
        "arm_h-4-01": 2.080423,
        "arm_h-5-03": 6.060633,
        "arm_shuffle1": 9.744393,
        "arm_matmul3": 1.508273,
        "arm_03_sort2": 12.944324,
        "arm_h-8-01": 3.32112,
        "arm_04_spmv1": 2.246292,
        "arm_01_mm2": 3.315033,
        "arm_h-10-02": 0.239243,
        "arm_h-1-01": 28.885158,
        "arm_if-combine2": 7.196834,
        "arm_h-12-01": 2.024077,
        "arm_h-10-01": 0.002828,
        "arm_h-9-03": 0.006833,
        "arm_sl1": 3.121154,
        "arm_gameoflife-oscillator": 6.884149,
        "arm_h-5-02": 6.184127,
        "arm_fft1": 5.854772,
        "arm_04_spmv2": 1.690535,
        "arm_sl2": 1.192607,
        "arm_gameoflife-p61glidergun": 7.219605,
        "arm_h-13-01": 0.886199,
        "arm_h-5-01": 6.074124,
        "arm_if-combine3": 11.995887,
        "arm_if-combine1": 0.014777,
        "arm_01_mm3": 2.396709,
        "arm_gameoflife-gosper": 7.724422,
        "arm_fft0": 2.708066,
        "arm_sort_search": 0.399959,
        "arm_h-14-01": 3.625544,
        "arm_h-2-01": 9.641655,
        "arm_h-9-02": 0.008635,
        "arm_h-9-01": 0.00774,
        "04_spmv3": 0.919349,
        "03_sort3": 2.256448,
        "04_spmv1": 2.264943,
        "matmul2": 0.892373,
        "gameoflife-oscillator": 7.016479,
        "large_loop_array_3": 3.202553,
        "01_mm3": 2.439934,
        "sl3": 0.542042,
        "transpose0": 2.82119,
        "03_sort1": 0.738394,
        "03_sort2": 13.070997,
        "shuffle2": 2.419146,
        "if-combine3": 6.624295,
        "transpose2": 9.759585,
        "shuffle1": 8.760206,
        "fft1": 5.829265,
        "large_loop_array_1": 3.900985,
        "transpose1": 2.162217,
        "shuffle0": 5.176445,
        "01_mm1": 3.687264,
        "large_loop_array_2": 8.014328,
        "01_mm2": 3.446595,
        "04_spmv2": 2.002989,
        "recursive_call_3": 0.003168,
        "gameoflife-p61glidergun": 7.330748,
        "if-combine1": 2.650851,
        "matmul3": 0.931836,
        "fft0": 2.722697,
        "fft2": 5.629429,
        "recursive_call_2": 0.002714,
        "gameoflife-gosper": 7.712012,
        "sl1": 3.136724,
        "matmul1": 0.852943,
        "recursive_call_1": 0.003372,
        "if-combine2": 3.937075,
        "sl2": 1.192963
    }
}