{
    "commit": "fe8e0d135d268d5c88c7b7890470eaa93230a659",
    "author": "GitHub Action",
    "timestamp": "2025-08-13T14:03:27Z",
    "message": "IR/SIR: Enable CSTRElim and LoopInterchange on pipeline.",
    "results": {
        "2024-DCV-7": 6.144151,
        "2024-H17-1": 5.85094,
        "2024-FVJ-15": 6.069991,
        "2024-7UJ-12": 0.007921,
        "2024-C64-14": 7.076231,
        "2024-KVV-20": 2.029769,
        "2024-FAF-19": 13.805694,
        "2024-NT1-4": 0.010245,
        "2024-CH6-24": 0.311444,
        "2024-NKK-22": 0.885026,
        "2024-LN4-9": 6.018282,
        "2024-VTF-5": 3.344701,
        "2024-I4W-2": 0.009167,
        "2024-2KM-21": 2.475559,
        "2024-MXP-16": 6.893779,
        "2024-U03-25": 0.389784,
        "2024-0ZE-13": 3.400495,
        "2024-BAV-3": 0.870975,
        "2024-931-6": 2.080332,
        "2024-PKP-8": 3.640546,
        "2024-NCY-23": 0.129689,
        "2024-JVU-10": 30.267133,
        "2024-1WO-11": 5.910429,
        "2024-K0I-17": 12.757724,
        "2024-8NL-18": 3.333675,
        "2024-VGH-20": 10.153464,
        "2024-FQX-25": 4.496873,
        "2024-5NG-2": 9.805817,
        "2024-BE3-31": 2.138033,
        "2024-FI8-9": 2.074762,
        "2024-PCT-14": 1.240417,
        "2024-IG5-12": 10.597986,
        "2024-JR2-21": 2.252233,
        "2024-LW8-7": 11.98797,
        "2024-CH1-5": 0.698889,
        "2024-84M-11": 3.167362,
        "2024-VRT-1": 1.53327,
        "2024-2D0-22": 0.677799,
        "2024-1RK-26": 5.606286,
        "2024-Y60-18": 4.346349,
        "2024-AZ7-32": 2.1717,
        "2024-TBR-19": 36.514802,
        "2024-U7D-6": 1.534968,
        "2024-QV9-34": 7.294115,
        "2024-51P-30": 3.621721,
        "2024-K22-4": 3.186774,
        "2024-OBF-29": 2.952913,
        "2024-XRB-24": 0.583666,
        "2024-T6G-27": 4.345037,
        "2024-BJV-10": 1.513822,
        "2024-X7M-3": 7.488542,
        "2024-ETJ-33": 2.37432,
        "2024-XU5-13": 2.69627,
        "2024-V6O-23": 1.449786,
        "2024-Z3A-28": 2.542518,
        "2024-I9Y-15": 1.875805,
        "2024-5HA-8": 6.758573,
        "2024-U7W-16": 5.820825,
        "2024-PAF-17": 4.84388,
        "rv_sort_search": 0.419507,
        "rv_transpose1": 0.023871,
        "rv_h-4-02": 4.4e-05,
        "rv_matmul1": 0.012161,
        "rv_h-9-01": 0.007106,
        "rv_crypto-3": 0.052364,
        "rv_sl2": 0.232305,
        "rv_h-8-03": 1.3e-05,
        "rv_h-9-02": 0.005563,
        "rv_h-8-01": 1.3e-05,
        "rv_h-4-03": 0.171589,
        "rv_matmul3": 0.023048,
        "rv_h-9-03": 0.005438,
        "rv_h-10-01": 0.002009,
        "rv_shuffle2": 0.146542,
        "rv_h-5-03": 1.1e-05,
        "rv_fft1": 5.835327,
        "rv_03_sort3": 0.099912,
        "rv_h-5-01": 1.9e-05,
        "rv_transpose0": 0.013885,
        "rv_gameoflife-oscillator": 0.058905,
        "rv_01_mm3": 0.044702,
        "rv_h-11-02": 0.001134,
        "rv_if-combine1": 0.000989,
        "rv_if-combine2": 0.024766,
        "rv_sl3": 0.016806,
        "rv_shuffle1": 0.350164,
        "rv_h-2-01": 0.108808,
        "rv_04_spmv2": 0.00332,
        "rv_gameoflife-gosper": 0.000194,
        "rv_if-combine3": 0.039934,
        "rv_matmul2": 0.040239,
        "rv_04_spmv3": 0.067745,
        "rv_h-2-02": 0.096855,
        "rv_h-11-01": 0.001163,
        "rv_shuffle0": 0.037191,
        "rv_gameoflife-p61glidergun": 0.072726,
        "rv_h-7-01": 0.003741,
        "rv_04_spmv1": 0.10743,
        "rv_03_sort2": 11.768612,
        "rv_h-10-03": 0.004587,
        "rv_01_mm2": 0.068684,
        "rv_crypto-1": 0.125552,
        "rv_fft2": 0.015159,
        "rv_transpose2": 0.314292,
        "rv_crypto-2": 0.089405,
        "rv_01_mm1": 0.023309,
        "rv_h-4-01": 0.013519,
        "rv_h-5-02": 1.1e-05,
        "rv_h-2-03": 0.150279,
        "rv_h-10-02": 0.002788,
        "rv_h-11-03": 0.006584,
        "rv_h-8-02": 1.3e-05,
        "rv_sl1": 0.11958,
        "h-2-03": 7.087324,
        "h-8-01": 3.478611,
        "h-8-02": 3.382881,
        "h-8-03": 3.367046,
        "h-4-02": 6.896221,
        "h-7-01": 0.314855,
        "h-2-01": 5.902773,
        "h-4-03": 12.759102,
        "h-3-02": 2.993581,
        "h-6-01": 2.824522,
        "h-5-02": 6.065528,
        "h-5-03": 6.068718,
        "h-6-02": 4.133061,
        "h-6-03": 5.644162,
        "h-5-01": 6.081401,
        "h-1-02": 2.589553,
        "h-2-02": 5.88394,
        "h-4-01": 2.079232,
        "h-1-01": 28.894167,
        "h-1-03": 14.465225,
        "h-3-03": 3.009957,
        "h-3-01": 3.004231,
        "arm_h-7-01": 0.311546,
        "arm_h-1-03": 14.465054,
        "arm_fft2": 0.015591,
        "arm_matmul1": 1.492111,
        "arm_shuffle2": 0.147687,
        "arm_h-8-02": 3.293281,
        "arm_03_sort1": 0.704967,
        "arm_shuffle0": 5.333512,
        "arm_crypto-3": 1.301999,
        "arm_h-4-03": 12.759494,
        "arm_crypto-2": 0.990321,
        "arm_transpose0": 2.965477,
        "arm_h-1-02": 2.47613,
        "arm_transpose1": 2.369422,
        "arm_h-2-03": 7.084503,
        "arm_04_spmv3": 0.677675,
        "arm_matmul2": 1.533457,
        "arm_transpose2": 10.441203,
        "arm_03_sort3": 0.098241,
        "arm_h-8-03": 3.397929,
        "arm_h-2-02": 5.881534,
        "arm_sl3": 0.578407,
        "arm_h-11-01": 0.871993,
        "arm_01_mm1": 4.795157,
        "arm_crypto-1": 1.204289,
        "arm_h-4-02": 6.902902,
        "arm_h-4-01": 2.081625,
        "arm_h-5-03": 6.142085,
        "arm_shuffle1": 9.771626,
        "arm_matmul3": 1.534278,
        "arm_03_sort2": 11.745358,
        "arm_h-8-01": 3.3517,
        "arm_04_spmv1": 2.226013,
        "arm_01_mm2": 4.320902,
        "arm_h-10-02": 0.131428,
        "arm_h-1-01": 30.272697,
        "arm_if-combine2": 2.173176,
        "arm_h-12-01": 2.034504,
        "arm_h-10-01": 0.00181,
        "arm_h-9-03": 0.007636,
        "arm_sl1": 3.196481,
        "arm_gameoflife-oscillator": 6.682267,
        "arm_h-5-02": 6.030698,
        "arm_fft1": 5.818655,
        "arm_04_spmv2": 1.440594,
        "arm_sl2": 1.230325,
        "arm_gameoflife-p61glidergun": 6.808619,
        "arm_h-13-01": 0.885888,
        "arm_h-5-01": 6.202425,
        "arm_if-combine3": 3.621575,
        "arm_if-combine1": 0.010614,
        "arm_01_mm3": 2.6117,
        "arm_gameoflife-gosper": 7.464479,
        "arm_fft0": 2.687201,
        "arm_sort_search": 0.391282,
        "arm_h-14-01": 3.643529,
        "arm_h-2-01": 5.908872,
        "arm_h-9-02": 0.010545,
        "arm_h-9-01": 0.007399,
        "04_spmv3": 0.678756,
        "03_sort3": 2.075522,
        "04_spmv1": 2.144987,
        "matmul2": 0.891683,
        "gameoflife-oscillator": 6.627812,
        "large_loop_array_3": 1.81224,
        "01_mm3": 2.754884,
        "sl3": 0.583192,
        "transpose0": 2.900601,
        "03_sort1": 0.703964,
        "03_sort2": 11.981309,
        "shuffle2": 2.479498,
        "if-combine3": 3.627383,
        "transpose2": 10.250906,
        "shuffle1": 9.510885,
        "fft1": 5.786022,
        "large_loop_array_1": 2.398038,
        "transpose1": 2.369473,
        "shuffle0": 9.74928,
        "01_mm1": 4.79411,
        "large_loop_array_2": 4.49732,
        "01_mm2": 4.310546,
        "04_spmv2": 1.40744,
        "recursive_call_3": 0.002847,
        "gameoflife-p61glidergun": 6.961257,
        "if-combine1": 1.453273,
        "matmul3": 0.890851,
        "fft0": 2.702287,
        "fft2": 5.614065,
        "recursive_call_2": 0.002999,
        "gameoflife-gosper": 7.43335,
        "sl1": 3.2038,
        "matmul1": 0.897252,
        "recursive_call_1": 0.003563,
        "if-combine2": 2.177544,
        "sl2": 1.229608
    }
}