{
    "commit": "319ab5d5fba62925af646ba4138738bc37eeb20f",
    "author": "Auto-generated",
    "timestamp": "2025-08-15T05:19:21Z",
    "message": "IR: SCEV with more Binary Operators.",
    "results": {
        "01_mm2": 4.308002,
        "if-combine3": 5.999023,
        "h-7-01": 0.498263,
        "transpose2": 10.500374,
        "sl1": 4.041406,
        "if-combine2": 3.580206,
        "01_mm3": 3.152394,
        "matmul1": 4.256172,
        "matmul3": 4.260218,
        "01_mm1": 4.795272,
        "sl2": 1.356999,
        "transpose1": 5.708163,
        "sl3": 0.573875,
        "transpose0": 4.335829,
        "matmul2": 4.256022,
        "if-combine1": 0.01165,
        "h-8-02": 14.580757,
        "h-9-01": 0.005847,
        "04_spmv1": 8.280161,
        "h-5-01": 25.931809,
        "shuffle2": 0.099716,
        "h-4-02": 13.201664,
        "h-4-03": 24.439792,
        "h-8-03": 14.557891,
        "h-9-02": 0.008284,
        "h-8-01": 14.398073,
        "shuffle1": 16.152162,
        "h-14-01": 8.842777,
        "h-4-01": 3.99055,
        "04_spmv2": 5.158009,
        "h-5-02": 25.49712,
        "h-5-03": 26.106246,
        "04_spmv3": 2.986708,
        "shuffle0": 8.889743,
        "h-9-03": 0.004965,
        "h-2-02": 16.997802,
        "h-13-01": 2.16161,
        "h-2-03": 17.215951,
        "gameoflife-p61glidergun": 13.404406,
        "sort_search": 0.818327,
        "h-12-01": 4.843223,
        "h-2-01": 13.939841,
        "gameoflife-oscillator": 14.281135,
        "h-1-01": 45.31767,
        "h-11-01": 3.306563,
        "crypto-1": 2.64384,
        "03_sort2": 17.796632,
        "h-10-02": 0.419472,
        "fft1": 10.769232,
        "fft0": 5.062983,
        "gameoflife-gosper": 15.352181999999999,
        "03_sort3": 0.157377,
        "h-10-01": 0.002951,
        "h-1-02": 4.053166,
        "03_sort1": 1.165193,
        "crypto-2": 2.178525,
        "fft2": 0.023108,
        "crypto-3": 2.831948,
        "h-1-03": 21.682196
    }
}