{
    "commit": "480360f7d85a0037e719011a9e05d4d82cba96d2",
    "author": "Auto-generated",
    "timestamp": "2025-08-09T10:25:46Z",
    "message": "IR: Revert Inline threshold.",
    "results": {
        "01_mm2": 4.113178,
        "if-combine3": 5.9690069999999995,
        "h-7-01": 0.495396,
        "transpose2": 10.511832,
        "sl1": 4.050077,
        "if-combine2": 3.581336,
        "01_mm3": 3.142512,
        "matmul1": 4.318429,
        "matmul3": 4.311742,
        "01_mm1": 4.999418,
        "sl2": 1.373419,
        "transpose1": 5.712761,
        "sl3": 0.582553,
        "transpose0": 4.506974,
        "matmul2": 4.25605,
        "if-combine1": 0.01165,
        "h-8-02": 14.464089,
        "h-9-01": 0.005885,
        "04_spmv1": 8.277033,
        "h-5-01": 25.797028,
        "shuffle2": 0.099873,
        "h-4-02": 14.892633,
        "h-4-03": 27.539277,
        "h-8-03": 14.446949,
        "h-9-02": 0.008293,
        "h-8-01": 14.447202,
        "shuffle1": 15.573449,
        "h-14-01": 8.900744,
        "h-4-01": 4.489358,
        "04_spmv2": 5.175133,
        "h-5-02": 25.780882,
        "h-5-03": 25.826084,
        "04_spmv3": 2.992546,
        "shuffle0": 8.572797,
        "h-9-03": 0.004963,
        "h-2-02": 16.985127,
        "h-13-01": 2.17437,
        "h-2-03": 17.171484,
        "gameoflife-p61glidergun": 13.390353,
        "sort_search": 0.833042,
        "h-12-01": 4.970674,
        "h-2-01": 14.235529,
        "gameoflife-oscillator": 13.574621,
        "h-1-01": 45.319654,
        "h-11-01": 6.644713,
        "crypto-1": 3.249922,
        "03_sort2": 32.303067,
        "h-10-02": 0.826709,
        "fft1": 10.964004,
        "fft0": 5.10788,
        "gameoflife-gosper": 15.747122,
        "03_sort3": 0.242595,
        "h-10-01": 0.005421,
        "h-1-02": 4.05151,
        "03_sort1": 1.530826,
        "crypto-2": 2.6369160000000003,
        "fft2": 0.022924,
        "crypto-3": 3.4996140000000002,
        "h-1-03": 21.686782
    }
}