{
    "commit": "678de68b50de6e83bba6e257401e002cdbd977a4",
    "author": "Auto-generated",
    "timestamp": "2025-08-18T01:15:45Z",
    "message": "IR: Better parallel with inner loop support.",
    "results": {
        "01_mm2": 4.187837,
        "if-combine3": 5.999023,
        "h-7-01": 0.495737,
        "transpose2": 10.506395,
        "sl1": 4.013542,
        "if-combine2": 3.580206,
        "01_mm3": 3.065645,
        "matmul1": 4.242522,
        "matmul3": 4.242273,
        "01_mm1": 4.708846,
        "sl2": 1.3400349999999999,
        "transpose1": 5.707487,
        "sl3": 0.572635,
        "transpose0": 4.510615,
        "matmul2": 4.241272,
        "if-combine1": 0.011568,
        "h-8-02": 14.625643,
        "h-9-01": 0.005832,
        "04_spmv1": 8.364917,
        "h-5-01": 25.894664,
        "shuffle2": 0.099899,
        "h-4-02": 13.199142,
        "h-4-03": 24.436361,
        "h-8-03": 14.415799,
        "h-9-02": 0.008352,
        "h-8-01": 14.516463,
        "shuffle1": 14.880451,
        "h-14-01": 8.848625,
        "h-4-01": 3.987089,
        "04_spmv2": 5.152397,
        "h-5-02": 25.634728,
        "h-5-03": 25.526466,
        "04_spmv3": 3.115652,
        "shuffle0": 8.538437,
        "h-9-03": 0.004956,
        "h-2-02": 16.875664,
        "h-13-01": 2.161888,
        "h-2-03": 17.12679,
        "gameoflife-p61glidergun": 14.012778,
        "sort_search": 0.828154,
        "h-12-01": 4.8439879999999995,
        "h-2-01": 14.238999,
        "gameoflife-oscillator": 13.926239,
        "h-1-01": 45.314146,
        "h-11-01": 3.320515,
        "crypto-1": 2.628122,
        "03_sort2": 17.875529,
        "h-10-02": 0.421557,
        "fft1": 11.10883,
        "fft0": 5.03594,
        "gameoflife-gosper": 15.539444,
        "03_sort3": 0.157788,
        "h-10-01": 0.002975,
        "h-1-02": 4.052562,
        "03_sort1": 1.168507,
        "crypto-2": 2.170322,
        "fft2": 0.023118,
        "crypto-3": 2.83861,
        "h-1-03": 21.689036
    }
}