{
    "commit": "81aa8cb961092bbc6666f965eb6e62f542905f0a",
    "author": "Auto-generated",
    "timestamp": "2025-08-18T03:54:32Z",
    "message": "IR: Tighten runtime parallel threshold.",
    "results": {
        "01_mm2": 4.175486,
        "if-combine3": 5.969503,
        "h-7-01": 0.495398,
        "transpose2": 10.515108,
        "sl1": 3.8667569999999998,
        "if-combine2": 3.580287,
        "01_mm3": 3.069242,
        "matmul1": 4.240601,
        "matmul3": 4.2385909999999996,
        "01_mm1": 4.67349,
        "sl2": 1.354854,
        "transpose1": 5.718168,
        "sl3": 0.58509,
        "transpose0": 4.345447,
        "matmul2": 4.236856,
        "if-combine1": 0.011638,
        "h-8-02": 14.508717,
        "h-9-01": 0.005875,
        "04_spmv1": 8.373511,
        "h-5-01": 25.799893,
        "shuffle2": 0.099885,
        "h-4-02": 13.202669,
        "h-4-03": 24.433004,
        "h-8-03": 14.402515,
        "h-9-02": 0.008389,
        "h-8-01": 14.438774,
        "shuffle1": 15.282675,
        "h-14-01": 8.848065,
        "h-4-01": 3.981171,
        "04_spmv2": 5.164713,
        "h-5-02": 25.756108,
        "h-5-03": 26.028272,
        "04_spmv3": 3.114123,
        "shuffle0": 8.374483,
        "h-9-03": 0.004963,
        "h-2-02": 16.987225,
        "h-13-01": 2.1617319999999998,
        "h-2-03": 16.558653,
        "gameoflife-p61glidergun": 13.452525,
        "sort_search": 0.835658,
        "h-12-01": 4.860572,
        "h-2-01": 13.949605,
        "gameoflife-oscillator": 14.13113,
        "h-1-01": 47.161688,
        "h-11-01": 3.305359,
        "crypto-1": 2.605153,
        "03_sort2": 17.79724,
        "h-10-02": 0.418172,
        "fft1": 10.736878,
        "fft0": 4.998748,
        "gameoflife-gosper": 15.619424,
        "03_sort3": 0.157649,
        "h-10-01": 0.002967,
        "h-1-02": 4.057137,
        "03_sort1": 1.176429,
        "crypto-2": 2.204517,
        "fft2": 0.023085,
        "crypto-3": 2.867674,
        "h-1-03": 22.574749
    }
}