{
    "commit": "86f83cf76083de9ca005fe7b0b0f211ca3c0f8c9",
    "author": "Auto-generated",
    "timestamp": "2025-08-10T07:10:38Z",
    "message": "Range Analysis + Pre Canon",
    "results": {
        "01_mm2": 4.106014,
        "if-combine3": 5.9690069999999995,
        "h-7-01": 0.498263,
        "transpose2": 10.525211,
        "sl1": 4.016245,
        "if-combine2": 3.580669,
        "01_mm3": 3.152056,
        "matmul1": 4.3109,
        "matmul3": 4.263189,
        "01_mm1": 4.849627,
        "sl2": 1.344359,
        "transpose1": 5.733399,
        "sl3": 0.572777,
        "transpose0": 4.349149,
        "matmul2": 4.310911,
        "if-combine1": 0.01165,
        "h-8-02": 14.420513,
        "h-9-01": 0.005864,
        "04_spmv1": 8.279189,
        "h-5-01": 26.196456,
        "shuffle2": 0.099797,
        "h-4-02": 14.892633,
        "h-4-03": 27.539277,
        "h-8-03": 14.514136,
        "h-9-02": 0.008335,
        "h-8-01": 14.436319,
        "shuffle1": 14.487885,
        "h-14-01": 8.857024,
        "h-4-01": 4.489358,
        "04_spmv2": 5.159967,
        "h-5-02": 26.130051,
        "h-5-03": 25.737195,
        "04_spmv3": 2.990738,
        "shuffle0": 8.991242,
        "h-9-03": 0.004931,
        "h-2-02": 16.625311,
        "h-13-01": 2.171088,
        "h-2-03": 17.12482,
        "gameoflife-p61glidergun": 13.522963,
        "sort_search": 0.836402,
        "h-12-01": 4.86008,
        "h-2-01": 13.864482,
        "gameoflife-oscillator": 13.695823,
        "h-1-01": 42.803774,
        "h-11-01": 6.63712,
        "03_sort2": 42.483632,
        "h-10-02": 0.826297,
        "gameoflife-gosper": 15.405536,
        "03_sort3": 0.31302,
        "h-10-01": 0.005426,
        "h-1-02": 3.82551,
        "03_sort1": 1.884072,
        "h-1-03": 21.345238
    }
}