{
    "commit": "908a7fbc5838414cbd77302ca1e2e59867180259",
    "author": "Auto-generated",
    "timestamp": "2025-08-08T14:00:00Z",
    "message": "IR: Tighten Internalize Threshold on ARMv8.[skip ci]",
    "results": {
        "01_mm2": 4.32612,
        "if-combine3": 5.96668,
        "h-7-01": 0.495396,
        "transpose2": 10.511646,
        "sl1": 4.042409,
        "if-combine2": 3.5806050000000003,
        "01_mm3": 3.040646,
        "matmul1": 4.31255,
        "matmul3": 4.310277,
        "01_mm1": 5.028289,
        "sl2": 1.34969,
        "transpose1": 5.70761,
        "sl3": 0.572281,
        "transpose0": 4.357591,
        "matmul2": 4.310791,
        "if-combine1": 0.011645,
        "h-8-02": 14.409449,
        "h-9-01": 0.005881,
        "04_spmv1": 8.290633,
        "h-5-01": 25.780627,
        "shuffle2": 0.09971,
        "h-4-02": 14.892633,
        "h-4-03": 27.539277,
        "h-8-03": 14.433173,
        "h-9-02": 0.008396,
        "h-8-01": 14.60093,
        "shuffle1": 15.557399,
        "h-14-01": 8.897378,
        "h-4-01": 4.489358,
        "04_spmv2": 5.178771,
        "h-5-02": 25.836115,
        "h-5-03": 26.089256,
        "04_spmv3": 2.973197,
        "shuffle0": 8.512185,
        "h-9-03": 0.004962,
        "h-2-02": 20.092048,
        "h-13-01": 2.17325,
        "h-2-03": 22.512361,
        "gameoflife-p61glidergun": 13.762948,
        "sort_search": 0.826892,
        "h-12-01": 4.966976,
        "h-2-01": 18.203372,
        "gameoflife-oscillator": 13.92763,
        "h-1-01": 45.316415,
        "h-11-01": 6.644224,
        "crypto-1": 3.220592,
        "03_sort2": 33.145435,
        "h-10-02": 0.827657,
        "fft1": 11.223262,
        "fft0": 4.968357,
        "gameoflife-gosper": 15.328717,
        "03_sort3": 0.249985,
        "h-10-01": 0.00543,
        "h-1-02": 4.050764,
        "03_sort1": 1.553435,
        "crypto-2": 2.641065,
        "fft2": 0.023548,
        "crypto-3": 3.5014380000000003,
        "h-1-03": 21.684266
    }
}