{
    "commit": "97479dbeae7e8b93b336c1c6eb949d12f4495586",
    "author": "Auto-generated",
    "timestamp": "2025-08-12T06:32:31Z",
    "message": "SIR: Dependency Test in AffineAA using OmegaSolver.",
    "results": {
        "01_mm2": 4.257114,
        "if-combine3": 5.9690069999999995,
        "h-7-01": 0.498263,
        "transpose2": 10.52216,
        "sl1": 3.949332,
        "if-combine2": 3.580206,
        "01_mm3": 3.029957,
        "matmul1": 4.2593630000000005,
        "matmul3": 4.255892,
        "01_mm1": 4.62771,
        "sl2": 1.335007,
        "transpose1": 5.712987,
        "sl3": 0.575469,
        "transpose0": 4.504793,
        "matmul2": 4.257816,
        "if-combine1": 0.01165,
        "h-8-02": 14.42322,
        "h-9-01": 0.00585,
        "04_spmv1": 8.259946,
        "h-5-01": 25.761434,
        "shuffle2": 0.099508,
        "h-4-02": 14.892633,
        "h-4-03": 27.539277,
        "h-8-03": 14.393729,
        "h-9-02": 0.008287,
        "h-8-01": 14.428712,
        "shuffle1": 15.463252,
        "h-14-01": 8.842716,
        "h-4-01": 4.489358,
        "04_spmv2": 5.156284,
        "h-5-02": 25.344288,
        "h-5-03": 25.786429,
        "04_spmv3": 2.982634,
        "shuffle0": 8.974743,
        "h-9-03": 0.005,
        "h-2-02": 16.825458,
        "h-13-01": 2.16072,
        "h-2-03": 17.119726,
        "gameoflife-p61glidergun": 13.480487,
        "sort_search": 0.826321,
        "h-12-01": 4.855692,
        "h-2-01": 14.206088,
        "gameoflife-oscillator": 13.467152,
        "h-1-01": 45.322926,
        "h-11-01": 3.314426,
        "crypto-1": 2.6055289999999998,
        "03_sort2": 32.211126,
        "h-10-02": 0.421353,
        "fft1": 11.107022,
        "fft0": 4.999487,
        "gameoflife-gosper": 15.444528,
        "03_sort3": 0.243166,
        "h-10-01": 0.002985,
        "h-1-02": 4.053166,
        "03_sort1": 1.536045,
        "crypto-2": 2.139566,
        "fft2": 0.023173,
        "crypto-3": 2.863644,
        "h-1-03": 22.577431
    }
}