{
    "commit": "b6a4987b2e99341cfffb76bff66eb2d552501012",
    "author": "Auto-generated",
    "timestamp": "2025-08-08T14:27:15Z",
    "message": "IR: Enable Globalize on ARMv8.[skip ci]",
    "results": {
        "01_mm2": 4.292416,
        "if-combine3": 5.758597,
        "h-7-01": 0.495396,
        "transpose2": 10.502919,
        "sl1": 3.966276,
        "if-combine2": 3.45499,
        "01_mm3": 3.1609059999999998,
        "matmul1": 4.308395,
        "matmul3": 4.31084,
        "01_mm1": 4.839252,
        "sl2": 1.34206,
        "transpose1": 5.4195969999999996,
        "sl3": 0.587491,
        "transpose0": 4.498436,
        "matmul2": 4.310135,
        "if-combine1": 0.011652,
        "h-8-02": 14.445348,
        "h-9-01": 0.005799,
        "04_spmv1": 8.275079,
        "h-5-01": 25.731193,
        "shuffle2": 0.099978,
        "h-4-02": 14.892633,
        "h-4-03": 27.539277,
        "h-8-03": 14.58899,
        "h-9-02": 0.008337,
        "h-8-01": 14.640407,
        "shuffle1": 14.508589,
        "h-14-01": 8.890721,
        "h-4-01": 4.489358,
        "04_spmv2": 5.176404,
        "h-5-02": 25.329728,
        "h-5-03": 25.446021000000002,
        "04_spmv3": 2.977711,
        "shuffle0": 12.905852,
        "h-9-03": 0.005,
        "h-2-02": 16.59734,
        "h-13-01": 2.174402,
        "h-2-03": 16.510254,
        "gameoflife-p61glidergun": 13.75265,
        "sort_search": 0.819723,
        "h-12-01": 4.963649,
        "h-2-01": 13.888106,
        "gameoflife-oscillator": 13.520065,
        "h-1-01": 45.316415,
        "h-11-01": 6.647298,
        "crypto-1": 3.357918,
        "03_sort2": 33.096454,
        "h-10-02": 0.828791,
        "fft1": 11.010071,
        "fft0": 5.053217,
        "gameoflife-gosper": 15.795128,
        "03_sort3": 0.2495,
        "h-10-01": 0.005426,
        "h-1-02": 4.050764,
        "03_sort1": 1.552049,
        "crypto-2": 2.759884,
        "fft2": 0.023221,
        "crypto-3": 3.6401149999999998,
        "h-1-03": 21.684266
    }
}