{
    "commit": "bdeb8f2e5af7782a96b296d4581cf9b80dfedd80",
    "author": "Auto-generated",
    "timestamp": "2025-08-09T02:22:47Z",
    "message": "IR: Relax globalize threshold.[skip ci]",
    "results": {
        "01_mm2": 4.123868,
        "if-combine3": 5.97799,
        "h-7-01": 0.495396,
        "transpose2": 10.511545,
        "sl1": 4.031694,
        "if-combine2": 3.580321,
        "01_mm3": 3.031253,
        "matmul1": 4.310155,
        "matmul3": 4.26327,
        "01_mm1": 4.643597,
        "sl2": 1.362197,
        "transpose1": 5.424857,
        "sl3": 0.582021,
        "transpose0": 4.506315,
        "matmul2": 4.31093,
        "if-combine1": 0.01165,
        "h-8-02": 14.435294,
        "h-9-01": 0.005826,
        "04_spmv1": 8.2883,
        "h-5-01": 25.795688,
        "shuffle2": 0.099978,
        "h-4-02": 14.892633,
        "h-4-03": 27.539277,
        "h-8-03": 14.440797,
        "h-9-02": 0.008302,
        "h-8-01": 14.408674,
        "shuffle1": 15.045488,
        "h-14-01": 8.891415,
        "h-4-01": 4.489358,
        "04_spmv2": 5.157084,
        "h-5-02": 25.805053,
        "h-5-03": 25.533909,
        "04_spmv3": 2.971692,
        "shuffle0": 8.510989,
        "h-9-03": 0.004963,
        "h-2-02": 16.793243,
        "h-13-01": 2.1744149999999998,
        "h-2-03": 17.088947,
        "gameoflife-p61glidergun": 13.629722,
        "sort_search": 0.828225,
        "h-12-01": 4.966015,
        "h-2-01": 14.110474,
        "gameoflife-oscillator": 13.555744,
        "h-1-01": 45.316415,
        "h-11-01": 6.647513,
        "crypto-1": 3.254138,
        "03_sort2": 33.085827,
        "h-10-02": 0.828452,
        "fft1": 10.640091,
        "fft0": 5.06999,
        "gameoflife-gosper": 15.32733,
        "03_sort3": 0.248651,
        "h-10-01": 0.005489,
        "h-1-02": 3.893196,
        "03_sort1": 1.569107,
        "crypto-2": 2.662187,
        "fft2": 0.023432,
        "crypto-3": 3.528918,
        "h-1-03": 22.569295
    }
}