{
    "commit": "dc3d7d67dbc2086c8992070a8e07c627307aaf57",
    "author": "Auto-generated",
    "timestamp": "2025-08-08T12:00:00Z",
    "message": "Merge branch 'backendv3.0'",
    "results": {
        "01_mm2": 4.116637,
        "if-combine3": 5.966557,
        "h-7-01": 0.495396,
        "transpose2": 10.481195,
        "sl1": 4.081036,
        "if-combine2": 3.588036,
        "01_mm3": 3.04517,
        "matmul1": 4.311927,
        "matmul3": 4.330782,
        "01_mm1": 4.655896,
        "sl2": 1.389485,
        "transpose1": 5.690482,
        "sl3": 0.589684,
        "transpose0": 4.497378,
        "matmul2": 4.309236,
        "if-combine1": 0.011645,
        "h-8-02": 14.413384,
        "h-9-01": 0.005999,
        "04_spmv1": 8.984531,
        "h-5-01": 25.95529,
        "shuffle2": 0.100559,
        "h-4-02": 14.892633,
        "h-4-03": 27.539277,
        "h-8-03": 14.392496,
        "h-9-02": 0.008504,
        "h-8-01": 14.401734,
        "shuffle1": 14.63679,
        "h-14-01": 8.798042,
        "h-4-01": 4.489358,
        "04_spmv2": 5.494605,
        "h-5-02": 25.578043,
        "h-5-03": 25.98407,
        "04_spmv3": 3.658814,
        "shuffle0": 8.763528,
        "h-9-03": 0.005125,
        "h-2-02": 20.248556,
        "h-13-01": 2.15173,
        "h-2-03": 22.458863,
        "gameoflife-p61glidergun": 14.005483,
        "sort_search": 0.829511,
        "h-12-01": 4.930646,
        "h-2-01": 18.457121,
        "gameoflife-oscillator": 13.720046,
        "h-1-01": 45.316415,
        "h-11-01": 6.616368,
        "crypto-1": 3.307687,
        "03_sort2": 33.033861,
        "h-10-02": 0.815815,
        "fft1": 10.669548,
        "fft0": 5.0917580000000005,
        "gameoflife-gosper": 16.135061,
        "03_sort3": 0.254233,
        "h-10-01": 0.005488,
        "h-1-02": 4.050764,
        "03_sort1": 1.5448680000000001,
        "crypto-2": 2.631062,
        "fft2": 0.023293,
        "crypto-3": 3.573002,
        "h-1-03": 21.684266
    }
}