{
    "commit": "ec19ec1c2ca0cbea2f0543ec253b7591f40afec3",
    "author": "Auto-generated",
    "timestamp": "2025-08-09T03:23:44Z",
    "message": "MIR: Stack Align to 8?",
    "results": {
        "01_mm2": 4.12977,
        "if-combine3": 5.969845,
        "h-7-01": 0.495396,
        "transpose2": 10.524056999999999,
        "sl1": 4.061594,
        "if-combine2": 3.586435,
        "01_mm3": 3.169998,
        "matmul1": 4.30846,
        "matmul3": 4.309909,
        "01_mm1": 4.82527,
        "sl2": 1.349316,
        "transpose1": 5.707757,
        "sl3": 0.577555,
        "transpose0": 4.523657,
        "matmul2": 4.261417,
        "if-combine1": 0.01165,
        "h-8-02": 14.653806,
        "h-9-01": 0.005916,
        "04_spmv1": 8.306772,
        "h-5-01": 25.492715,
        "shuffle2": 0.100208,
        "h-4-02": 14.892633,
        "h-4-03": 27.539277,
        "h-8-03": 14.660921,
        "h-9-02": 0.008357,
        "h-8-01": 14.477502,
        "shuffle1": 15.22714,
        "h-14-01": 8.890866,
        "h-4-01": 4.489358,
        "04_spmv2": 5.2224450000000004,
        "h-5-02": 25.478391,
        "h-5-03": 26.209327,
        "04_spmv3": 2.971225,
        "shuffle0": 8.572797,
        "h-9-03": 0.004948,
        "h-2-02": 16.986303,
        "h-13-01": 2.174194,
        "h-2-03": 17.135528,
        "gameoflife-p61glidergun": 13.429622,
        "sort_search": 0.82373,
        "h-12-01": 4.971508,
        "h-2-01": 14.208899,
        "gameoflife-oscillator": 13.561957,
        "h-1-01": 47.169333,
        "h-11-01": 6.6197610000000005,
        "crypto-1": 3.260231,
        "03_sort2": 32.964704,
        "h-10-02": 0.827261,
        "fft1": 10.804433,
        "fft0": 5.051842,
        "gameoflife-gosper": 15.940376,
        "03_sort3": 0.246703,
        "h-10-01": 0.005438,
        "h-1-02": 4.05151,
        "03_sort1": 1.5614970000000001,
        "crypto-2": 2.665731,
        "fft2": 0.023273,
        "crypto-3": 3.509249,
        "h-1-03": 21.686782
    }
}