{
    "commit": "fe8e0d135d268d5c88c7b7890470eaa93230a659",
    "author": "Auto-generated",
    "timestamp": "2025-08-13T14:06:13Z",
    "message": "IR/SIR: Enable CSTRElim and LoopInterchange on pipeline.",
    "results": {
        "01_mm2": 4.298694,
        "if-combine3": 5.968326,
        "h-7-01": 0.498263,
        "transpose2": 10.496884,
        "sl1": 4.003629,
        "if-combine2": 3.580206,
        "01_mm3": 3.022631,
        "matmul1": 4.257364,
        "matmul3": 4.258737,
        "01_mm1": 4.802335,
        "sl2": 1.350129,
        "transpose1": 5.418467,
        "sl3": 0.568565,
        "transpose0": 4.496649,
        "matmul2": 4.257741,
        "if-combine1": 0.01165,
        "h-8-02": 14.368191,
        "h-9-01": 0.00583,
        "04_spmv1": 8.315887,
        "h-5-01": 25.824724,
        "shuffle2": 0.099795,
        "h-4-02": 14.892633,
        "h-4-03": 27.539277,
        "h-8-03": 14.603532,
        "h-9-02": 0.008317,
        "h-8-01": 14.583147,
        "shuffle1": 14.860659,
        "h-14-01": 8.850124,
        "h-4-01": 4.489358,
        "04_spmv2": 5.131408,
        "h-5-02": 25.642491,
        "h-5-03": 25.886653,
        "04_spmv3": 2.98245,
        "shuffle0": 8.727421,
        "h-9-03": 0.004979,
        "h-2-02": 16.780159,
        "h-13-01": 2.161606,
        "h-2-03": 17.083702,
        "gameoflife-p61glidergun": 14.041852,
        "sort_search": 0.821837,
        "h-12-01": 4.840639,
        "h-2-01": 14.242556,
        "gameoflife-oscillator": 14.287055,
        "h-1-01": 47.187455,
        "h-11-01": 3.310631,
        "crypto-1": 2.642595,
        "03_sort2": 32.502301,
        "h-10-02": 0.423083,
        "fft1": 10.74707,
        "fft0": 5.020959,
        "gameoflife-gosper": 15.513962,
        "03_sort3": 0.243202,
        "h-10-01": 0.003057,
        "h-1-02": 4.053166,
        "03_sort1": 1.542042,
        "crypto-2": 2.129881,
        "fft2": 0.022948,
        "crypto-3": 2.850839,
        "h-1-03": 21.682196
    }
}